{
"type": "FeatureCollection",
"name": "track_points",
"features": [
{ "type": "Feature", "properties": { "track_fid": 0, "track_seg_id": 0, "track_seg_point_id": 0, "ele": 229.9 }, "geometry": { "type": "Point", "coordinates": [ -80.82765, 35.49091 ] } },
{ "type": "Feature", "properties": { "track_fid": 0, "track_seg_id": 0, "track_seg_point_id": 1, "ele": 227.26 }, "geometry": { "type": "Point", "coordinates": [ -80.827455, 35.49012 ] } },
{ "type": "Feature", "properties": { "track_fid": 0, "track_seg_id": 0, "track_seg_point_id": 2, "ele": 230.63 }, "geometry": { "type": "Point", "coordinates": [ -80.82726, 35.48933 ] } },
{ "type": "Feature", "properties": { "track_fid": 0, "track_seg_id": 0, "track_seg_point_id": 3, "ele": 232.45 }, "geometry": { "type": "Point", "coordinates": [ -80.82728, 35.48922 ] } },
{ "type": "Feature", "properties": { "track_fid": 0, "track_seg_id": 0, "track_seg_point_id": 4, "ele": 232.45 }, "geometry": { "type": "Point", "coordinates": [ -80.82732, 35.48913 ] } },
{ "type": "Feature", "properties": { "track_fid": 0, "track_seg_id": 0, "track_seg_point_id": 5, "ele": 234.82 }, "geometry": { "type": "Point", "coordinates": [ -80.82749, 35.48889 ] } },
{ "type": "Feature", "properties": { "track_fid": 0, "track_seg_id": 0, "track_seg_point_id": 6, "ele": 234.5 }, "geometry": { "type": "Point", "coordinates": [ -80.82786, 35.48848 ] } },
{ "type": "Feature", "properties": { "track_fid": 0, "track_seg_id": 0, "track_seg_point_id": 7, "ele": 232.24 }, "geometry": { "type": "Point", "coordinates": [ -80.82812, 35.488 ] } },
{ "type": "Feature", "properties": { "track_fid": 0, "track_seg_id": 0, "track_seg_point_id": 8, "ele": 231.44 }, "geometry": { "type": "Point", "coordinates": [ -80.82813, 35.48782 ] } },
{ "type": "Feature", "properties": { "track_fid": 0, "track_seg_id": 0, "track_seg_point_id": 9, "ele": 230.47 }, "geometry": { "type": "Point", "coordinates": [ -80.82813, 35.48733 ] } },
{ "type": "Feature", "properties": { "track_fid": 0, "track_seg_id": 0, "track_seg_point_id": 10, "ele": 229.62 }, "geometry": { "type": "Point", "coordinates": [ -80.82817, 35.48713 ] } },
{ "type": "Feature", "properties": { "track_fid": 0, "track_seg_id": 0, "track_seg_point_id": 11, "ele": 228.61 }, "geometry": { "type": "Point", "coordinates": [ -80.82833, 35.486685 ] } },
{ "type": "Feature", "properties": { "track_fid": 0, "track_seg_id": 0, "track_seg_point_id": 12, "ele": 227.18 }, "geometry": { "type": "Point", "coordinates": [ -80.82849, 35.48624 ] } },
{ "type": "Feature", "properties": { "track_fid": 0, "track_seg_id": 0, "track_seg_point_id": 13, "ele": 224.56 }, "geometry": { "type": "Point", "coordinates": [ -80.82863, 35.48588 ] } },
{ "type": "Feature", "properties": { "track_fid": 0, "track_seg_id": 0, "track_seg_point_id": 14, "ele": 221.45 }, "geometry": { "type": "Point", "coordinates": [ -80.8288, 35.48537 ] } },
{ "type": "Feature", "properties": { "track_fid": 0, "track_seg_id": 0, "track_seg_point_id": 15, "ele": 217.78 }, "geometry": { "type": "Point", "coordinates": [ -80.82897, 35.48486 ] } },
{ "type": "Feature", "properties": { "track_fid": 0, "track_seg_id": 0, "track_seg_point_id": 16, "ele": 217.44 }, "geometry": { "type": "Point", "coordinates": [ -80.82911, 35.48488 ] } },
{ "type": "Feature", "properties": { "track_fid": 0, "track_seg_id": 0, "track_seg_point_id": 17, "ele": 216.64 }, "geometry": { "type": "Point", "coordinates": [ -80.82934, 35.48489 ] } },
{ "type": "Feature", "properties": { "track_fid": 0, "track_seg_id": 0, "track_seg_point_id": 18, "ele": 216.46 }, "geometry": { "type": "Point", "coordinates": [ -80.82946, 35.48487 ] } },
{ "type": "Feature", "properties": { "track_fid": 0, "track_seg_id": 0, "track_seg_point_id": 19, "ele": 216.34 }, "geometry": { "type": "Point", "coordinates": [ -80.82952, 35.48484 ] } },
{ "type": "Feature", "properties": { "track_fid": 0, "track_seg_id": 0, "track_seg_point_id": 20, "ele": 216.32 }, "geometry": { "type": "Point", "coordinates": [ -80.82974, 35.48467 ] } },
{ "type": "Feature", "properties": { "track_fid": 0, "track_seg_id": 0, "track_seg_point_id": 21, "ele": 216.49 }, "geometry": { "type": "Point", "coordinates": [ -80.82976, 35.48455 ] } },
{ "type": "Feature", "properties": { "track_fid": 0, "track_seg_id": 0, "track_seg_point_id": 22, "ele": 215.73 }, "geometry": { "type": "Point", "coordinates": [ -80.82944, 35.48445 ] } },
{ "type": "Feature", "properties": { "track_fid": 0, "track_seg_id": 0, "track_seg_point_id": 23, "ele": 214.77 }, "geometry": { "type": "Point", "coordinates": [ -80.82935, 35.48378 ] } },
{ "type": "Feature", "properties": { "track_fid": 0, "track_seg_id": 0, "track_seg_point_id": 24, "ele": 213.69 }, "geometry": { "type": "Point", "coordinates": [ -80.82934, 35.48319 ] } },
{ "type": "Feature", "properties": { "track_fid": 0, "track_seg_id": 0, "track_seg_point_id": 25, "ele": 213.47 }, "geometry": { "type": "Point", "coordinates": [ -80.82916, 35.48287 ] } },
{ "type": "Feature", "properties": { "track_fid": 0, "track_seg_id": 0, "track_seg_point_id": 26, "ele": 213.4 }, "geometry": { "type": "Point", "coordinates": [ -80.82915, 35.48273 ] } },
{ "type": "Feature", "properties": { "track_fid": 0, "track_seg_id": 0, "track_seg_point_id": 27, "ele": 213.02 }, "geometry": { "type": "Point", "coordinates": [ -80.82921, 35.48226 ] } },
{ "type": "Feature", "properties": { "track_fid": 0, "track_seg_id": 0, "track_seg_point_id": 28, "ele": 212.98 }, "geometry": { "type": "Point", "coordinates": [ -80.82918, 35.4821 ] } },
{ "type": "Feature", "properties": { "track_fid": 0, "track_seg_id": 0, "track_seg_point_id": 29, "ele": 212.86 }, "geometry": { "type": "Point", "coordinates": [ -80.82911, 35.48184 ] } },
{ "type": "Feature", "properties": { "track_fid": 0, "track_seg_id": 0, "track_seg_point_id": 30, "ele": 212.75 }, "geometry": { "type": "Point", "coordinates": [ -80.82881, 35.48119 ] } },
{ "type": "Feature", "properties": { "track_fid": 0, "track_seg_id": 0, "track_seg_point_id": 31, "ele": 212.19 }, "geometry": { "type": "Point", "coordinates": [ -80.82857, 35.48074 ] } },
{ "type": "Feature", "properties": { "track_fid": 0, "track_seg_id": 0, "track_seg_point_id": 32, "ele": 212.19 }, "geometry": { "type": "Point", "coordinates": [ -80.82848, 35.48054 ] } },
{ "type": "Feature", "properties": { "track_fid": 0, "track_seg_id": 0, "track_seg_point_id": 33, "ele": 212.35 }, "geometry": { "type": "Point", "coordinates": [ -80.82822, 35.48024 ] } },
{ "type": "Feature", "properties": { "track_fid": 0, "track_seg_id": 0, "track_seg_point_id": 34, "ele": 212.47 }, "geometry": { "type": "Point", "coordinates": [ -80.82812, 35.48022 ] } },
{ "type": "Feature", "properties": { "track_fid": 0, "track_seg_id": 0, "track_seg_point_id": 35, "ele": 212.57 }, "geometry": { "type": "Point", "coordinates": [ -80.82799, 35.48017 ] } },
{ "type": "Feature", "properties": { "track_fid": 0, "track_seg_id": 0, "track_seg_point_id": 36, "ele": 213.15 }, "geometry": { "type": "Point", "coordinates": [ -80.82786, 35.48005 ] } },
{ "type": "Feature", "properties": { "track_fid": 0, "track_seg_id": 0, "track_seg_point_id": 37, "ele": 213.14 }, "geometry": { "type": "Point", "coordinates": [ -80.82777, 35.47993 ] } },
{ "type": "Feature", "properties": { "track_fid": 0, "track_seg_id": 0, "track_seg_point_id": 38, "ele": 211.27 }, "geometry": { "type": "Point", "coordinates": [ -80.8276, 35.47957 ] } },
{ "type": "Feature", "properties": { "track_fid": 0, "track_seg_id": 0, "track_seg_point_id": 39, "ele": 210.59 }, "geometry": { "type": "Point", "coordinates": [ -80.82758, 35.47933 ] } },
{ "type": "Feature", "properties": { "track_fid": 0, "track_seg_id": 0, "track_seg_point_id": 40, "ele": 210.45 }, "geometry": { "type": "Point", "coordinates": [ -80.82746, 35.479 ] } },
{ "type": "Feature", "properties": { "track_fid": 0, "track_seg_id": 0, "track_seg_point_id": 41, "ele": 210.81 }, "geometry": { "type": "Point", "coordinates": [ -80.82737, 35.47842 ] } },
{ "type": "Feature", "properties": { "track_fid": 0, "track_seg_id": 0, "track_seg_point_id": 42, "ele": 209.84 }, "geometry": { "type": "Point", "coordinates": [ -80.82732, 35.47831 ] } },
{ "type": "Feature", "properties": { "track_fid": 0, "track_seg_id": 0, "track_seg_point_id": 43, "ele": 209.84 }, "geometry": { "type": "Point", "coordinates": [ -80.82728, 35.47826 ] } },
{ "type": "Feature", "properties": { "track_fid": 0, "track_seg_id": 0, "track_seg_point_id": 44, "ele": 208.69 }, "geometry": { "type": "Point", "coordinates": [ -80.82647, 35.47806 ] } },
{ "type": "Feature", "properties": { "track_fid": 0, "track_seg_id": 0, "track_seg_point_id": 45, "ele": 208.62 }, "geometry": { "type": "Point", "coordinates": [ -80.8262, 35.47787 ] } },
{ "type": "Feature", "properties": { "track_fid": 0, "track_seg_id": 0, "track_seg_point_id": 46, "ele": 208.52 }, "geometry": { "type": "Point", "coordinates": [ -80.82576, 35.47741 ] } },
{ "type": "Feature", "properties": { "track_fid": 0, "track_seg_id": 0, "track_seg_point_id": 47, "ele": 208.29 }, "geometry": { "type": "Point", "coordinates": [ -80.82546, 35.47716 ] } },
{ "type": "Feature", "properties": { "track_fid": 0, "track_seg_id": 0, "track_seg_point_id": 48, "ele": 208.1 }, "geometry": { "type": "Point", "coordinates": [ -80.82482, 35.47654 ] } },
{ "type": "Feature", "properties": { "track_fid": 0, "track_seg_id": 0, "track_seg_point_id": 49, "ele": 207.91 }, "geometry": { "type": "Point", "coordinates": [ -80.8246, 35.47629 ] } },
{ "type": "Feature", "properties": { "track_fid": 0, "track_seg_id": 0, "track_seg_point_id": 50, "ele": 207.81 }, "geometry": { "type": "Point", "coordinates": [ -80.82436, 35.47608 ] } },
{ "type": "Feature", "properties": { "track_fid": 0, "track_seg_id": 0, "track_seg_point_id": 51, "ele": 208.02 }, "geometry": { "type": "Point", "coordinates": [ -80.82367, 35.47563 ] } },
{ "type": "Feature", "properties": { "track_fid": 0, "track_seg_id": 0, "track_seg_point_id": 52, "ele": 207.48 }, "geometry": { "type": "Point", "coordinates": [ -80.82356, 35.47538 ] } },
{ "type": "Feature", "properties": { "track_fid": 0, "track_seg_id": 0, "track_seg_point_id": 53, "ele": 207.26 }, "geometry": { "type": "Point", "coordinates": [ -80.82347, 35.47526 ] } },
{ "type": "Feature", "properties": { "track_fid": 0, "track_seg_id": 0, "track_seg_point_id": 54, "ele": 207.01 }, "geometry": { "type": "Point", "coordinates": [ -80.82325, 35.47506 ] } },
{ "type": "Feature", "properties": { "track_fid": 0, "track_seg_id": 0, "track_seg_point_id": 55, "ele": 206.92 }, "geometry": { "type": "Point", "coordinates": [ -80.82303, 35.47492 ] } },
{ "type": "Feature", "properties": { "track_fid": 0, "track_seg_id": 0, "track_seg_point_id": 56, "ele": 206.88 }, "geometry": { "type": "Point", "coordinates": [ -80.82289, 35.47471 ] } },
{ "type": "Feature", "properties": { "track_fid": 0, "track_seg_id": 0, "track_seg_point_id": 57, "ele": 206.73 }, "geometry": { "type": "Point", "coordinates": [ -80.82244, 35.47433 ] } },
{ "type": "Feature", "properties": { "track_fid": 0, "track_seg_id": 0, "track_seg_point_id": 58, "ele": 206.83 }, "geometry": { "type": "Point", "coordinates": [ -80.82222, 35.47419 ] } },
{ "type": "Feature", "properties": { "track_fid": 0, "track_seg_id": 0, "track_seg_point_id": 59, "ele": 206.88 }, "geometry": { "type": "Point", "coordinates": [ -80.82213, 35.47408 ] } },
{ "type": "Feature", "properties": { "track_fid": 0, "track_seg_id": 0, "track_seg_point_id": 60, "ele": 207.13 }, "geometry": { "type": "Point", "coordinates": [ -80.82208, 35.47396 ] } },
{ "type": "Feature", "properties": { "track_fid": 0, "track_seg_id": 0, "track_seg_point_id": 61, "ele": 207.25 }, "geometry": { "type": "Point", "coordinates": [ -80.82198, 35.47389 ] } },
{ "type": "Feature", "properties": { "track_fid": 0, "track_seg_id": 0, "track_seg_point_id": 62, "ele": 207.25 }, "geometry": { "type": "Point", "coordinates": [ -80.82208, 35.47381 ] } },
{ "type": "Feature", "properties": { "track_fid": 0, "track_seg_id": 0, "track_seg_point_id": 63, "ele": 207.27 }, "geometry": { "type": "Point", "coordinates": [ -80.82219, 35.47367 ] } },
{ "type": "Feature", "properties": { "track_fid": 0, "track_seg_id": 0, "track_seg_point_id": 64, "ele": 206.42 }, "geometry": { "type": "Point", "coordinates": [ -80.822475, 35.473265 ] } },
{ "type": "Feature", "properties": { "track_fid": 0, "track_seg_id": 0, "track_seg_point_id": 65, "ele": 206.5 }, "geometry": { "type": "Point", "coordinates": [ -80.82276, 35.47286 ] } },
{ "type": "Feature", "properties": { "track_fid": 0, "track_seg_id": 0, "track_seg_point_id": 66, "ele": 206.24 }, "geometry": { "type": "Point", "coordinates": [ -80.8228, 35.47268 ] } },
{ "type": "Feature", "properties": { "track_fid": 0, "track_seg_id": 0, "track_seg_point_id": 67, "ele": 206.24 }, "geometry": { "type": "Point", "coordinates": [ -80.82276, 35.47258 ] } },
{ "type": "Feature", "properties": { "track_fid": 0, "track_seg_id": 0, "track_seg_point_id": 68, "ele": 206.24 }, "geometry": { "type": "Point", "coordinates": [ -80.82271, 35.47253 ] } },
{ "type": "Feature", "properties": { "track_fid": 0, "track_seg_id": 0, "track_seg_point_id": 69, "ele": 206.07 }, "geometry": { "type": "Point", "coordinates": [ -80.82244, 35.47238 ] } },
{ "type": "Feature", "properties": { "track_fid": 0, "track_seg_id": 0, "track_seg_point_id": 70, "ele": 206.06 }, "geometry": { "type": "Point", "coordinates": [ -80.82235, 35.47232 ] } },
{ "type": "Feature", "properties": { "track_fid": 0, "track_seg_id": 0, "track_seg_point_id": 71, "ele": 206.1 }, "geometry": { "type": "Point", "coordinates": [ -80.82231, 35.47226 ] } },
{ "type": "Feature", "properties": { "track_fid": 0, "track_seg_id": 0, "track_seg_point_id": 72, "ele": 206.19 }, "geometry": { "type": "Point", "coordinates": [ -80.82227, 35.47213 ] } },
{ "type": "Feature", "properties": { "track_fid": 0, "track_seg_id": 0, "track_seg_point_id": 73, "ele": 206.38 }, "geometry": { "type": "Point", "coordinates": [ -80.82231, 35.47202 ] } },
{ "type": "Feature", "properties": { "track_fid": 0, "track_seg_id": 0, "track_seg_point_id": 74, "ele": 207.32 }, "geometry": { "type": "Point", "coordinates": [ -80.82262, 35.47166 ] } },
{ "type": "Feature", "properties": { "track_fid": 0, "track_seg_id": 0, "track_seg_point_id": 75, "ele": 208.32 }, "geometry": { "type": "Point", "coordinates": [ -80.82285, 35.47123 ] } },
{ "type": "Feature", "properties": { "track_fid": 0, "track_seg_id": 0, "track_seg_point_id": 76, "ele": 208.42 }, "geometry": { "type": "Point", "coordinates": [ -80.82285, 35.4711 ] } },
{ "type": "Feature", "properties": { "track_fid": 0, "track_seg_id": 0, "track_seg_point_id": 77, "ele": 208.73 }, "geometry": { "type": "Point", "coordinates": [ -80.82267, 35.47095 ] } },
{ "type": "Feature", "properties": { "track_fid": 0, "track_seg_id": 0, "track_seg_point_id": 78, "ele": 210.13 }, "geometry": { "type": "Point", "coordinates": [ -80.82262, 35.47041 ] } },
{ "type": "Feature", "properties": { "track_fid": 0, "track_seg_id": 0, "track_seg_point_id": 79, "ele": 209.65 }, "geometry": { "type": "Point", "coordinates": [ -80.82261, 35.46987 ] } },
{ "type": "Feature", "properties": { "track_fid": 0, "track_seg_id": 0, "track_seg_point_id": 80, "ele": 209.67 }, "geometry": { "type": "Point", "coordinates": [ -80.8227, 35.4697 ] } },
{ "type": "Feature", "properties": { "track_fid": 0, "track_seg_id": 0, "track_seg_point_id": 81, "ele": 210.2 }, "geometry": { "type": "Point", "coordinates": [ -80.82307, 35.46919 ] } },
{ "type": "Feature", "properties": { "track_fid": 0, "track_seg_id": 0, "track_seg_point_id": 82, "ele": 210.63 }, "geometry": { "type": "Point", "coordinates": [ -80.82365, 35.4685 ] } },
{ "type": "Feature", "properties": { "track_fid": 0, "track_seg_id": 0, "track_seg_point_id": 83, "ele": 210.79 }, "geometry": { "type": "Point", "coordinates": [ -80.82382, 35.46836 ] } },
{ "type": "Feature", "properties": { "track_fid": 0, "track_seg_id": 0, "track_seg_point_id": 84, "ele": 211.06 }, "geometry": { "type": "Point", "coordinates": [ -80.82405, 35.46821 ] } },
{ "type": "Feature", "properties": { "track_fid": 0, "track_seg_id": 0, "track_seg_point_id": 85, "ele": 212.00000000000003 }, "geometry": { "type": "Point", "coordinates": [ -80.82432, 35.46786 ] } },
{ "type": "Feature", "properties": { "track_fid": 0, "track_seg_id": 0, "track_seg_point_id": 86, "ele": 212.00000000000003 }, "geometry": { "type": "Point", "coordinates": [ -80.82441, 35.4678 ] } },
{ "type": "Feature", "properties": { "track_fid": 0, "track_seg_id": 0, "track_seg_point_id": 87, "ele": 212.65 }, "geometry": { "type": "Point", "coordinates": [ -80.82455, 35.46778 ] } },
{ "type": "Feature", "properties": { "track_fid": 0, "track_seg_id": 0, "track_seg_point_id": 88, "ele": 214.16 }, "geometry": { "type": "Point", "coordinates": [ -80.82509, 35.46805 ] } },
{ "type": "Feature", "properties": { "track_fid": 0, "track_seg_id": 0, "track_seg_point_id": 89, "ele": 214.7 }, "geometry": { "type": "Point", "coordinates": [ -80.82518, 35.46804 ] } },
{ "type": "Feature", "properties": { "track_fid": 0, "track_seg_id": 0, "track_seg_point_id": 90, "ele": 215.04 }, "geometry": { "type": "Point", "coordinates": [ -80.82535, 35.46783 ] } },
{ "type": "Feature", "properties": { "track_fid": 0, "track_seg_id": 0, "track_seg_point_id": 91, "ele": 216.02 }, "geometry": { "type": "Point", "coordinates": [ -80.82556, 35.46795 ] } },
{ "type": "Feature", "properties": { "track_fid": 0, "track_seg_id": 0, "track_seg_point_id": 92, "ele": 216.15 }, "geometry": { "type": "Point", "coordinates": [ -80.82559, 35.46795 ] } },
{ "type": "Feature", "properties": { "track_fid": 0, "track_seg_id": 0, "track_seg_point_id": 93, "ele": 216.36 }, "geometry": { "type": "Point", "coordinates": [ -80.82565, 35.4678 ] } },
{ "type": "Feature", "properties": { "track_fid": 0, "track_seg_id": 0, "track_seg_point_id": 94, "ele": 217.39 }, "geometry": { "type": "Point", "coordinates": [ -80.82576, 35.46786 ] } },
{ "type": "Feature", "properties": { "track_fid": 0, "track_seg_id": 0, "track_seg_point_id": 95, "ele": 218.33 }, "geometry": { "type": "Point", "coordinates": [ -80.82607, 35.46755 ] } },
{ "type": "Feature", "properties": { "track_fid": 0, "track_seg_id": 0, "track_seg_point_id": 96, "ele": 218.33 }, "geometry": { "type": "Point", "coordinates": [ -80.8262, 35.46747 ] } },
{ "type": "Feature", "properties": { "track_fid": 0, "track_seg_id": 0, "track_seg_point_id": 97, "ele": 218.33 }, "geometry": { "type": "Point", "coordinates": [ -80.82639, 35.46739 ] } },
{ "type": "Feature", "properties": { "track_fid": 0, "track_seg_id": 0, "track_seg_point_id": 98, "ele": 217.86 }, "geometry": { "type": "Point", "coordinates": [ -80.82631, 35.46725 ] } },
{ "type": "Feature", "properties": { "track_fid": 0, "track_seg_id": 0, "track_seg_point_id": 99, "ele": 218.86 }, "geometry": { "type": "Point", "coordinates": [ -80.82647, 35.46721 ] } },
{ "type": "Feature", "properties": { "track_fid": 0, "track_seg_id": 0, "track_seg_point_id": 100, "ele": 219.85 }, "geometry": { "type": "Point", "coordinates": [ -80.8267, 35.46717 ] } },
{ "type": "Feature", "properties": { "track_fid": 0, "track_seg_id": 0, "track_seg_point_id": 101, "ele": 218.56 }, "geometry": { "type": "Point", "coordinates": [ -80.82663, 35.46669 ] } },
{ "type": "Feature", "properties": { "track_fid": 0, "track_seg_id": 0, "track_seg_point_id": 102, "ele": 221.8 }, "geometry": { "type": "Point", "coordinates": [ -80.82773, 35.46669 ] } },
{ "type": "Feature", "properties": { "track_fid": 0, "track_seg_id": 0, "track_seg_point_id": 103, "ele": 222.95 }, "geometry": { "type": "Point", "coordinates": [ -80.82795, 35.46673 ] } },
{ "type": "Feature", "properties": { "track_fid": 0, "track_seg_id": 0, "track_seg_point_id": 104, "ele": 224.33 }, "geometry": { "type": "Point", "coordinates": [ -80.82857, 35.467065 ] } },
{ "type": "Feature", "properties": { "track_fid": 0, "track_seg_id": 0, "track_seg_point_id": 105, "ele": 224.27 }, "geometry": { "type": "Point", "coordinates": [ -80.82919, 35.4674 ] } },
{ "type": "Feature", "properties": { "track_fid": 0, "track_seg_id": 0, "track_seg_point_id": 106, "ele": 224.27 }, "geometry": { "type": "Point", "coordinates": [ -80.82926, 35.46743 ] } },
{ "type": "Feature", "properties": { "track_fid": 0, "track_seg_id": 0, "track_seg_point_id": 107, "ele": 224.29 }, "geometry": { "type": "Point", "coordinates": [ -80.82933, 35.46743 ] } },
{ "type": "Feature", "properties": { "track_fid": 0, "track_seg_id": 0, "track_seg_point_id": 108, "ele": 224.29 }, "geometry": { "type": "Point", "coordinates": [ -80.82938, 35.46754 ] } },
{ "type": "Feature", "properties": { "track_fid": 0, "track_seg_id": 0, "track_seg_point_id": 109, "ele": 224.29 }, "geometry": { "type": "Point", "coordinates": [ -80.82943, 35.46756 ] } },
{ "type": "Feature", "properties": { "track_fid": 0, "track_seg_id": 0, "track_seg_point_id": 110, "ele": 224.57 }, "geometry": { "type": "Point", "coordinates": [ -80.82971, 35.4675 ] } },
{ "type": "Feature", "properties": { "track_fid": 0, "track_seg_id": 0, "track_seg_point_id": 111, "ele": 224.72 }, "geometry": { "type": "Point", "coordinates": [ -80.8304333, 35.4672733 ] } },
{ "type": "Feature", "properties": { "track_fid": 0, "track_seg_id": 0, "track_seg_point_id": 112, "ele": 225.78 }, "geometry": { "type": "Point", "coordinates": [ -80.8311567, 35.4670467 ] } },
{ "type": "Feature", "properties": { "track_fid": 0, "track_seg_id": 0, "track_seg_point_id": 113, "ele": 228.84 }, "geometry": { "type": "Point", "coordinates": [ -80.83188, 35.46682 ] } },
{ "type": "Feature", "properties": { "track_fid": 0, "track_seg_id": 0, "track_seg_point_id": 114, "ele": 229.09 }, "geometry": { "type": "Point", "coordinates": [ -80.83211, 35.46679 ] } },
{ "type": "Feature", "properties": { "track_fid": 0, "track_seg_id": 0, "track_seg_point_id": 115, "ele": 228.99 }, "geometry": { "type": "Point", "coordinates": [ -80.83228, 35.46681 ] } },
{ "type": "Feature", "properties": { "track_fid": 0, "track_seg_id": 0, "track_seg_point_id": 116, "ele": 227.98 }, "geometry": { "type": "Point", "coordinates": [ -80.83323, 35.46712 ] } },
{ "type": "Feature", "properties": { "track_fid": 0, "track_seg_id": 0, "track_seg_point_id": 117, "ele": 228.68 }, "geometry": { "type": "Point", "coordinates": [ -80.83337, 35.46714 ] } },
{ "type": "Feature", "properties": { "track_fid": 0, "track_seg_id": 0, "track_seg_point_id": 118, "ele": 229.47 }, "geometry": { "type": "Point", "coordinates": [ -80.83381, 35.46712 ] } },
{ "type": "Feature", "properties": { "track_fid": 0, "track_seg_id": 0, "track_seg_point_id": 119, "ele": 232.31 }, "geometry": { "type": "Point", "coordinates": [ -80.833895, 35.46769 ] } },
{ "type": "Feature", "properties": { "track_fid": 0, "track_seg_id": 0, "track_seg_point_id": 120, "ele": 237.32 }, "geometry": { "type": "Point", "coordinates": [ -80.83398, 35.46826 ] } },
{ "type": "Feature", "properties": { "track_fid": 0, "track_seg_id": 0, "track_seg_point_id": 121, "ele": 239.84 }, "geometry": { "type": "Point", "coordinates": [ -80.83401, 35.46871 ] } },
{ "type": "Feature", "properties": { "track_fid": 0, "track_seg_id": 0, "track_seg_point_id": 122, "ele": 241.16 }, "geometry": { "type": "Point", "coordinates": [ -80.83404, 35.46916 ] } },
{ "type": "Feature", "properties": { "track_fid": 0, "track_seg_id": 0, "track_seg_point_id": 123, "ele": 241.75 }, "geometry": { "type": "Point", "coordinates": [ -80.8342, 35.46915 ] } },
{ "type": "Feature", "properties": { "track_fid": 0, "track_seg_id": 0, "track_seg_point_id": 124, "ele": 238.83 }, "geometry": { "type": "Point", "coordinates": [ -80.8341067, 35.4684467 ] } },
{ "type": "Feature", "properties": { "track_fid": 0, "track_seg_id": 0, "track_seg_point_id": 125, "ele": 232.64 }, "geometry": { "type": "Point", "coordinates": [ -80.8340133, 35.4677433 ] } },
{ "type": "Feature", "properties": { "track_fid": 0, "track_seg_id": 0, "track_seg_point_id": 126, "ele": 229.49 }, "geometry": { "type": "Point", "coordinates": [ -80.83392, 35.46704 ] } },
{ "type": "Feature", "properties": { "track_fid": 0, "track_seg_id": 0, "track_seg_point_id": 127, "ele": 229.47 }, "geometry": { "type": "Point", "coordinates": [ -80.8338, 35.46705 ] } },
{ "type": "Feature", "properties": { "track_fid": 0, "track_seg_id": 0, "track_seg_point_id": 128, "ele": 231.73 }, "geometry": { "type": "Point", "coordinates": [ -80.83389, 35.467655 ] } },
{ "type": "Feature", "properties": { "track_fid": 0, "track_seg_id": 0, "track_seg_point_id": 129, "ele": 237.32 }, "geometry": { "type": "Point", "coordinates": [ -80.83398, 35.46826 ] } },
{ "type": "Feature", "properties": { "track_fid": 0, "track_seg_id": 0, "track_seg_point_id": 130, "ele": 239.84 }, "geometry": { "type": "Point", "coordinates": [ -80.83401, 35.46871 ] } },
{ "type": "Feature", "properties": { "track_fid": 0, "track_seg_id": 0, "track_seg_point_id": 131, "ele": 241.16 }, "geometry": { "type": "Point", "coordinates": [ -80.83404, 35.46916 ] } },
{ "type": "Feature", "properties": { "track_fid": 0, "track_seg_id": 0, "track_seg_point_id": 132, "ele": 241.92 }, "geometry": { "type": "Point", "coordinates": [ -80.8343, 35.46914 ] } },
{ "type": "Feature", "properties": { "track_fid": 0, "track_seg_id": 0, "track_seg_point_id": 133, "ele": 242.6 }, "geometry": { "type": "Point", "coordinates": [ -80.83435, 35.46912 ] } },
{ "type": "Feature", "properties": { "track_fid": 0, "track_seg_id": 0, "track_seg_point_id": 134, "ele": 245.39 }, "geometry": { "type": "Point", "coordinates": [ -80.834955, 35.46907 ] } },
{ "type": "Feature", "properties": { "track_fid": 0, "track_seg_id": 0, "track_seg_point_id": 135, "ele": 246.74 }, "geometry": { "type": "Point", "coordinates": [ -80.83556, 35.46902 ] } },
{ "type": "Feature", "properties": { "track_fid": 0, "track_seg_id": 0, "track_seg_point_id": 136, "ele": 247.46 }, "geometry": { "type": "Point", "coordinates": [ -80.83659, 35.46879 ] } },
{ "type": "Feature", "properties": { "track_fid": 0, "track_seg_id": 0, "track_seg_point_id": 137, "ele": 247.52 }, "geometry": { "type": "Point", "coordinates": [ -80.8372, 35.46857 ] } },
{ "type": "Feature", "properties": { "track_fid": 0, "track_seg_id": 0, "track_seg_point_id": 138, "ele": 246.46 }, "geometry": { "type": "Point", "coordinates": [ -80.83781, 35.46835 ] } },
{ "type": "Feature", "properties": { "track_fid": 0, "track_seg_id": 0, "track_seg_point_id": 139, "ele": 246.3 }, "geometry": { "type": "Point", "coordinates": [ -80.83796, 35.46827 ] } },
{ "type": "Feature", "properties": { "track_fid": 0, "track_seg_id": 0, "track_seg_point_id": 140, "ele": 245.65 }, "geometry": { "type": "Point", "coordinates": [ -80.838525, 35.468065 ] } },
{ "type": "Feature", "properties": { "track_fid": 0, "track_seg_id": 0, "track_seg_point_id": 141, "ele": 244.82 }, "geometry": { "type": "Point", "coordinates": [ -80.83909, 35.46786 ] } },
{ "type": "Feature", "properties": { "track_fid": 0, "track_seg_id": 0, "track_seg_point_id": 142, "ele": 244.4 }, "geometry": { "type": "Point", "coordinates": [ -80.8398867, 35.4676067 ] } },
{ "type": "Feature", "properties": { "track_fid": 0, "track_seg_id": 0, "track_seg_point_id": 143, "ele": 243.11 }, "geometry": { "type": "Point", "coordinates": [ -80.8406833, 35.4673533 ] } },
{ "type": "Feature", "properties": { "track_fid": 0, "track_seg_id": 0, "track_seg_point_id": 144, "ele": 242.87 }, "geometry": { "type": "Point", "coordinates": [ -80.84148, 35.4671 ] } },
{ "type": "Feature", "properties": { "track_fid": 0, "track_seg_id": 0, "track_seg_point_id": 145, "ele": 243.27 }, "geometry": { "type": "Point", "coordinates": [ -80.84173, 35.46699 ] } },
{ "type": "Feature", "properties": { "track_fid": 0, "track_seg_id": 0, "track_seg_point_id": 146, "ele": 243.27 }, "geometry": { "type": "Point", "coordinates": [ -80.84182, 35.46692 ] } },
{ "type": "Feature", "properties": { "track_fid": 0, "track_seg_id": 0, "track_seg_point_id": 147, "ele": 244.19 }, "geometry": { "type": "Point", "coordinates": [ -80.842335, 35.466715 ] } },
{ "type": "Feature", "properties": { "track_fid": 0, "track_seg_id": 0, "track_seg_point_id": 148, "ele": 245.17 }, "geometry": { "type": "Point", "coordinates": [ -80.84285, 35.46651 ] } },
{ "type": "Feature", "properties": { "track_fid": 0, "track_seg_id": 0, "track_seg_point_id": 149, "ele": 245.46 }, "geometry": { "type": "Point", "coordinates": [ -80.8429, 35.46645 ] } },
{ "type": "Feature", "properties": { "track_fid": 0, "track_seg_id": 0, "track_seg_point_id": 150, "ele": 245.48 }, "geometry": { "type": "Point", "coordinates": [ -80.84301, 35.46645 ] } },
{ "type": "Feature", "properties": { "track_fid": 0, "track_seg_id": 0, "track_seg_point_id": 151, "ele": 245.13 }, "geometry": { "type": "Point", "coordinates": [ -80.843, 35.46633 ] } },
{ "type": "Feature", "properties": { "track_fid": 0, "track_seg_id": 0, "track_seg_point_id": 152, "ele": 245.12 }, "geometry": { "type": "Point", "coordinates": [ -80.84304, 35.46618 ] } },
{ "type": "Feature", "properties": { "track_fid": 0, "track_seg_id": 0, "track_seg_point_id": 153, "ele": 245.42 }, "geometry": { "type": "Point", "coordinates": [ -80.84317, 35.46597 ] } },
{ "type": "Feature", "properties": { "track_fid": 0, "track_seg_id": 0, "track_seg_point_id": 154, "ele": 245.38 }, "geometry": { "type": "Point", "coordinates": [ -80.84321, 35.46584 ] } },
{ "type": "Feature", "properties": { "track_fid": 0, "track_seg_id": 0, "track_seg_point_id": 155, "ele": 244.68 }, "geometry": { "type": "Point", "coordinates": [ -80.843235, 35.465215 ] } },
{ "type": "Feature", "properties": { "track_fid": 0, "track_seg_id": 0, "track_seg_point_id": 156, "ele": 243.99 }, "geometry": { "type": "Point", "coordinates": [ -80.84326, 35.46459 ] } },
{ "type": "Feature", "properties": { "track_fid": 0, "track_seg_id": 0, "track_seg_point_id": 157, "ele": 244.11 }, "geometry": { "type": "Point", "coordinates": [ -80.84331, 35.46449 ] } },
{ "type": "Feature", "properties": { "track_fid": 0, "track_seg_id": 0, "track_seg_point_id": 158, "ele": 244.11 }, "geometry": { "type": "Point", "coordinates": [ -80.84335, 35.46442 ] } },
{ "type": "Feature", "properties": { "track_fid": 0, "track_seg_id": 0, "track_seg_point_id": 159, "ele": 245.00000000000003 }, "geometry": { "type": "Point", "coordinates": [ -80.84348, 35.46434 ] } },
{ "type": "Feature", "properties": { "track_fid": 0, "track_seg_id": 0, "track_seg_point_id": 160, "ele": 245.12 }, "geometry": { "type": "Point", "coordinates": [ -80.84402, 35.46415 ] } },
{ "type": "Feature", "properties": { "track_fid": 0, "track_seg_id": 0, "track_seg_point_id": 161, "ele": 246.46 }, "geometry": { "type": "Point", "coordinates": [ -80.84456, 35.46396 ] } },
{ "type": "Feature", "properties": { "track_fid": 0, "track_seg_id": 0, "track_seg_point_id": 162, "ele": 246.46 }, "geometry": { "type": "Point", "coordinates": [ -80.84464, 35.46392 ] } },
{ "type": "Feature", "properties": { "track_fid": 0, "track_seg_id": 0, "track_seg_point_id": 163, "ele": 246.46 }, "geometry": { "type": "Point", "coordinates": [ -80.84463, 35.46388 ] } },
{ "type": "Feature", "properties": { "track_fid": 0, "track_seg_id": 0, "track_seg_point_id": 164, "ele": 246.9 }, "geometry": { "type": "Point", "coordinates": [ -80.84468, 35.46389 ] } },
{ "type": "Feature", "properties": { "track_fid": 0, "track_seg_id": 0, "track_seg_point_id": 165, "ele": 246.9 }, "geometry": { "type": "Point", "coordinates": [ -80.8448, 35.46376 ] } },
{ "type": "Feature", "properties": { "track_fid": 0, "track_seg_id": 0, "track_seg_point_id": 166, "ele": 246.9 }, "geometry": { "type": "Point", "coordinates": [ -80.8447, 35.46374 ] } },
{ "type": "Feature", "properties": { "track_fid": 0, "track_seg_id": 0, "track_seg_point_id": 167, "ele": 247.49 }, "geometry": { "type": "Point", "coordinates": [ -80.84455, 35.46362 ] } },
{ "type": "Feature", "properties": { "track_fid": 0, "track_seg_id": 0, "track_seg_point_id": 168, "ele": 248.36 }, "geometry": { "type": "Point", "coordinates": [ -80.84429, 35.46307 ] } },
{ "type": "Feature", "properties": { "track_fid": 0, "track_seg_id": 0, "track_seg_point_id": 169, "ele": 248.6 }, "geometry": { "type": "Point", "coordinates": [ -80.84424, 35.4629 ] } },
{ "type": "Feature", "properties": { "track_fid": 0, "track_seg_id": 0, "track_seg_point_id": 170, "ele": 248.6 }, "geometry": { "type": "Point", "coordinates": [ -80.84425, 35.46284 ] } },
{ "type": "Feature", "properties": { "track_fid": 0, "track_seg_id": 0, "track_seg_point_id": 171, "ele": 249.00000000000003 }, "geometry": { "type": "Point", "coordinates": [ -80.84443, 35.46267 ] } },
{ "type": "Feature", "properties": { "track_fid": 0, "track_seg_id": 0, "track_seg_point_id": 172, "ele": 249.00000000000003 }, "geometry": { "type": "Point", "coordinates": [ -80.84447, 35.4626 ] } },
{ "type": "Feature", "properties": { "track_fid": 0, "track_seg_id": 0, "track_seg_point_id": 173, "ele": 249.18 }, "geometry": { "type": "Point", "coordinates": [ -80.84455, 35.46234 ] } },
{ "type": "Feature", "properties": { "track_fid": 0, "track_seg_id": 0, "track_seg_point_id": 174, "ele": 249.18 }, "geometry": { "type": "Point", "coordinates": [ -80.8446, 35.46232 ] } },
{ "type": "Feature", "properties": { "track_fid": 0, "track_seg_id": 0, "track_seg_point_id": 175, "ele": 249.18 }, "geometry": { "type": "Point", "coordinates": [ -80.84465, 35.46232 ] } },
{ "type": "Feature", "properties": { "track_fid": 0, "track_seg_id": 0, "track_seg_point_id": 176, "ele": 249.16 }, "geometry": { "type": "Point", "coordinates": [ -80.8447, 35.46235 ] } },
{ "type": "Feature", "properties": { "track_fid": 0, "track_seg_id": 0, "track_seg_point_id": 177, "ele": 249.11 }, "geometry": { "type": "Point", "coordinates": [ -80.84473, 35.46247 ] } },
{ "type": "Feature", "properties": { "track_fid": 0, "track_seg_id": 0, "track_seg_point_id": 178, "ele": 248.55 }, "geometry": { "type": "Point", "coordinates": [ -80.84514, 35.46257 ] } },
{ "type": "Feature", "properties": { "track_fid": 0, "track_seg_id": 0, "track_seg_point_id": 179, "ele": 248.49 }, "geometry": { "type": "Point", "coordinates": [ -80.84528, 35.46263 ] } },
{ "type": "Feature", "properties": { "track_fid": 0, "track_seg_id": 0, "track_seg_point_id": 180, "ele": 248.42 }, "geometry": { "type": "Point", "coordinates": [ -80.84531, 35.46255 ] } },
{ "type": "Feature", "properties": { "track_fid": 0, "track_seg_id": 0, "track_seg_point_id": 181, "ele": 248.4 }, "geometry": { "type": "Point", "coordinates": [ -80.84528, 35.46248 ] } },
{ "type": "Feature", "properties": { "track_fid": 0, "track_seg_id": 0, "track_seg_point_id": 182, "ele": 248.13 }, "geometry": { "type": "Point", "coordinates": [ -80.844856, 35.461822 ] } },
{ "type": "Feature", "properties": { "track_fid": 0, "track_seg_id": 0, "track_seg_point_id": 183, "ele": 247.64 }, "geometry": { "type": "Point", "coordinates": [ -80.844432, 35.461164 ] } },
{ "type": "Feature", "properties": { "track_fid": 0, "track_seg_id": 0, "track_seg_point_id": 184, "ele": 247.96 }, "geometry": { "type": "Point", "coordinates": [ -80.844008, 35.460506 ] } },
{ "type": "Feature", "properties": { "track_fid": 0, "track_seg_id": 0, "track_seg_point_id": 185, "ele": 249.17 }, "geometry": { "type": "Point", "coordinates": [ -80.843584, 35.459848 ] } },
{ "type": "Feature", "properties": { "track_fid": 0, "track_seg_id": 0, "track_seg_point_id": 186, "ele": 249.24 }, "geometry": { "type": "Point", "coordinates": [ -80.84316, 35.45919 ] } },
{ "type": "Feature", "properties": { "track_fid": 0, "track_seg_id": 0, "track_seg_point_id": 187, "ele": 248.63 }, "geometry": { "type": "Point", "coordinates": [ -80.84345, 35.45909 ] } },
{ "type": "Feature", "properties": { "track_fid": 0, "track_seg_id": 0, "track_seg_point_id": 188, "ele": 248.51 }, "geometry": { "type": "Point", "coordinates": [ -80.84384, 35.45973 ] } },
{ "type": "Feature", "properties": { "track_fid": 0, "track_seg_id": 0, "track_seg_point_id": 189, "ele": 248.27 }, "geometry": { "type": "Point", "coordinates": [ -80.844, 35.45967 ] } },
{ "type": "Feature", "properties": { "track_fid": 0, "track_seg_id": 0, "track_seg_point_id": 190, "ele": 247.64 }, "geometry": { "type": "Point", "coordinates": [ -80.8442, 35.45958 ] } },
{ "type": "Feature", "properties": { "track_fid": 0, "track_seg_id": 0, "track_seg_point_id": 191, "ele": 244.73 }, "geometry": { "type": "Point", "coordinates": [ -80.84459, 35.4592 ] } },
{ "type": "Feature", "properties": { "track_fid": 0, "track_seg_id": 0, "track_seg_point_id": 192, "ele": 244.52 }, "geometry": { "type": "Point", "coordinates": [ -80.84465, 35.45913 ] } },
{ "type": "Feature", "properties": { "track_fid": 0, "track_seg_id": 0, "track_seg_point_id": 193, "ele": 244.25 }, "geometry": { "type": "Point", "coordinates": [ -80.84474, 35.45898 ] } },
{ "type": "Feature", "properties": { "track_fid": 0, "track_seg_id": 0, "track_seg_point_id": 194, "ele": 244.19 }, "geometry": { "type": "Point", "coordinates": [ -80.84474, 35.45889 ] } },
{ "type": "Feature", "properties": { "track_fid": 0, "track_seg_id": 0, "track_seg_point_id": 195, "ele": 245.34 }, "geometry": { "type": "Point", "coordinates": [ -80.84483, 35.45843 ] } },
{ "type": "Feature", "properties": { "track_fid": 0, "track_seg_id": 0, "track_seg_point_id": 196, "ele": 245.72 }, "geometry": { "type": "Point", "coordinates": [ -80.84473, 35.45831 ] } },
{ "type": "Feature", "properties": { "track_fid": 0, "track_seg_id": 0, "track_seg_point_id": 197, "ele": 245.65 }, "geometry": { "type": "Point", "coordinates": [ -80.8448, 35.45822 ] } },
{ "type": "Feature", "properties": { "track_fid": 0, "track_seg_id": 0, "track_seg_point_id": 198, "ele": 245.11 }, "geometry": { "type": "Point", "coordinates": [ -80.84498, 35.45827 ] } },
{ "type": "Feature", "properties": { "track_fid": 0, "track_seg_id": 0, "track_seg_point_id": 199, "ele": 243.04 }, "geometry": { "type": "Point", "coordinates": [ -80.84577, 35.45837 ] } },
{ "type": "Feature", "properties": { "track_fid": 0, "track_seg_id": 0, "track_seg_point_id": 200, "ele": 242.8 }, "geometry": { "type": "Point", "coordinates": [ -80.84589, 35.45835 ] } },
{ "type": "Feature", "properties": { "track_fid": 0, "track_seg_id": 0, "track_seg_point_id": 201, "ele": 242.66 }, "geometry": { "type": "Point", "coordinates": [ -80.84629, 35.45816 ] } },
{ "type": "Feature", "properties": { "track_fid": 0, "track_seg_id": 0, "track_seg_point_id": 202, "ele": 242.24 }, "geometry": { "type": "Point", "coordinates": [ -80.84662, 35.45805 ] } },
{ "type": "Feature", "properties": { "track_fid": 0, "track_seg_id": 0, "track_seg_point_id": 203, "ele": 242.24 }, "geometry": { "type": "Point", "coordinates": [ -80.8468, 35.45793 ] } },
{ "type": "Feature", "properties": { "track_fid": 0, "track_seg_id": 0, "track_seg_point_id": 204, "ele": 241.85 }, "geometry": { "type": "Point", "coordinates": [ -80.84693, 35.4578 ] } },
{ "type": "Feature", "properties": { "track_fid": 0, "track_seg_id": 0, "track_seg_point_id": 205, "ele": 241.32 }, "geometry": { "type": "Point", "coordinates": [ -80.8472, 35.45746 ] } },
{ "type": "Feature", "properties": { "track_fid": 0, "track_seg_id": 0, "track_seg_point_id": 206, "ele": 240.75 }, "geometry": { "type": "Point", "coordinates": [ -80.8473, 35.45737 ] } },
{ "type": "Feature", "properties": { "track_fid": 0, "track_seg_id": 0, "track_seg_point_id": 207, "ele": 240.75 }, "geometry": { "type": "Point", "coordinates": [ -80.84748, 35.45734 ] } },
{ "type": "Feature", "properties": { "track_fid": 0, "track_seg_id": 0, "track_seg_point_id": 208, "ele": 240.01 }, "geometry": { "type": "Point", "coordinates": [ -80.84786, 35.45735 ] } },
{ "type": "Feature", "properties": { "track_fid": 0, "track_seg_id": 0, "track_seg_point_id": 209, "ele": 240.01 }, "geometry": { "type": "Point", "coordinates": [ -80.84792, 35.45734 ] } },
{ "type": "Feature", "properties": { "track_fid": 0, "track_seg_id": 0, "track_seg_point_id": 210, "ele": 239.73 }, "geometry": { "type": "Point", "coordinates": [ -80.84819, 35.45723 ] } },
{ "type": "Feature", "properties": { "track_fid": 0, "track_seg_id": 0, "track_seg_point_id": 211, "ele": 238.63 }, "geometry": { "type": "Point", "coordinates": [ -80.8485, 35.45724 ] } },
{ "type": "Feature", "properties": { "track_fid": 0, "track_seg_id": 0, "track_seg_point_id": 212, "ele": 238.36 }, "geometry": { "type": "Point", "coordinates": [ -80.84859, 35.45722 ] } },
{ "type": "Feature", "properties": { "track_fid": 0, "track_seg_id": 0, "track_seg_point_id": 213, "ele": 238.05 }, "geometry": { "type": "Point", "coordinates": [ -80.84877, 35.45709 ] } },
{ "type": "Feature", "properties": { "track_fid": 0, "track_seg_id": 0, "track_seg_point_id": 214, "ele": 235.46 }, "geometry": { "type": "Point", "coordinates": [ -80.84913, 35.4566 ] } },
{ "type": "Feature", "properties": { "track_fid": 0, "track_seg_id": 0, "track_seg_point_id": 215, "ele": 235.46 }, "geometry": { "type": "Point", "coordinates": [ -80.84926, 35.45653 ] } },
{ "type": "Feature", "properties": { "track_fid": 0, "track_seg_id": 0, "track_seg_point_id": 216, "ele": 234.26 }, "geometry": { "type": "Point", "coordinates": [ -80.84993, 35.45629 ] } },
{ "type": "Feature", "properties": { "track_fid": 0, "track_seg_id": 0, "track_seg_point_id": 217, "ele": 234.44 }, "geometry": { "type": "Point", "coordinates": [ -80.85007, 35.45622 ] } },
{ "type": "Feature", "properties": { "track_fid": 0, "track_seg_id": 0, "track_seg_point_id": 218, "ele": 234.33 }, "geometry": { "type": "Point", "coordinates": [ -80.85011, 35.45612 ] } },
{ "type": "Feature", "properties": { "track_fid": 0, "track_seg_id": 0, "track_seg_point_id": 219, "ele": 233.5 }, "geometry": { "type": "Point", "coordinates": [ -80.85012, 35.45591 ] } },
{ "type": "Feature", "properties": { "track_fid": 0, "track_seg_id": 0, "track_seg_point_id": 220, "ele": 233.19 }, "geometry": { "type": "Point", "coordinates": [ -80.85016, 35.45581 ] } },
{ "type": "Feature", "properties": { "track_fid": 0, "track_seg_id": 0, "track_seg_point_id": 221, "ele": 232.97 }, "geometry": { "type": "Point", "coordinates": [ -80.85025, 35.45572 ] } },
{ "type": "Feature", "properties": { "track_fid": 0, "track_seg_id": 0, "track_seg_point_id": 222, "ele": 232.44 }, "geometry": { "type": "Point", "coordinates": [ -80.850785, 35.455495 ] } },
{ "type": "Feature", "properties": { "track_fid": 0, "track_seg_id": 0, "track_seg_point_id": 223, "ele": 231.11 }, "geometry": { "type": "Point", "coordinates": [ -80.85132, 35.45527 ] } },
{ "type": "Feature", "properties": { "track_fid": 0, "track_seg_id": 0, "track_seg_point_id": 224, "ele": 230.98 }, "geometry": { "type": "Point", "coordinates": [ -80.85149, 35.45523 ] } },
{ "type": "Feature", "properties": { "track_fid": 0, "track_seg_id": 0, "track_seg_point_id": 225, "ele": 231.64 }, "geometry": { "type": "Point", "coordinates": [ -80.85177, 35.45519 ] } },
{ "type": "Feature", "properties": { "track_fid": 0, "track_seg_id": 0, "track_seg_point_id": 226, "ele": 231.99 }, "geometry": { "type": "Point", "coordinates": [ -80.85209, 35.45521 ] } },
{ "type": "Feature", "properties": { "track_fid": 0, "track_seg_id": 0, "track_seg_point_id": 227, "ele": 231.9 }, "geometry": { "type": "Point", "coordinates": [ -80.85239, 35.45516 ] } },
{ "type": "Feature", "properties": { "track_fid": 0, "track_seg_id": 0, "track_seg_point_id": 228, "ele": 231.28 }, "geometry": { "type": "Point", "coordinates": [ -80.85274, 35.45499 ] } },
{ "type": "Feature", "properties": { "track_fid": 0, "track_seg_id": 0, "track_seg_point_id": 229, "ele": 231.04 }, "geometry": { "type": "Point", "coordinates": [ -80.85307, 35.45491 ] } },
{ "type": "Feature", "properties": { "track_fid": 0, "track_seg_id": 0, "track_seg_point_id": 230, "ele": 231.14 }, "geometry": { "type": "Point", "coordinates": [ -80.85339, 35.4549 ] } },
{ "type": "Feature", "properties": { "track_fid": 0, "track_seg_id": 0, "track_seg_point_id": 231, "ele": 231.15 }, "geometry": { "type": "Point", "coordinates": [ -80.8536, 35.4548 ] } },
{ "type": "Feature", "properties": { "track_fid": 0, "track_seg_id": 0, "track_seg_point_id": 232, "ele": 231.36 }, "geometry": { "type": "Point", "coordinates": [ -80.85386, 35.45481 ] } },
{ "type": "Feature", "properties": { "track_fid": 0, "track_seg_id": 0, "track_seg_point_id": 233, "ele": 231.3 }, "geometry": { "type": "Point", "coordinates": [ -80.85392, 35.45479 ] } },
{ "type": "Feature", "properties": { "track_fid": 0, "track_seg_id": 0, "track_seg_point_id": 234, "ele": 230.43 }, "geometry": { "type": "Point", "coordinates": [ -80.85409, 35.45468 ] } },
{ "type": "Feature", "properties": { "track_fid": 0, "track_seg_id": 0, "track_seg_point_id": 235, "ele": 229.99 }, "geometry": { "type": "Point", "coordinates": [ -80.85442, 35.45462 ] } },
{ "type": "Feature", "properties": { "track_fid": 0, "track_seg_id": 0, "track_seg_point_id": 236, "ele": 227.69 }, "geometry": { "type": "Point", "coordinates": [ -80.85477, 35.45447 ] } },
{ "type": "Feature", "properties": { "track_fid": 0, "track_seg_id": 0, "track_seg_point_id": 237, "ele": 226.29 }, "geometry": { "type": "Point", "coordinates": [ -80.85527, 35.45448 ] } },
{ "type": "Feature", "properties": { "track_fid": 0, "track_seg_id": 0, "track_seg_point_id": 238, "ele": 225.99 }, "geometry": { "type": "Point", "coordinates": [ -80.85544, 35.45445 ] } },
{ "type": "Feature", "properties": { "track_fid": 0, "track_seg_id": 0, "track_seg_point_id": 239, "ele": 225.8 }, "geometry": { "type": "Point", "coordinates": [ -80.85558, 35.45439 ] } },
{ "type": "Feature", "properties": { "track_fid": 0, "track_seg_id": 0, "track_seg_point_id": 240, "ele": 227.6 }, "geometry": { "type": "Point", "coordinates": [ -80.85611, 35.45408 ] } },
{ "type": "Feature", "properties": { "track_fid": 0, "track_seg_id": 0, "track_seg_point_id": 241, "ele": 227.9 }, "geometry": { "type": "Point", "coordinates": [ -80.85683, 35.45361 ] } },
{ "type": "Feature", "properties": { "track_fid": 0, "track_seg_id": 0, "track_seg_point_id": 242, "ele": 227.55 }, "geometry": { "type": "Point", "coordinates": [ -80.85692, 35.45358 ] } },
{ "type": "Feature", "properties": { "track_fid": 0, "track_seg_id": 0, "track_seg_point_id": 243, "ele": 226.82 }, "geometry": { "type": "Point", "coordinates": [ -80.85719, 35.45355 ] } },
{ "type": "Feature", "properties": { "track_fid": 0, "track_seg_id": 0, "track_seg_point_id": 244, "ele": 226.4 }, "geometry": { "type": "Point", "coordinates": [ -80.85732, 35.45351 ] } },
{ "type": "Feature", "properties": { "track_fid": 0, "track_seg_id": 0, "track_seg_point_id": 245, "ele": 224.06 }, "geometry": { "type": "Point", "coordinates": [ -80.85763, 35.45325 ] } },
{ "type": "Feature", "properties": { "track_fid": 0, "track_seg_id": 0, "track_seg_point_id": 246, "ele": 224.06 }, "geometry": { "type": "Point", "coordinates": [ -80.85771, 35.45322 ] } },
{ "type": "Feature", "properties": { "track_fid": 0, "track_seg_id": 0, "track_seg_point_id": 247, "ele": 224.06 }, "geometry": { "type": "Point", "coordinates": [ -80.8578, 35.45321 ] } },
{ "type": "Feature", "properties": { "track_fid": 0, "track_seg_id": 0, "track_seg_point_id": 248, "ele": 223.19 }, "geometry": { "type": "Point", "coordinates": [ -80.85812, 35.45322 ] } },
{ "type": "Feature", "properties": { "track_fid": 0, "track_seg_id": 0, "track_seg_point_id": 249, "ele": 223.08 }, "geometry": { "type": "Point", "coordinates": [ -80.85826, 35.45319 ] } },
{ "type": "Feature", "properties": { "track_fid": 0, "track_seg_id": 0, "track_seg_point_id": 250, "ele": 222.96 }, "geometry": { "type": "Point", "coordinates": [ -80.85835, 35.45312 ] } },
{ "type": "Feature", "properties": { "track_fid": 0, "track_seg_id": 0, "track_seg_point_id": 251, "ele": 223.09 }, "geometry": { "type": "Point", "coordinates": [ -80.85862, 35.4528 ] } },
{ "type": "Feature", "properties": { "track_fid": 0, "track_seg_id": 0, "track_seg_point_id": 252, "ele": 223.12 }, "geometry": { "type": "Point", "coordinates": [ -80.85875, 35.45257 ] } },
{ "type": "Feature", "properties": { "track_fid": 0, "track_seg_id": 0, "track_seg_point_id": 253, "ele": 223.13 }, "geometry": { "type": "Point", "coordinates": [ -80.85897, 35.45237 ] } },
{ "type": "Feature", "properties": { "track_fid": 0, "track_seg_id": 0, "track_seg_point_id": 254, "ele": 222.99 }, "geometry": { "type": "Point", "coordinates": [ -80.8592, 35.45224 ] } },
{ "type": "Feature", "properties": { "track_fid": 0, "track_seg_id": 0, "track_seg_point_id": 255, "ele": 222.63 }, "geometry": { "type": "Point", "coordinates": [ -80.85938, 35.45217 ] } },
{ "type": "Feature", "properties": { "track_fid": 0, "track_seg_id": 0, "track_seg_point_id": 256, "ele": 222.2 }, "geometry": { "type": "Point", "coordinates": [ -80.85983, 35.45215 ] } },
{ "type": "Feature", "properties": { "track_fid": 0, "track_seg_id": 0, "track_seg_point_id": 257, "ele": 222.2 }, "geometry": { "type": "Point", "coordinates": [ -80.86001, 35.45209 ] } },
{ "type": "Feature", "properties": { "track_fid": 0, "track_seg_id": 0, "track_seg_point_id": 258, "ele": 221.6 }, "geometry": { "type": "Point", "coordinates": [ -80.86063, 35.45179 ] } },
{ "type": "Feature", "properties": { "track_fid": 0, "track_seg_id": 0, "track_seg_point_id": 259, "ele": 220.04 }, "geometry": { "type": "Point", "coordinates": [ -80.86112, 35.45148 ] } },
{ "type": "Feature", "properties": { "track_fid": 0, "track_seg_id": 0, "track_seg_point_id": 260, "ele": 219.89 }, "geometry": { "type": "Point", "coordinates": [ -80.86152, 35.45119 ] } },
{ "type": "Feature", "properties": { "track_fid": 0, "track_seg_id": 0, "track_seg_point_id": 261, "ele": 220.21 }, "geometry": { "type": "Point", "coordinates": [ -80.86188, 35.45114 ] } },
{ "type": "Feature", "properties": { "track_fid": 0, "track_seg_id": 0, "track_seg_point_id": 262, "ele": 220.08 }, "geometry": { "type": "Point", "coordinates": [ -80.86198, 35.45108 ] } },
{ "type": "Feature", "properties": { "track_fid": 0, "track_seg_id": 0, "track_seg_point_id": 263, "ele": 219.7 }, "geometry": { "type": "Point", "coordinates": [ -80.8621, 35.45097 ] } },
{ "type": "Feature", "properties": { "track_fid": 0, "track_seg_id": 0, "track_seg_point_id": 264, "ele": 219.7 }, "geometry": { "type": "Point", "coordinates": [ -80.86215, 35.45096 ] } },
{ "type": "Feature", "properties": { "track_fid": 0, "track_seg_id": 0, "track_seg_point_id": 265, "ele": 219.54 }, "geometry": { "type": "Point", "coordinates": [ -80.86229, 35.45098 ] } },
{ "type": "Feature", "properties": { "track_fid": 0, "track_seg_id": 0, "track_seg_point_id": 266, "ele": 219.35 }, "geometry": { "type": "Point", "coordinates": [ -80.86237, 35.45089 ] } },
{ "type": "Feature", "properties": { "track_fid": 0, "track_seg_id": 0, "track_seg_point_id": 267, "ele": 219.21 }, "geometry": { "type": "Point", "coordinates": [ -80.86242, 35.45086 ] } },
{ "type": "Feature", "properties": { "track_fid": 0, "track_seg_id": 0, "track_seg_point_id": 268, "ele": 218.64 }, "geometry": { "type": "Point", "coordinates": [ -80.86307, 35.45073 ] } },
{ "type": "Feature", "properties": { "track_fid": 0, "track_seg_id": 0, "track_seg_point_id": 269, "ele": 218.35 }, "geometry": { "type": "Point", "coordinates": [ -80.86372, 35.4506 ] } },
{ "type": "Feature", "properties": { "track_fid": 0, "track_seg_id": 0, "track_seg_point_id": 270, "ele": 217.98 }, "geometry": { "type": "Point", "coordinates": [ -80.86452, 35.45038 ] } },
{ "type": "Feature", "properties": { "track_fid": 0, "track_seg_id": 0, "track_seg_point_id": 271, "ele": 217.92 }, "geometry": { "type": "Point", "coordinates": [ -80.86489, 35.45026 ] } },
{ "type": "Feature", "properties": { "track_fid": 0, "track_seg_id": 0, "track_seg_point_id": 272, "ele": 217.92 }, "geometry": { "type": "Point", "coordinates": [ -80.86507, 35.45016 ] } },
{ "type": "Feature", "properties": { "track_fid": 0, "track_seg_id": 0, "track_seg_point_id": 273, "ele": 218.11 }, "geometry": { "type": "Point", "coordinates": [ -80.86533, 35.44999 ] } },
{ "type": "Feature", "properties": { "track_fid": 0, "track_seg_id": 0, "track_seg_point_id": 274, "ele": 217.98 }, "geometry": { "type": "Point", "coordinates": [ -80.86547, 35.44982 ] } },
{ "type": "Feature", "properties": { "track_fid": 0, "track_seg_id": 0, "track_seg_point_id": 275, "ele": 217.2 }, "geometry": { "type": "Point", "coordinates": [ -80.865765, 35.449275 ] } },
{ "type": "Feature", "properties": { "track_fid": 0, "track_seg_id": 0, "track_seg_point_id": 276, "ele": 216.92 }, "geometry": { "type": "Point", "coordinates": [ -80.86606, 35.44873 ] } },
{ "type": "Feature", "properties": { "track_fid": 0, "track_seg_id": 0, "track_seg_point_id": 277, "ele": 216.94 }, "geometry": { "type": "Point", "coordinates": [ -80.86613, 35.44859 ] } },
{ "type": "Feature", "properties": { "track_fid": 0, "track_seg_id": 0, "track_seg_point_id": 278, "ele": 217.28 }, "geometry": { "type": "Point", "coordinates": [ -80.86627, 35.44835 ] } },
{ "type": "Feature", "properties": { "track_fid": 0, "track_seg_id": 0, "track_seg_point_id": 279, "ele": 217.28 }, "geometry": { "type": "Point", "coordinates": [ -80.8663, 35.44827 ] } },
{ "type": "Feature", "properties": { "track_fid": 0, "track_seg_id": 0, "track_seg_point_id": 280, "ele": 217.28 }, "geometry": { "type": "Point", "coordinates": [ -80.8663, 35.44828 ] } },
{ "type": "Feature", "properties": { "track_fid": 0, "track_seg_id": 0, "track_seg_point_id": 281, "ele": 217.36 }, "geometry": { "type": "Point", "coordinates": [ -80.86631, 35.44822 ] } },
{ "type": "Feature", "properties": { "track_fid": 0, "track_seg_id": 0, "track_seg_point_id": 282, "ele": 217.2 }, "geometry": { "type": "Point", "coordinates": [ -80.86609, 35.44803 ] } },
{ "type": "Feature", "properties": { "track_fid": 0, "track_seg_id": 0, "track_seg_point_id": 283, "ele": 217.1 }, "geometry": { "type": "Point", "coordinates": [ -80.86609, 35.44793 ] } },
{ "type": "Feature", "properties": { "track_fid": 0, "track_seg_id": 0, "track_seg_point_id": 284, "ele": 217.07 }, "geometry": { "type": "Point", "coordinates": [ -80.86609, 35.4478 ] } },
{ "type": "Feature", "properties": { "track_fid": 0, "track_seg_id": 0, "track_seg_point_id": 285, "ele": 217.1 }, "geometry": { "type": "Point", "coordinates": [ -80.86618, 35.44768 ] } },
{ "type": "Feature", "properties": { "track_fid": 0, "track_seg_id": 0, "track_seg_point_id": 286, "ele": 218.27 }, "geometry": { "type": "Point", "coordinates": [ -80.86645, 35.44742 ] } },
{ "type": "Feature", "properties": { "track_fid": 0, "track_seg_id": 0, "track_seg_point_id": 287, "ele": 218.27 }, "geometry": { "type": "Point", "coordinates": [ -80.86646, 35.44732 ] } },
{ "type": "Feature", "properties": { "track_fid": 0, "track_seg_id": 0, "track_seg_point_id": 288, "ele": 218.69 }, "geometry": { "type": "Point", "coordinates": [ -80.86638, 35.44723 ] } },
{ "type": "Feature", "properties": { "track_fid": 0, "track_seg_id": 0, "track_seg_point_id": 289, "ele": 218.82 }, "geometry": { "type": "Point", "coordinates": [ -80.86639, 35.4471 ] } },
{ "type": "Feature", "properties": { "track_fid": 0, "track_seg_id": 0, "track_seg_point_id": 290, "ele": 219.54 }, "geometry": { "type": "Point", "coordinates": [ -80.86614, 35.44715 ] } },
{ "type": "Feature", "properties": { "track_fid": 0, "track_seg_id": 0, "track_seg_point_id": 291, "ele": 220.45 }, "geometry": { "type": "Point", "coordinates": [ -80.86556, 35.44743 ] } },
{ "type": "Feature", "properties": { "track_fid": 0, "track_seg_id": 0, "track_seg_point_id": 292, "ele": 222.41 }, "geometry": { "type": "Point", "coordinates": [ -80.86498, 35.44771 ] } },
{ "type": "Feature", "properties": { "track_fid": 0, "track_seg_id": 0, "track_seg_point_id": 293, "ele": 224.0 }, "geometry": { "type": "Point", "coordinates": [ -80.86433, 35.448 ] } },
{ "type": "Feature", "properties": { "track_fid": 0, "track_seg_id": 0, "track_seg_point_id": 294, "ele": 223.97 }, "geometry": { "type": "Point", "coordinates": [ -80.8639, 35.44811 ] } },
{ "type": "Feature", "properties": { "track_fid": 0, "track_seg_id": 0, "track_seg_point_id": 295, "ele": 224.05 }, "geometry": { "type": "Point", "coordinates": [ -80.86364, 35.44814 ] } },
{ "type": "Feature", "properties": { "track_fid": 0, "track_seg_id": 0, "track_seg_point_id": 296, "ele": 224.6 }, "geometry": { "type": "Point", "coordinates": [ -80.86326, 35.44815 ] } },
{ "type": "Feature", "properties": { "track_fid": 0, "track_seg_id": 0, "track_seg_point_id": 297, "ele": 225.46 }, "geometry": { "type": "Point", "coordinates": [ -80.86292, 35.44811 ] } },
{ "type": "Feature", "properties": { "track_fid": 0, "track_seg_id": 0, "track_seg_point_id": 298, "ele": 225.87 }, "geometry": { "type": "Point", "coordinates": [ -80.86252, 35.44802 ] } },
{ "type": "Feature", "properties": { "track_fid": 0, "track_seg_id": 0, "track_seg_point_id": 299, "ele": 227.18 }, "geometry": { "type": "Point", "coordinates": [ -80.86177, 35.44784 ] } },
{ "type": "Feature", "properties": { "track_fid": 0, "track_seg_id": 0, "track_seg_point_id": 300, "ele": 227.18 }, "geometry": { "type": "Point", "coordinates": [ -80.86158, 35.44778 ] } },
{ "type": "Feature", "properties": { "track_fid": 0, "track_seg_id": 0, "track_seg_point_id": 301, "ele": 227.49 }, "geometry": { "type": "Point", "coordinates": [ -80.86139, 35.44768 ] } },
{ "type": "Feature", "properties": { "track_fid": 0, "track_seg_id": 0, "track_seg_point_id": 302, "ele": 228.08 }, "geometry": { "type": "Point", "coordinates": [ -80.86104, 35.44743 ] } },
{ "type": "Feature", "properties": { "track_fid": 0, "track_seg_id": 0, "track_seg_point_id": 303, "ele": 228.82 }, "geometry": { "type": "Point", "coordinates": [ -80.86072, 35.44709 ] } },
{ "type": "Feature", "properties": { "track_fid": 0, "track_seg_id": 0, "track_seg_point_id": 304, "ele": 228.82 }, "geometry": { "type": "Point", "coordinates": [ -80.86075, 35.44704 ] } },
{ "type": "Feature", "properties": { "track_fid": 0, "track_seg_id": 0, "track_seg_point_id": 305, "ele": 229.09 }, "geometry": { "type": "Point", "coordinates": [ -80.86074, 35.44691 ] } },
{ "type": "Feature", "properties": { "track_fid": 0, "track_seg_id": 0, "track_seg_point_id": 306, "ele": 229.09 }, "geometry": { "type": "Point", "coordinates": [ -80.86072, 35.44684 ] } },
{ "type": "Feature", "properties": { "track_fid": 0, "track_seg_id": 0, "track_seg_point_id": 307, "ele": 229.09 }, "geometry": { "type": "Point", "coordinates": [ -80.86068, 35.4468 ] } },
{ "type": "Feature", "properties": { "track_fid": 0, "track_seg_id": 0, "track_seg_point_id": 308, "ele": 229.33 }, "geometry": { "type": "Point", "coordinates": [ -80.86059, 35.44677 ] } },
{ "type": "Feature", "properties": { "track_fid": 0, "track_seg_id": 0, "track_seg_point_id": 309, "ele": 229.33 }, "geometry": { "type": "Point", "coordinates": [ -80.8605, 35.44678 ] } },
{ "type": "Feature", "properties": { "track_fid": 0, "track_seg_id": 0, "track_seg_point_id": 310, "ele": 229.97 }, "geometry": { "type": "Point", "coordinates": [ -80.86022, 35.44605 ] } },
{ "type": "Feature", "properties": { "track_fid": 0, "track_seg_id": 0, "track_seg_point_id": 311, "ele": 230.1 }, "geometry": { "type": "Point", "coordinates": [ -80.8602, 35.44593 ] } },
{ "type": "Feature", "properties": { "track_fid": 0, "track_seg_id": 0, "track_seg_point_id": 312, "ele": 230.5 }, "geometry": { "type": "Point", "coordinates": [ -80.86027, 35.44573 ] } },
{ "type": "Feature", "properties": { "track_fid": 0, "track_seg_id": 0, "track_seg_point_id": 313, "ele": 230.78 }, "geometry": { "type": "Point", "coordinates": [ -80.86031, 35.44565 ] } },
{ "type": "Feature", "properties": { "track_fid": 0, "track_seg_id": 0, "track_seg_point_id": 314, "ele": 233.86 }, "geometry": { "type": "Point", "coordinates": [ -80.86063, 35.44534 ] } },
{ "type": "Feature", "properties": { "track_fid": 0, "track_seg_id": 0, "track_seg_point_id": 315, "ele": 234.87 }, "geometry": { "type": "Point", "coordinates": [ -80.86076, 35.44512 ] } },
{ "type": "Feature", "properties": { "track_fid": 0, "track_seg_id": 0, "track_seg_point_id": 316, "ele": 235.22 }, "geometry": { "type": "Point", "coordinates": [ -80.86094, 35.44474 ] } },
{ "type": "Feature", "properties": { "track_fid": 0, "track_seg_id": 0, "track_seg_point_id": 317, "ele": 234.38 }, "geometry": { "type": "Point", "coordinates": [ -80.86099, 35.44433 ] } },
{ "type": "Feature", "properties": { "track_fid": 0, "track_seg_id": 0, "track_seg_point_id": 318, "ele": 234.61 }, "geometry": { "type": "Point", "coordinates": [ -80.86099, 35.44418 ] } },
{ "type": "Feature", "properties": { "track_fid": 0, "track_seg_id": 0, "track_seg_point_id": 319, "ele": 234.92 }, "geometry": { "type": "Point", "coordinates": [ -80.86092, 35.44412 ] } },
{ "type": "Feature", "properties": { "track_fid": 0, "track_seg_id": 0, "track_seg_point_id": 320, "ele": 237.05 }, "geometry": { "type": "Point", "coordinates": [ -80.86004, 35.44377 ] } },
{ "type": "Feature", "properties": { "track_fid": 0, "track_seg_id": 0, "track_seg_point_id": 321, "ele": 237.4 }, "geometry": { "type": "Point", "coordinates": [ -80.85996, 35.44373 ] } },
{ "type": "Feature", "properties": { "track_fid": 0, "track_seg_id": 0, "track_seg_point_id": 322, "ele": 237.53 }, "geometry": { "type": "Point", "coordinates": [ -80.85987, 35.44364 ] } },
{ "type": "Feature", "properties": { "track_fid": 0, "track_seg_id": 0, "track_seg_point_id": 323, "ele": 237.6 }, "geometry": { "type": "Point", "coordinates": [ -80.85983, 35.44353 ] } },
{ "type": "Feature", "properties": { "track_fid": 0, "track_seg_id": 0, "track_seg_point_id": 324, "ele": 237.66 }, "geometry": { "type": "Point", "coordinates": [ -80.85982, 35.4434 ] } },
{ "type": "Feature", "properties": { "track_fid": 0, "track_seg_id": 0, "track_seg_point_id": 325, "ele": 237.42 }, "geometry": { "type": "Point", "coordinates": [ -80.85993, 35.44265 ] } },
{ "type": "Feature", "properties": { "track_fid": 0, "track_seg_id": 0, "track_seg_point_id": 326, "ele": 237.82 }, "geometry": { "type": "Point", "coordinates": [ -80.86001, 35.44176 ] } },
{ "type": "Feature", "properties": { "track_fid": 0, "track_seg_id": 0, "track_seg_point_id": 327, "ele": 239.63 }, "geometry": { "type": "Point", "coordinates": [ -80.85894, 35.44169 ] } },
{ "type": "Feature", "properties": { "track_fid": 0, "track_seg_id": 0, "track_seg_point_id": 328, "ele": 239.82 }, "geometry": { "type": "Point", "coordinates": [ -80.85875, 35.44159 ] } },
{ "type": "Feature", "properties": { "track_fid": 0, "track_seg_id": 0, "track_seg_point_id": 329, "ele": 239.73 }, "geometry": { "type": "Point", "coordinates": [ -80.85867, 35.44149 ] } },
{ "type": "Feature", "properties": { "track_fid": 0, "track_seg_id": 0, "track_seg_point_id": 330, "ele": 239.52 }, "geometry": { "type": "Point", "coordinates": [ -80.85864, 35.44137 ] } },
{ "type": "Feature", "properties": { "track_fid": 0, "track_seg_id": 0, "track_seg_point_id": 331, "ele": 239.06 }, "geometry": { "type": "Point", "coordinates": [ -80.85866, 35.44101 ] } },
{ "type": "Feature", "properties": { "track_fid": 0, "track_seg_id": 0, "track_seg_point_id": 332, "ele": 239.35 }, "geometry": { "type": "Point", "coordinates": [ -80.85853, 35.44056 ] } },
{ "type": "Feature", "properties": { "track_fid": 0, "track_seg_id": 0, "track_seg_point_id": 333, "ele": 239.15 }, "geometry": { "type": "Point", "coordinates": [ -80.85853, 35.44036 ] } },
{ "type": "Feature", "properties": { "track_fid": 0, "track_seg_id": 0, "track_seg_point_id": 334, "ele": 238.74 }, "geometry": { "type": "Point", "coordinates": [ -80.85857, 35.44015 ] } },
{ "type": "Feature", "properties": { "track_fid": 0, "track_seg_id": 0, "track_seg_point_id": 335, "ele": 237.65 }, "geometry": { "type": "Point", "coordinates": [ -80.85885, 35.4397 ] } },
{ "type": "Feature", "properties": { "track_fid": 0, "track_seg_id": 0, "track_seg_point_id": 336, "ele": 237.65 }, "geometry": { "type": "Point", "coordinates": [ -80.85889, 35.43959 ] } },
{ "type": "Feature", "properties": { "track_fid": 0, "track_seg_id": 0, "track_seg_point_id": 337, "ele": 236.51 }, "geometry": { "type": "Point", "coordinates": [ -80.858885, 35.439115 ] } },
{ "type": "Feature", "properties": { "track_fid": 0, "track_seg_id": 0, "track_seg_point_id": 338, "ele": 235.49 }, "geometry": { "type": "Point", "coordinates": [ -80.85888, 35.43864 ] } },
{ "type": "Feature", "properties": { "track_fid": 0, "track_seg_id": 0, "track_seg_point_id": 339, "ele": 234.34 }, "geometry": { "type": "Point", "coordinates": [ -80.85821, 35.43859 ] } },
{ "type": "Feature", "properties": { "track_fid": 0, "track_seg_id": 0, "track_seg_point_id": 340, "ele": 235.5 }, "geometry": { "type": "Point", "coordinates": [ -80.857655, 35.438635 ] } },
{ "type": "Feature", "properties": { "track_fid": 0, "track_seg_id": 0, "track_seg_point_id": 341, "ele": 238.19 }, "geometry": { "type": "Point", "coordinates": [ -80.8571, 35.43868 ] } },
{ "type": "Feature", "properties": { "track_fid": 0, "track_seg_id": 0, "track_seg_point_id": 342, "ele": 240.34 }, "geometry": { "type": "Point", "coordinates": [ -80.856415, 35.43866 ] } },
{ "type": "Feature", "properties": { "track_fid": 0, "track_seg_id": 0, "track_seg_point_id": 343, "ele": 241.78 }, "geometry": { "type": "Point", "coordinates": [ -80.85573, 35.43864 ] } },
{ "type": "Feature", "properties": { "track_fid": 0, "track_seg_id": 0, "track_seg_point_id": 344, "ele": 241.63 }, "geometry": { "type": "Point", "coordinates": [ -80.85576, 35.43801 ] } },
{ "type": "Feature", "properties": { "track_fid": 0, "track_seg_id": 0, "track_seg_point_id": 345, "ele": 240.7 }, "geometry": { "type": "Point", "coordinates": [ -80.85579, 35.43738 ] } },
{ "type": "Feature", "properties": { "track_fid": 0, "track_seg_id": 0, "track_seg_point_id": 346, "ele": 241.05 }, "geometry": { "type": "Point", "coordinates": [ -80.854855, 35.437355 ] } },
{ "type": "Feature", "properties": { "track_fid": 0, "track_seg_id": 0, "track_seg_point_id": 347, "ele": 239.76 }, "geometry": { "type": "Point", "coordinates": [ -80.85392, 35.43733 ] } },
{ "type": "Feature", "properties": { "track_fid": 0, "track_seg_id": 0, "track_seg_point_id": 348, "ele": 239.21 }, "geometry": { "type": "Point", "coordinates": [ -80.85344, 35.43749 ] } },
{ "type": "Feature", "properties": { "track_fid": 0, "track_seg_id": 0, "track_seg_point_id": 349, "ele": 238.42 }, "geometry": { "type": "Point", "coordinates": [ -80.85311, 35.43757 ] } },
{ "type": "Feature", "properties": { "track_fid": 0, "track_seg_id": 0, "track_seg_point_id": 350, "ele": 237.98 }, "geometry": { "type": "Point", "coordinates": [ -80.85262, 35.43761 ] } },
{ "type": "Feature", "properties": { "track_fid": 0, "track_seg_id": 0, "track_seg_point_id": 351, "ele": 238.3 }, "geometry": { "type": "Point", "coordinates": [ -80.85211, 35.43759 ] } },
{ "type": "Feature", "properties": { "track_fid": 0, "track_seg_id": 0, "track_seg_point_id": 352, "ele": 240.0 }, "geometry": { "type": "Point", "coordinates": [ -80.85114, 35.43744 ] } },
{ "type": "Feature", "properties": { "track_fid": 0, "track_seg_id": 0, "track_seg_point_id": 353, "ele": 240.28 }, "geometry": { "type": "Point", "coordinates": [ -80.85096, 35.43743 ] } },
{ "type": "Feature", "properties": { "track_fid": 0, "track_seg_id": 0, "track_seg_point_id": 354, "ele": 240.61 }, "geometry": { "type": "Point", "coordinates": [ -80.85074, 35.43722 ] } },
{ "type": "Feature", "properties": { "track_fid": 0, "track_seg_id": 0, "track_seg_point_id": 355, "ele": 240.66 }, "geometry": { "type": "Point", "coordinates": [ -80.85063, 35.43715 ] } },
{ "type": "Feature", "properties": { "track_fid": 0, "track_seg_id": 0, "track_seg_point_id": 356, "ele": 240.7 }, "geometry": { "type": "Point", "coordinates": [ -80.85039, 35.43701 ] } },
{ "type": "Feature", "properties": { "track_fid": 0, "track_seg_id": 0, "track_seg_point_id": 357, "ele": 242.07 }, "geometry": { "type": "Point", "coordinates": [ -80.85007, 35.43673 ] } },
{ "type": "Feature", "properties": { "track_fid": 0, "track_seg_id": 0, "track_seg_point_id": 358, "ele": 242.07 }, "geometry": { "type": "Point", "coordinates": [ -80.85008, 35.43673 ] } },
{ "type": "Feature", "properties": { "track_fid": 0, "track_seg_id": 0, "track_seg_point_id": 359, "ele": 241.53 }, "geometry": { "type": "Point", "coordinates": [ -80.84997, 35.43683 ] } },
{ "type": "Feature", "properties": { "track_fid": 0, "track_seg_id": 0, "track_seg_point_id": 360, "ele": 241.53 }, "geometry": { "type": "Point", "coordinates": [ -80.84993, 35.43691 ] } },
{ "type": "Feature", "properties": { "track_fid": 0, "track_seg_id": 0, "track_seg_point_id": 361, "ele": 241.37 }, "geometry": { "type": "Point", "coordinates": [ -80.84997, 35.43704 ] } },
{ "type": "Feature", "properties": { "track_fid": 0, "track_seg_id": 0, "track_seg_point_id": 362, "ele": 241.27 }, "geometry": { "type": "Point", "coordinates": [ -80.84993, 35.43714 ] } },
{ "type": "Feature", "properties": { "track_fid": 0, "track_seg_id": 0, "track_seg_point_id": 363, "ele": 240.75 }, "geometry": { "type": "Point", "coordinates": [ -80.84984, 35.4372 ] } },
{ "type": "Feature", "properties": { "track_fid": 0, "track_seg_id": 0, "track_seg_point_id": 364, "ele": 240.45 }, "geometry": { "type": "Point", "coordinates": [ -80.84976, 35.4373 ] } },
{ "type": "Feature", "properties": { "track_fid": 0, "track_seg_id": 0, "track_seg_point_id": 365, "ele": 239.56 }, "geometry": { "type": "Point", "coordinates": [ -80.84983, 35.43746 ] } },
{ "type": "Feature", "properties": { "track_fid": 0, "track_seg_id": 0, "track_seg_point_id": 366, "ele": 236.27 }, "geometry": { "type": "Point", "coordinates": [ -80.84953, 35.43779 ] } },
{ "type": "Feature", "properties": { "track_fid": 0, "track_seg_id": 0, "track_seg_point_id": 367, "ele": 235.42 }, "geometry": { "type": "Point", "coordinates": [ -80.84948, 35.43798 ] } },
{ "type": "Feature", "properties": { "track_fid": 0, "track_seg_id": 0, "track_seg_point_id": 368, "ele": 234.96 }, "geometry": { "type": "Point", "coordinates": [ -80.84939, 35.43808 ] } },
{ "type": "Feature", "properties": { "track_fid": 0, "track_seg_id": 0, "track_seg_point_id": 369, "ele": 234.63 }, "geometry": { "type": "Point", "coordinates": [ -80.84931, 35.43808 ] } },
{ "type": "Feature", "properties": { "track_fid": 0, "track_seg_id": 0, "track_seg_point_id": 370, "ele": 234.63 }, "geometry": { "type": "Point", "coordinates": [ -80.8493, 35.43807 ] } },
{ "type": "Feature", "properties": { "track_fid": 0, "track_seg_id": 0, "track_seg_point_id": 371, "ele": 231.05 }, "geometry": { "type": "Point", "coordinates": [ -80.84918, 35.43815 ] } },
{ "type": "Feature", "properties": { "track_fid": 0, "track_seg_id": 0, "track_seg_point_id": 372, "ele": 230.64 }, "geometry": { "type": "Point", "coordinates": [ -80.84899, 35.43809 ] } },
{ "type": "Feature", "properties": { "track_fid": 0, "track_seg_id": 0, "track_seg_point_id": 373, "ele": 230.89 }, "geometry": { "type": "Point", "coordinates": [ -80.84886, 35.43814 ] } },
{ "type": "Feature", "properties": { "track_fid": 0, "track_seg_id": 0, "track_seg_point_id": 374, "ele": 231.47 }, "geometry": { "type": "Point", "coordinates": [ -80.84862, 35.43839 ] } },
{ "type": "Feature", "properties": { "track_fid": 0, "track_seg_id": 0, "track_seg_point_id": 375, "ele": 233.07 }, "geometry": { "type": "Point", "coordinates": [ -80.84824, 35.43823 ] } },
{ "type": "Feature", "properties": { "track_fid": 0, "track_seg_id": 0, "track_seg_point_id": 376, "ele": 231.73 }, "geometry": { "type": "Point", "coordinates": [ -80.84844, 35.4379 ] } },
{ "type": "Feature", "properties": { "track_fid": 0, "track_seg_id": 0, "track_seg_point_id": 377, "ele": 230.79 }, "geometry": { "type": "Point", "coordinates": [ -80.84849, 35.437405 ] } },
{ "type": "Feature", "properties": { "track_fid": 0, "track_seg_id": 0, "track_seg_point_id": 378, "ele": 229.71 }, "geometry": { "type": "Point", "coordinates": [ -80.84854, 35.43691 ] } },
{ "type": "Feature", "properties": { "track_fid": 0, "track_seg_id": 0, "track_seg_point_id": 379, "ele": 229.67 }, "geometry": { "type": "Point", "coordinates": [ -80.8485, 35.4364 ] } },
{ "type": "Feature", "properties": { "track_fid": 0, "track_seg_id": 0, "track_seg_point_id": 380, "ele": 228.94 }, "geometry": { "type": "Point", "coordinates": [ -80.84881, 35.43588 ] } },
{ "type": "Feature", "properties": { "track_fid": 0, "track_seg_id": 0, "track_seg_point_id": 381, "ele": 228.1 }, "geometry": { "type": "Point", "coordinates": [ -80.84912, 35.43536 ] } },
{ "type": "Feature", "properties": { "track_fid": 0, "track_seg_id": 0, "track_seg_point_id": 382, "ele": 227.65 }, "geometry": { "type": "Point", "coordinates": [ -80.849345, 35.43472 ] } },
{ "type": "Feature", "properties": { "track_fid": 0, "track_seg_id": 0, "track_seg_point_id": 383, "ele": 228.24 }, "geometry": { "type": "Point", "coordinates": [ -80.84957, 35.43408 ] } },
{ "type": "Feature", "properties": { "track_fid": 0, "track_seg_id": 0, "track_seg_point_id": 384, "ele": 226.52 }, "geometry": { "type": "Point", "coordinates": [ -80.8499, 35.43325 ] } },
{ "type": "Feature", "properties": { "track_fid": 0, "track_seg_id": 0, "track_seg_point_id": 385, "ele": 233.7 }, "geometry": { "type": "Point", "coordinates": [ -80.85023, 35.43242 ] } },
{ "type": "Feature", "properties": { "track_fid": 0, "track_seg_id": 0, "track_seg_point_id": 386, "ele": 232.53 }, "geometry": { "type": "Point", "coordinates": [ -80.85044, 35.43207 ] } },
{ "type": "Feature", "properties": { "track_fid": 0, "track_seg_id": 0, "track_seg_point_id": 387, "ele": 236.53 }, "geometry": { "type": "Point", "coordinates": [ -80.84964, 35.43174 ] } },
{ "type": "Feature", "properties": { "track_fid": 0, "track_seg_id": 0, "track_seg_point_id": 388, "ele": 237.1 }, "geometry": { "type": "Point", "coordinates": [ -80.84917, 35.43152 ] } },
{ "type": "Feature", "properties": { "track_fid": 0, "track_seg_id": 0, "track_seg_point_id": 389, "ele": 236.86 }, "geometry": { "type": "Point", "coordinates": [ -80.84895, 35.43147 ] } },
{ "type": "Feature", "properties": { "track_fid": 0, "track_seg_id": 0, "track_seg_point_id": 390, "ele": 235.69 }, "geometry": { "type": "Point", "coordinates": [ -80.84828, 35.43145 ] } },
{ "type": "Feature", "properties": { "track_fid": 0, "track_seg_id": 0, "track_seg_point_id": 391, "ele": 236.37 }, "geometry": { "type": "Point", "coordinates": [ -80.84761, 35.43143 ] } },
{ "type": "Feature", "properties": { "track_fid": 0, "track_seg_id": 0, "track_seg_point_id": 392, "ele": 236.37 }, "geometry": { "type": "Point", "coordinates": [ -80.84751, 35.43141 ] } },
{ "type": "Feature", "properties": { "track_fid": 0, "track_seg_id": 0, "track_seg_point_id": 393, "ele": 237.78 }, "geometry": { "type": "Point", "coordinates": [ -80.84702, 35.43123 ] } },
{ "type": "Feature", "properties": { "track_fid": 0, "track_seg_id": 0, "track_seg_point_id": 394, "ele": 238.37 }, "geometry": { "type": "Point", "coordinates": [ -80.84672, 35.43109 ] } },
{ "type": "Feature", "properties": { "track_fid": 0, "track_seg_id": 0, "track_seg_point_id": 395, "ele": 238.37 }, "geometry": { "type": "Point", "coordinates": [ -80.84667, 35.43105 ] } },
{ "type": "Feature", "properties": { "track_fid": 0, "track_seg_id": 0, "track_seg_point_id": 396, "ele": 241.33 }, "geometry": { "type": "Point", "coordinates": [ -80.84633, 35.43055 ] } },
{ "type": "Feature", "properties": { "track_fid": 0, "track_seg_id": 0, "track_seg_point_id": 397, "ele": 243.8 }, "geometry": { "type": "Point", "coordinates": [ -80.8471, 35.43018 ] } },
{ "type": "Feature", "properties": { "track_fid": 0, "track_seg_id": 0, "track_seg_point_id": 398, "ele": 242.61 }, "geometry": { "type": "Point", "coordinates": [ -80.84762, 35.429745 ] } },
{ "type": "Feature", "properties": { "track_fid": 0, "track_seg_id": 0, "track_seg_point_id": 399, "ele": 241.82 }, "geometry": { "type": "Point", "coordinates": [ -80.84814, 35.42931 ] } },
{ "type": "Feature", "properties": { "track_fid": 0, "track_seg_id": 0, "track_seg_point_id": 400, "ele": 242.31 }, "geometry": { "type": "Point", "coordinates": [ -80.84831, 35.42923 ] } },
{ "type": "Feature", "properties": { "track_fid": 0, "track_seg_id": 0, "track_seg_point_id": 401, "ele": 242.8 }, "geometry": { "type": "Point", "coordinates": [ -80.8485, 35.4292 ] } },
{ "type": "Feature", "properties": { "track_fid": 0, "track_seg_id": 0, "track_seg_point_id": 402, "ele": 243.52 }, "geometry": { "type": "Point", "coordinates": [ -80.8485, 35.4289 ] } },
{ "type": "Feature", "properties": { "track_fid": 0, "track_seg_id": 0, "track_seg_point_id": 403, "ele": 243.9 }, "geometry": { "type": "Point", "coordinates": [ -80.84854, 35.42881 ] } },
{ "type": "Feature", "properties": { "track_fid": 0, "track_seg_id": 0, "track_seg_point_id": 404, "ele": 244.03 }, "geometry": { "type": "Point", "coordinates": [ -80.84863, 35.42865 ] } },
{ "type": "Feature", "properties": { "track_fid": 0, "track_seg_id": 0, "track_seg_point_id": 405, "ele": 244.38 }, "geometry": { "type": "Point", "coordinates": [ -80.84877, 35.42854 ] } },
{ "type": "Feature", "properties": { "track_fid": 0, "track_seg_id": 0, "track_seg_point_id": 406, "ele": 244.38 }, "geometry": { "type": "Point", "coordinates": [ -80.84898, 35.42846 ] } },
{ "type": "Feature", "properties": { "track_fid": 0, "track_seg_id": 0, "track_seg_point_id": 407, "ele": 244.57 }, "geometry": { "type": "Point", "coordinates": [ -80.84908, 35.42844 ] } },
{ "type": "Feature", "properties": { "track_fid": 0, "track_seg_id": 0, "track_seg_point_id": 408, "ele": 244.15 }, "geometry": { "type": "Point", "coordinates": [ -80.84958, 35.4284 ] } },
{ "type": "Feature", "properties": { "track_fid": 0, "track_seg_id": 0, "track_seg_point_id": 409, "ele": 242.76 }, "geometry": { "type": "Point", "coordinates": [ -80.84955, 35.42805 ] } },
{ "type": "Feature", "properties": { "track_fid": 0, "track_seg_id": 0, "track_seg_point_id": 410, "ele": 241.98 }, "geometry": { "type": "Point", "coordinates": [ -80.84952, 35.42762 ] } },
{ "type": "Feature", "properties": { "track_fid": 0, "track_seg_id": 0, "track_seg_point_id": 411, "ele": 240.64 }, "geometry": { "type": "Point", "coordinates": [ -80.84952, 35.42753 ] } },
{ "type": "Feature", "properties": { "track_fid": 0, "track_seg_id": 0, "track_seg_point_id": 412, "ele": 240.41 }, "geometry": { "type": "Point", "coordinates": [ -80.84957, 35.4274 ] } },
{ "type": "Feature", "properties": { "track_fid": 0, "track_seg_id": 0, "track_seg_point_id": 413, "ele": 240.33 }, "geometry": { "type": "Point", "coordinates": [ -80.84968, 35.42729 ] } },
{ "type": "Feature", "properties": { "track_fid": 0, "track_seg_id": 0, "track_seg_point_id": 414, "ele": 240.53 }, "geometry": { "type": "Point", "coordinates": [ -80.84954, 35.42716 ] } },
{ "type": "Feature", "properties": { "track_fid": 0, "track_seg_id": 0, "track_seg_point_id": 415, "ele": 241.01 }, "geometry": { "type": "Point", "coordinates": [ -80.84943, 35.42699 ] } },
{ "type": "Feature", "properties": { "track_fid": 0, "track_seg_id": 0, "track_seg_point_id": 416, "ele": 241.82 }, "geometry": { "type": "Point", "coordinates": [ -80.84935, 35.42655 ] } },
{ "type": "Feature", "properties": { "track_fid": 0, "track_seg_id": 0, "track_seg_point_id": 417, "ele": 242.15 }, "geometry": { "type": "Point", "coordinates": [ -80.849135, 35.426105 ] } },
{ "type": "Feature", "properties": { "track_fid": 0, "track_seg_id": 0, "track_seg_point_id": 418, "ele": 241.6 }, "geometry": { "type": "Point", "coordinates": [ -80.84892, 35.42566 ] } },
{ "type": "Feature", "properties": { "track_fid": 0, "track_seg_id": 0, "track_seg_point_id": 419, "ele": 241.3 }, "geometry": { "type": "Point", "coordinates": [ -80.84868, 35.42574 ] } },
{ "type": "Feature", "properties": { "track_fid": 0, "track_seg_id": 0, "track_seg_point_id": 420, "ele": 241.25 }, "geometry": { "type": "Point", "coordinates": [ -80.8485, 35.42577 ] } },
{ "type": "Feature", "properties": { "track_fid": 0, "track_seg_id": 0, "track_seg_point_id": 421, "ele": 241.68 }, "geometry": { "type": "Point", "coordinates": [ -80.84776, 35.425845 ] } },
{ "type": "Feature", "properties": { "track_fid": 0, "track_seg_id": 0, "track_seg_point_id": 422, "ele": 241.86 }, "geometry": { "type": "Point", "coordinates": [ -80.84702, 35.42592 ] } },
{ "type": "Feature", "properties": { "track_fid": 0, "track_seg_id": 0, "track_seg_point_id": 423, "ele": 242.05 }, "geometry": { "type": "Point", "coordinates": [ -80.84698, 35.42561 ] } },
{ "type": "Feature", "properties": { "track_fid": 0, "track_seg_id": 0, "track_seg_point_id": 424, "ele": 242.05 }, "geometry": { "type": "Point", "coordinates": [ -80.84688, 35.42546 ] } },
{ "type": "Feature", "properties": { "track_fid": 0, "track_seg_id": 0, "track_seg_point_id": 425, "ele": 241.2 }, "geometry": { "type": "Point", "coordinates": [ -80.84675, 35.42464 ] } },
{ "type": "Feature", "properties": { "track_fid": 0, "track_seg_id": 0, "track_seg_point_id": 426, "ele": 241.19 }, "geometry": { "type": "Point", "coordinates": [ -80.84598, 35.424725 ] } },
{ "type": "Feature", "properties": { "track_fid": 0, "track_seg_id": 0, "track_seg_point_id": 427, "ele": 239.62 }, "geometry": { "type": "Point", "coordinates": [ -80.84521, 35.42481 ] } },
{ "type": "Feature", "properties": { "track_fid": 0, "track_seg_id": 0, "track_seg_point_id": 428, "ele": 239.7 }, "geometry": { "type": "Point", "coordinates": [ -80.84522, 35.42481 ] } },
{ "type": "Feature", "properties": { "track_fid": 0, "track_seg_id": 0, "track_seg_point_id": 429, "ele": 237.99 }, "geometry": { "type": "Point", "coordinates": [ -80.8446, 35.42498 ] } },
{ "type": "Feature", "properties": { "track_fid": 0, "track_seg_id": 0, "track_seg_point_id": 430, "ele": 237.22 }, "geometry": { "type": "Point", "coordinates": [ -80.84438, 35.42497 ] } },
{ "type": "Feature", "properties": { "track_fid": 0, "track_seg_id": 0, "track_seg_point_id": 431, "ele": 237.22 }, "geometry": { "type": "Point", "coordinates": [ -80.84421, 35.42492 ] } },
{ "type": "Feature", "properties": { "track_fid": 0, "track_seg_id": 0, "track_seg_point_id": 432, "ele": 236.81 }, "geometry": { "type": "Point", "coordinates": [ -80.8441, 35.42483 ] } },
{ "type": "Feature", "properties": { "track_fid": 0, "track_seg_id": 0, "track_seg_point_id": 433, "ele": 235.47 }, "geometry": { "type": "Point", "coordinates": [ -80.84398, 35.42466 ] } },
{ "type": "Feature", "properties": { "track_fid": 0, "track_seg_id": 0, "track_seg_point_id": 434, "ele": 233.99 }, "geometry": { "type": "Point", "coordinates": [ -80.84392, 35.423975 ] } },
{ "type": "Feature", "properties": { "track_fid": 0, "track_seg_id": 0, "track_seg_point_id": 435, "ele": 234.47 }, "geometry": { "type": "Point", "coordinates": [ -80.84386, 35.42329 ] } },
{ "type": "Feature", "properties": { "track_fid": 0, "track_seg_id": 0, "track_seg_point_id": 436, "ele": 235.26 }, "geometry": { "type": "Point", "coordinates": [ -80.84384, 35.42315 ] } },
{ "type": "Feature", "properties": { "track_fid": 0, "track_seg_id": 0, "track_seg_point_id": 437, "ele": 235.83 }, "geometry": { "type": "Point", "coordinates": [ -80.84389, 35.42293 ] } },
{ "type": "Feature", "properties": { "track_fid": 0, "track_seg_id": 0, "track_seg_point_id": 438, "ele": 236.43 }, "geometry": { "type": "Point", "coordinates": [ -80.84389, 35.42271 ] } },
{ "type": "Feature", "properties": { "track_fid": 0, "track_seg_id": 0, "track_seg_point_id": 439, "ele": 237.27 }, "geometry": { "type": "Point", "coordinates": [ -80.843825, 35.422125 ] } },
{ "type": "Feature", "properties": { "track_fid": 0, "track_seg_id": 0, "track_seg_point_id": 440, "ele": 237.09 }, "geometry": { "type": "Point", "coordinates": [ -80.84376, 35.42154 ] } },
{ "type": "Feature", "properties": { "track_fid": 0, "track_seg_id": 0, "track_seg_point_id": 441, "ele": 236.43 }, "geometry": { "type": "Point", "coordinates": [ -80.84379, 35.42131 ] } },
{ "type": "Feature", "properties": { "track_fid": 0, "track_seg_id": 0, "track_seg_point_id": 442, "ele": 235.08 }, "geometry": { "type": "Point", "coordinates": [ -80.84388, 35.421 ] } },
{ "type": "Feature", "properties": { "track_fid": 0, "track_seg_id": 0, "track_seg_point_id": 443, "ele": 234.67 }, "geometry": { "type": "Point", "coordinates": [ -80.84388, 35.42094 ] } },
{ "type": "Feature", "properties": { "track_fid": 0, "track_seg_id": 0, "track_seg_point_id": 444, "ele": 233.6 }, "geometry": { "type": "Point", "coordinates": [ -80.8438, 35.42076 ] } },
{ "type": "Feature", "properties": { "track_fid": 0, "track_seg_id": 0, "track_seg_point_id": 445, "ele": 233.6 }, "geometry": { "type": "Point", "coordinates": [ -80.84375, 35.42069 ] } },
{ "type": "Feature", "properties": { "track_fid": 0, "track_seg_id": 0, "track_seg_point_id": 446, "ele": 231.5 }, "geometry": { "type": "Point", "coordinates": [ -80.84357, 35.42057 ] } },
{ "type": "Feature", "properties": { "track_fid": 0, "track_seg_id": 0, "track_seg_point_id": 447, "ele": 231.25 }, "geometry": { "type": "Point", "coordinates": [ -80.84352, 35.42049 ] } },
{ "type": "Feature", "properties": { "track_fid": 0, "track_seg_id": 0, "track_seg_point_id": 448, "ele": 230.57 }, "geometry": { "type": "Point", "coordinates": [ -80.8434, 35.41981 ] } },
{ "type": "Feature", "properties": { "track_fid": 0, "track_seg_id": 0, "track_seg_point_id": 449, "ele": 230.87 }, "geometry": { "type": "Point", "coordinates": [ -80.84334, 35.4197 ] } },
{ "type": "Feature", "properties": { "track_fid": 0, "track_seg_id": 0, "track_seg_point_id": 450, "ele": 231.23 }, "geometry": { "type": "Point", "coordinates": [ -80.84323, 35.41965 ] } },
{ "type": "Feature", "properties": { "track_fid": 0, "track_seg_id": 0, "track_seg_point_id": 451, "ele": 230.87 }, "geometry": { "type": "Point", "coordinates": [ -80.84334, 35.4197 ] } },
{ "type": "Feature", "properties": { "track_fid": 0, "track_seg_id": 0, "track_seg_point_id": 452, "ele": 230.49 }, "geometry": { "type": "Point", "coordinates": [ -80.8434, 35.4198 ] } },
{ "type": "Feature", "properties": { "track_fid": 0, "track_seg_id": 0, "track_seg_point_id": 453, "ele": 230.87 }, "geometry": { "type": "Point", "coordinates": [ -80.84334, 35.4197 ] } },
{ "type": "Feature", "properties": { "track_fid": 0, "track_seg_id": 0, "track_seg_point_id": 454, "ele": 231.23 }, "geometry": { "type": "Point", "coordinates": [ -80.84323, 35.41965 ] } },
{ "type": "Feature", "properties": { "track_fid": 0, "track_seg_id": 0, "track_seg_point_id": 455, "ele": 231.68 }, "geometry": { "type": "Point", "coordinates": [ -80.84309, 35.41962 ] } },
{ "type": "Feature", "properties": { "track_fid": 0, "track_seg_id": 0, "track_seg_point_id": 456, "ele": 233.67 }, "geometry": { "type": "Point", "coordinates": [ -80.84266, 35.41964 ] } },
{ "type": "Feature", "properties": { "track_fid": 0, "track_seg_id": 0, "track_seg_point_id": 457, "ele": 237.08 }, "geometry": { "type": "Point", "coordinates": [ -80.84224, 35.41964 ] } },
{ "type": "Feature", "properties": { "track_fid": 0, "track_seg_id": 0, "track_seg_point_id": 458, "ele": 238.23 }, "geometry": { "type": "Point", "coordinates": [ -80.84192, 35.41969 ] } },
{ "type": "Feature", "properties": { "track_fid": 0, "track_seg_id": 0, "track_seg_point_id": 459, "ele": 239.87 }, "geometry": { "type": "Point", "coordinates": [ -80.841935, 35.419235 ] } },
{ "type": "Feature", "properties": { "track_fid": 0, "track_seg_id": 0, "track_seg_point_id": 460, "ele": 241.68 }, "geometry": { "type": "Point", "coordinates": [ -80.84195, 35.41878 ] } },
{ "type": "Feature", "properties": { "track_fid": 0, "track_seg_id": 0, "track_seg_point_id": 461, "ele": 241.93 }, "geometry": { "type": "Point", "coordinates": [ -80.84192, 35.41864 ] } },
{ "type": "Feature", "properties": { "track_fid": 0, "track_seg_id": 0, "track_seg_point_id": 462, "ele": 242.02 }, "geometry": { "type": "Point", "coordinates": [ -80.84195, 35.41854 ] } },
{ "type": "Feature", "properties": { "track_fid": 0, "track_seg_id": 0, "track_seg_point_id": 463, "ele": 242.02 }, "geometry": { "type": "Point", "coordinates": [ -80.84191, 35.41843 ] } },
{ "type": "Feature", "properties": { "track_fid": 0, "track_seg_id": 0, "track_seg_point_id": 464, "ele": 241.76 }, "geometry": { "type": "Point", "coordinates": [ -80.84197, 35.41803 ] } },
{ "type": "Feature", "properties": { "track_fid": 0, "track_seg_id": 0, "track_seg_point_id": 465, "ele": 241.37 }, "geometry": { "type": "Point", "coordinates": [ -80.84209, 35.41788 ] } },
{ "type": "Feature", "properties": { "track_fid": 0, "track_seg_id": 0, "track_seg_point_id": 466, "ele": 241.37 }, "geometry": { "type": "Point", "coordinates": [ -80.84212, 35.41774 ] } },
{ "type": "Feature", "properties": { "track_fid": 0, "track_seg_id": 0, "track_seg_point_id": 467, "ele": 241.2 }, "geometry": { "type": "Point", "coordinates": [ -80.8422, 35.4176 ] } },
{ "type": "Feature", "properties": { "track_fid": 0, "track_seg_id": 0, "track_seg_point_id": 468, "ele": 241.04 }, "geometry": { "type": "Point", "coordinates": [ -80.84228, 35.41734 ] } },
{ "type": "Feature", "properties": { "track_fid": 0, "track_seg_id": 0, "track_seg_point_id": 469, "ele": 241.04 }, "geometry": { "type": "Point", "coordinates": [ -80.84228, 35.41733 ] } },
{ "type": "Feature", "properties": { "track_fid": 0, "track_seg_id": 0, "track_seg_point_id": 470, "ele": 240.91 }, "geometry": { "type": "Point", "coordinates": [ -80.84235, 35.41711 ] } },
{ "type": "Feature", "properties": { "track_fid": 0, "track_seg_id": 0, "track_seg_point_id": 471, "ele": 234.28 }, "geometry": { "type": "Point", "coordinates": [ -80.84308, 35.41726 ] } },
{ "type": "Feature", "properties": { "track_fid": 0, "track_seg_id": 0, "track_seg_point_id": 472, "ele": 232.94 }, "geometry": { "type": "Point", "coordinates": [ -80.84348, 35.41729 ] } },
{ "type": "Feature", "properties": { "track_fid": 0, "track_seg_id": 0, "track_seg_point_id": 473, "ele": 232.51 }, "geometry": { "type": "Point", "coordinates": [ -80.84375, 35.41729 ] } },
{ "type": "Feature", "properties": { "track_fid": 0, "track_seg_id": 0, "track_seg_point_id": 474, "ele": 232.9 }, "geometry": { "type": "Point", "coordinates": [ -80.84474, 35.41719 ] } },
{ "type": "Feature", "properties": { "track_fid": 0, "track_seg_id": 0, "track_seg_point_id": 475, "ele": 229.73 }, "geometry": { "type": "Point", "coordinates": [ -80.84581, 35.41724 ] } },
{ "type": "Feature", "properties": { "track_fid": 0, "track_seg_id": 0, "track_seg_point_id": 476, "ele": 229.49 }, "geometry": { "type": "Point", "coordinates": [ -80.84591, 35.41723 ] } },
{ "type": "Feature", "properties": { "track_fid": 0, "track_seg_id": 0, "track_seg_point_id": 477, "ele": 230.19 }, "geometry": { "type": "Point", "coordinates": [ -80.84622, 35.41717 ] } },
{ "type": "Feature", "properties": { "track_fid": 0, "track_seg_id": 0, "track_seg_point_id": 478, "ele": 231.1 }, "geometry": { "type": "Point", "coordinates": [ -80.84634, 35.41712 ] } },
{ "type": "Feature", "properties": { "track_fid": 0, "track_seg_id": 0, "track_seg_point_id": 479, "ele": 231.12 }, "geometry": { "type": "Point", "coordinates": [ -80.84635, 35.41712 ] } },
{ "type": "Feature", "properties": { "track_fid": 0, "track_seg_id": 0, "track_seg_point_id": 480, "ele": 234.99 }, "geometry": { "type": "Point", "coordinates": [ -80.847, 35.41685 ] } },
{ "type": "Feature", "properties": { "track_fid": 0, "track_seg_id": 0, "track_seg_point_id": 481, "ele": 234.13 }, "geometry": { "type": "Point", "coordinates": [ -80.84726, 35.41673 ] } },
{ "type": "Feature", "properties": { "track_fid": 0, "track_seg_id": 0, "track_seg_point_id": 482, "ele": 233.46 }, "geometry": { "type": "Point", "coordinates": [ -80.84739, 35.41662 ] } },
{ "type": "Feature", "properties": { "track_fid": 0, "track_seg_id": 0, "track_seg_point_id": 483, "ele": 232.43 }, "geometry": { "type": "Point", "coordinates": [ -80.84748, 35.41651 ] } },
{ "type": "Feature", "properties": { "track_fid": 0, "track_seg_id": 0, "track_seg_point_id": 484, "ele": 231.92 }, "geometry": { "type": "Point", "coordinates": [ -80.84752, 35.41645 ] } },
{ "type": "Feature", "properties": { "track_fid": 0, "track_seg_id": 0, "track_seg_point_id": 485, "ele": 231.53 }, "geometry": { "type": "Point", "coordinates": [ -80.84756, 35.41635 ] } },
{ "type": "Feature", "properties": { "track_fid": 0, "track_seg_id": 0, "track_seg_point_id": 486, "ele": 231.18 }, "geometry": { "type": "Point", "coordinates": [ -80.84756, 35.41618 ] } },
{ "type": "Feature", "properties": { "track_fid": 0, "track_seg_id": 0, "track_seg_point_id": 487, "ele": 232.04 }, "geometry": { "type": "Point", "coordinates": [ -80.84734, 35.41567 ] } },
{ "type": "Feature", "properties": { "track_fid": 0, "track_seg_id": 0, "track_seg_point_id": 488, "ele": 232.49 }, "geometry": { "type": "Point", "coordinates": [ -80.84717, 35.41539 ] } },
{ "type": "Feature", "properties": { "track_fid": 0, "track_seg_id": 0, "track_seg_point_id": 489, "ele": 233.65 }, "geometry": { "type": "Point", "coordinates": [ -80.84689, 35.41511 ] } },
{ "type": "Feature", "properties": { "track_fid": 0, "track_seg_id": 0, "track_seg_point_id": 490, "ele": 235.48 }, "geometry": { "type": "Point", "coordinates": [ -80.84667, 35.41489 ] } },
{ "type": "Feature", "properties": { "track_fid": 0, "track_seg_id": 0, "track_seg_point_id": 491, "ele": 237.24 }, "geometry": { "type": "Point", "coordinates": [ -80.84652, 35.41463 ] } },
{ "type": "Feature", "properties": { "track_fid": 0, "track_seg_id": 0, "track_seg_point_id": 492, "ele": 239.73 }, "geometry": { "type": "Point", "coordinates": [ -80.84611, 35.41381 ] } },
{ "type": "Feature", "properties": { "track_fid": 0, "track_seg_id": 0, "track_seg_point_id": 493, "ele": 239.73 }, "geometry": { "type": "Point", "coordinates": [ -80.84605, 35.41384 ] } },
{ "type": "Feature", "properties": { "track_fid": 0, "track_seg_id": 0, "track_seg_point_id": 494, "ele": 240.46 }, "geometry": { "type": "Point", "coordinates": [ -80.84591, 35.41358 ] } },
{ "type": "Feature", "properties": { "track_fid": 0, "track_seg_id": 0, "track_seg_point_id": 495, "ele": 240.46 }, "geometry": { "type": "Point", "coordinates": [ -80.84586, 35.41361 ] } },
{ "type": "Feature", "properties": { "track_fid": 0, "track_seg_id": 0, "track_seg_point_id": 496, "ele": 240.64 }, "geometry": { "type": "Point", "coordinates": [ -80.84576, 35.41371 ] } },
{ "type": "Feature", "properties": { "track_fid": 0, "track_seg_id": 0, "track_seg_point_id": 497, "ele": 240.45 }, "geometry": { "type": "Point", "coordinates": [ -80.84563, 35.41374 ] } },
{ "type": "Feature", "properties": { "track_fid": 0, "track_seg_id": 0, "track_seg_point_id": 498, "ele": 240.07 }, "geometry": { "type": "Point", "coordinates": [ -80.84555, 35.41373 ] } },
{ "type": "Feature", "properties": { "track_fid": 0, "track_seg_id": 0, "track_seg_point_id": 499, "ele": 239.97 }, "geometry": { "type": "Point", "coordinates": [ -80.84541, 35.41368 ] } },
{ "type": "Feature", "properties": { "track_fid": 0, "track_seg_id": 0, "track_seg_point_id": 500, "ele": 239.94 }, "geometry": { "type": "Point", "coordinates": [ -80.84531, 35.41356 ] } },
{ "type": "Feature", "properties": { "track_fid": 0, "track_seg_id": 0, "track_seg_point_id": 501, "ele": 239.52 }, "geometry": { "type": "Point", "coordinates": [ -80.84504, 35.41304 ] } },
{ "type": "Feature", "properties": { "track_fid": 0, "track_seg_id": 0, "track_seg_point_id": 502, "ele": 240.09 }, "geometry": { "type": "Point", "coordinates": [ -80.84514, 35.41326 ] } },
{ "type": "Feature", "properties": { "track_fid": 0, "track_seg_id": 0, "track_seg_point_id": 503, "ele": 240.73 }, "geometry": { "type": "Point", "coordinates": [ -80.84515, 35.41304 ] } },
{ "type": "Feature", "properties": { "track_fid": 0, "track_seg_id": 0, "track_seg_point_id": 504, "ele": 241.39 }, "geometry": { "type": "Point", "coordinates": [ -80.84519, 35.41296 ] } },
{ "type": "Feature", "properties": { "track_fid": 0, "track_seg_id": 0, "track_seg_point_id": 505, "ele": 241.41 }, "geometry": { "type": "Point", "coordinates": [ -80.84515, 35.41304 ] } },
{ "type": "Feature", "properties": { "track_fid": 0, "track_seg_id": 0, "track_seg_point_id": 506, "ele": 240.33 }, "geometry": { "type": "Point", "coordinates": [ -80.84514, 35.41326 ] } },
{ "type": "Feature", "properties": { "track_fid": 0, "track_seg_id": 0, "track_seg_point_id": 507, "ele": 239.94 }, "geometry": { "type": "Point", "coordinates": [ -80.84531, 35.41356 ] } },
{ "type": "Feature", "properties": { "track_fid": 0, "track_seg_id": 0, "track_seg_point_id": 508, "ele": 239.97 }, "geometry": { "type": "Point", "coordinates": [ -80.84541, 35.41368 ] } },
{ "type": "Feature", "properties": { "track_fid": 0, "track_seg_id": 0, "track_seg_point_id": 509, "ele": 240.45 }, "geometry": { "type": "Point", "coordinates": [ -80.84555, 35.41373 ] } },
{ "type": "Feature", "properties": { "track_fid": 0, "track_seg_id": 0, "track_seg_point_id": 510, "ele": 240.45 }, "geometry": { "type": "Point", "coordinates": [ -80.84563, 35.41374 ] } },
{ "type": "Feature", "properties": { "track_fid": 0, "track_seg_id": 0, "track_seg_point_id": 511, "ele": 240.64 }, "geometry": { "type": "Point", "coordinates": [ -80.84576, 35.41371 ] } },
{ "type": "Feature", "properties": { "track_fid": 0, "track_seg_id": 0, "track_seg_point_id": 512, "ele": 240.46 }, "geometry": { "type": "Point", "coordinates": [ -80.84586, 35.41361 ] } },
{ "type": "Feature", "properties": { "track_fid": 0, "track_seg_id": 0, "track_seg_point_id": 513, "ele": 240.46 }, "geometry": { "type": "Point", "coordinates": [ -80.84591, 35.41358 ] } },
{ "type": "Feature", "properties": { "track_fid": 0, "track_seg_id": 0, "track_seg_point_id": 514, "ele": 239.73 }, "geometry": { "type": "Point", "coordinates": [ -80.84605, 35.41384 ] } },
{ "type": "Feature", "properties": { "track_fid": 0, "track_seg_id": 0, "track_seg_point_id": 515, "ele": 239.7 }, "geometry": { "type": "Point", "coordinates": [ -80.84615, 35.4138 ] } },
{ "type": "Feature", "properties": { "track_fid": 0, "track_seg_id": 0, "track_seg_point_id": 516, "ele": 239.37 }, "geometry": { "type": "Point", "coordinates": [ -80.84626, 35.41388 ] } },
{ "type": "Feature", "properties": { "track_fid": 0, "track_seg_id": 0, "track_seg_point_id": 517, "ele": 238.88 }, "geometry": { "type": "Point", "coordinates": [ -80.8464, 35.41392 ] } },
{ "type": "Feature", "properties": { "track_fid": 0, "track_seg_id": 0, "track_seg_point_id": 518, "ele": 239.1 }, "geometry": { "type": "Point", "coordinates": [ -80.84695, 35.4139 ] } },
{ "type": "Feature", "properties": { "track_fid": 0, "track_seg_id": 0, "track_seg_point_id": 519, "ele": 239.11 }, "geometry": { "type": "Point", "coordinates": [ -80.84696, 35.4139 ] } },
{ "type": "Feature", "properties": { "track_fid": 0, "track_seg_id": 0, "track_seg_point_id": 520, "ele": 238.59 }, "geometry": { "type": "Point", "coordinates": [ -80.84739, 35.41389 ] } },
{ "type": "Feature", "properties": { "track_fid": 0, "track_seg_id": 0, "track_seg_point_id": 521, "ele": 238.18 }, "geometry": { "type": "Point", "coordinates": [ -80.84764, 35.41385 ] } },
{ "type": "Feature", "properties": { "track_fid": 0, "track_seg_id": 0, "track_seg_point_id": 522, "ele": 236.39 }, "geometry": { "type": "Point", "coordinates": [ -80.84792, 35.4139 ] } },
{ "type": "Feature", "properties": { "track_fid": 0, "track_seg_id": 0, "track_seg_point_id": 523, "ele": 235.11 }, "geometry": { "type": "Point", "coordinates": [ -80.84823, 35.41388 ] } },
{ "type": "Feature", "properties": { "track_fid": 0, "track_seg_id": 0, "track_seg_point_id": 524, "ele": 234.73 }, "geometry": { "type": "Point", "coordinates": [ -80.84846, 35.41381 ] } },
{ "type": "Feature", "properties": { "track_fid": 0, "track_seg_id": 0, "track_seg_point_id": 525, "ele": 234.01 }, "geometry": { "type": "Point", "coordinates": [ -80.84855, 35.41372 ] } },
{ "type": "Feature", "properties": { "track_fid": 0, "track_seg_id": 0, "track_seg_point_id": 526, "ele": 233.62 }, "geometry": { "type": "Point", "coordinates": [ -80.84858, 35.41364 ] } },
{ "type": "Feature", "properties": { "track_fid": 0, "track_seg_id": 0, "track_seg_point_id": 527, "ele": 232.4 }, "geometry": { "type": "Point", "coordinates": [ -80.8485, 35.4134 ] } },
{ "type": "Feature", "properties": { "track_fid": 0, "track_seg_id": 0, "track_seg_point_id": 528, "ele": 231.97 }, "geometry": { "type": "Point", "coordinates": [ -80.84852, 35.41335 ] } },
{ "type": "Feature", "properties": { "track_fid": 0, "track_seg_id": 0, "track_seg_point_id": 529, "ele": 232.15 }, "geometry": { "type": "Point", "coordinates": [ -80.8491, 35.41286 ] } },
{ "type": "Feature", "properties": { "track_fid": 0, "track_seg_id": 0, "track_seg_point_id": 530, "ele": 232.15 }, "geometry": { "type": "Point", "coordinates": [ -80.84916, 35.41284 ] } },
{ "type": "Feature", "properties": { "track_fid": 0, "track_seg_id": 0, "track_seg_point_id": 531, "ele": 234.39 }, "geometry": { "type": "Point", "coordinates": [ -80.84954, 35.41291 ] } },
{ "type": "Feature", "properties": { "track_fid": 0, "track_seg_id": 0, "track_seg_point_id": 532, "ele": 234.74 }, "geometry": { "type": "Point", "coordinates": [ -80.8496, 35.4129 ] } },
{ "type": "Feature", "properties": { "track_fid": 0, "track_seg_id": 0, "track_seg_point_id": 533, "ele": 234.72 }, "geometry": { "type": "Point", "coordinates": [ -80.84961, 35.4129 ] } },
{ "type": "Feature", "properties": { "track_fid": 0, "track_seg_id": 0, "track_seg_point_id": 534, "ele": 236.94 }, "geometry": { "type": "Point", "coordinates": [ -80.85021, 35.41282 ] } },
{ "type": "Feature", "properties": { "track_fid": 0, "track_seg_id": 0, "track_seg_point_id": 535, "ele": 237.38 }, "geometry": { "type": "Point", "coordinates": [ -80.85038, 35.41271 ] } },
{ "type": "Feature", "properties": { "track_fid": 0, "track_seg_id": 0, "track_seg_point_id": 536, "ele": 237.75 }, "geometry": { "type": "Point", "coordinates": [ -80.85051, 35.41268 ] } },
{ "type": "Feature", "properties": { "track_fid": 0, "track_seg_id": 0, "track_seg_point_id": 537, "ele": 238.19 }, "geometry": { "type": "Point", "coordinates": [ -80.851065, 35.412655 ] } },
{ "type": "Feature", "properties": { "track_fid": 0, "track_seg_id": 0, "track_seg_point_id": 538, "ele": 238.26 }, "geometry": { "type": "Point", "coordinates": [ -80.85162, 35.41263 ] } },
{ "type": "Feature", "properties": { "track_fid": 0, "track_seg_id": 0, "track_seg_point_id": 539, "ele": 238.26 }, "geometry": { "type": "Point", "coordinates": [ -80.85163, 35.41264 ] } },
{ "type": "Feature", "properties": { "track_fid": 0, "track_seg_id": 0, "track_seg_point_id": 540, "ele": 237.41 }, "geometry": { "type": "Point", "coordinates": [ -80.85167, 35.41281 ] } },
{ "type": "Feature", "properties": { "track_fid": 0, "track_seg_id": 0, "track_seg_point_id": 541, "ele": 236.55 }, "geometry": { "type": "Point", "coordinates": [ -80.85219, 35.41274 ] } },
{ "type": "Feature", "properties": { "track_fid": 0, "track_seg_id": 0, "track_seg_point_id": 542, "ele": 236.18 }, "geometry": { "type": "Point", "coordinates": [ -80.85219, 35.41268 ] } },
{ "type": "Feature", "properties": { "track_fid": 0, "track_seg_id": 0, "track_seg_point_id": 543, "ele": 235.27 }, "geometry": { "type": "Point", "coordinates": [ -80.85262, 35.41267 ] } },
{ "type": "Feature", "properties": { "track_fid": 0, "track_seg_id": 0, "track_seg_point_id": 544, "ele": 234.95 }, "geometry": { "type": "Point", "coordinates": [ -80.85284, 35.41268 ] } },
{ "type": "Feature", "properties": { "track_fid": 0, "track_seg_id": 0, "track_seg_point_id": 545, "ele": 235.05 }, "geometry": { "type": "Point", "coordinates": [ -80.85306, 35.41274 ] } },
{ "type": "Feature", "properties": { "track_fid": 0, "track_seg_id": 0, "track_seg_point_id": 546, "ele": 235.44 }, "geometry": { "type": "Point", "coordinates": [ -80.85331, 35.41286 ] } },
{ "type": "Feature", "properties": { "track_fid": 0, "track_seg_id": 0, "track_seg_point_id": 547, "ele": 235.71 }, "geometry": { "type": "Point", "coordinates": [ -80.85358, 35.41299 ] } },
{ "type": "Feature", "properties": { "track_fid": 0, "track_seg_id": 0, "track_seg_point_id": 548, "ele": 231.88 }, "geometry": { "type": "Point", "coordinates": [ -80.85425, 35.41337 ] } },
{ "type": "Feature", "properties": { "track_fid": 0, "track_seg_id": 0, "track_seg_point_id": 549, "ele": 231.88 }, "geometry": { "type": "Point", "coordinates": [ -80.85427, 35.41344 ] } },
{ "type": "Feature", "properties": { "track_fid": 0, "track_seg_id": 0, "track_seg_point_id": 550, "ele": 231.39 }, "geometry": { "type": "Point", "coordinates": [ -80.85442, 35.41363 ] } },
{ "type": "Feature", "properties": { "track_fid": 0, "track_seg_id": 0, "track_seg_point_id": 551, "ele": 230.21 }, "geometry": { "type": "Point", "coordinates": [ -80.85446, 35.41372 ] } },
{ "type": "Feature", "properties": { "track_fid": 0, "track_seg_id": 0, "track_seg_point_id": 552, "ele": 227.59 }, "geometry": { "type": "Point", "coordinates": [ -80.85462, 35.41424 ] } },
{ "type": "Feature", "properties": { "track_fid": 0, "track_seg_id": 0, "track_seg_point_id": 553, "ele": 227.68 }, "geometry": { "type": "Point", "coordinates": [ -80.8546, 35.41429 ] } },
{ "type": "Feature", "properties": { "track_fid": 0, "track_seg_id": 0, "track_seg_point_id": 554, "ele": 227.68 }, "geometry": { "type": "Point", "coordinates": [ -80.85455, 35.41432 ] } },
{ "type": "Feature", "properties": { "track_fid": 0, "track_seg_id": 0, "track_seg_point_id": 555, "ele": 227.64 }, "geometry": { "type": "Point", "coordinates": [ -80.8545, 35.41438 ] } },
{ "type": "Feature", "properties": { "track_fid": 0, "track_seg_id": 0, "track_seg_point_id": 556, "ele": 227.59 }, "geometry": { "type": "Point", "coordinates": [ -80.8545, 35.4144 ] } },
{ "type": "Feature", "properties": { "track_fid": 0, "track_seg_id": 0, "track_seg_point_id": 557, "ele": 227.15 }, "geometry": { "type": "Point", "coordinates": [ -80.85457, 35.41453 ] } },
{ "type": "Feature", "properties": { "track_fid": 0, "track_seg_id": 0, "track_seg_point_id": 558, "ele": 226.98 }, "geometry": { "type": "Point", "coordinates": [ -80.85468, 35.41456 ] } },
{ "type": "Feature", "properties": { "track_fid": 0, "track_seg_id": 0, "track_seg_point_id": 559, "ele": 226.98 }, "geometry": { "type": "Point", "coordinates": [ -80.85471, 35.41455 ] } },
{ "type": "Feature", "properties": { "track_fid": 0, "track_seg_id": 0, "track_seg_point_id": 560, "ele": 226.92 }, "geometry": { "type": "Point", "coordinates": [ -80.85481, 35.4145 ] } },
{ "type": "Feature", "properties": { "track_fid": 0, "track_seg_id": 0, "track_seg_point_id": 561, "ele": 226.88 }, "geometry": { "type": "Point", "coordinates": [ -80.85483, 35.41443 ] } },
{ "type": "Feature", "properties": { "track_fid": 0, "track_seg_id": 0, "track_seg_point_id": 562, "ele": 225.71 }, "geometry": { "type": "Point", "coordinates": [ -80.85535, 35.41432 ] } },
{ "type": "Feature", "properties": { "track_fid": 0, "track_seg_id": 0, "track_seg_point_id": 563, "ele": 225.2 }, "geometry": { "type": "Point", "coordinates": [ -80.85543, 35.41424 ] } },
{ "type": "Feature", "properties": { "track_fid": 0, "track_seg_id": 0, "track_seg_point_id": 564, "ele": 222.94 }, "geometry": { "type": "Point", "coordinates": [ -80.85631, 35.41406 ] } },
{ "type": "Feature", "properties": { "track_fid": 0, "track_seg_id": 0, "track_seg_point_id": 565, "ele": 221.81 }, "geometry": { "type": "Point", "coordinates": [ -80.85734, 35.41386 ] } },
{ "type": "Feature", "properties": { "track_fid": 0, "track_seg_id": 0, "track_seg_point_id": 566, "ele": 220.21 }, "geometry": { "type": "Point", "coordinates": [ -80.8575, 35.41434 ] } },
{ "type": "Feature", "properties": { "track_fid": 0, "track_seg_id": 0, "track_seg_point_id": 567, "ele": 220.16 }, "geometry": { "type": "Point", "coordinates": [ -80.85745, 35.41438 ] } },
{ "type": "Feature", "properties": { "track_fid": 0, "track_seg_id": 0, "track_seg_point_id": 568, "ele": 220.06 }, "geometry": { "type": "Point", "coordinates": [ -80.8575, 35.41449 ] } },
{ "type": "Feature", "properties": { "track_fid": 0, "track_seg_id": 0, "track_seg_point_id": 569, "ele": 219.99 }, "geometry": { "type": "Point", "coordinates": [ -80.85754, 35.41449 ] } },
{ "type": "Feature", "properties": { "track_fid": 0, "track_seg_id": 0, "track_seg_point_id": 570, "ele": 219.5 }, "geometry": { "type": "Point", "coordinates": [ -80.858, 35.41438 ] } },
{ "type": "Feature", "properties": { "track_fid": 0, "track_seg_id": 0, "track_seg_point_id": 571, "ele": 219.53 }, "geometry": { "type": "Point", "coordinates": [ -80.85804, 35.41435 ] } },
{ "type": "Feature", "properties": { "track_fid": 0, "track_seg_id": 0, "track_seg_point_id": 572, "ele": 219.78 }, "geometry": { "type": "Point", "coordinates": [ -80.85808, 35.41424 ] } },
{ "type": "Feature", "properties": { "track_fid": 0, "track_seg_id": 0, "track_seg_point_id": 573, "ele": 219.87 }, "geometry": { "type": "Point", "coordinates": [ -80.85821, 35.41416 ] } },
{ "type": "Feature", "properties": { "track_fid": 0, "track_seg_id": 0, "track_seg_point_id": 574, "ele": 218.52 }, "geometry": { "type": "Point", "coordinates": [ -80.8591, 35.41398 ] } },
{ "type": "Feature", "properties": { "track_fid": 0, "track_seg_id": 0, "track_seg_point_id": 575, "ele": 217.97 }, "geometry": { "type": "Point", "coordinates": [ -80.85938, 35.41394 ] } },
{ "type": "Feature", "properties": { "track_fid": 0, "track_seg_id": 0, "track_seg_point_id": 576, "ele": 216.29 }, "geometry": { "type": "Point", "coordinates": [ -80.8597, 35.41402 ] } },
{ "type": "Feature", "properties": { "track_fid": 0, "track_seg_id": 0, "track_seg_point_id": 577, "ele": 216.02 }, "geometry": { "type": "Point", "coordinates": [ -80.85988, 35.41404 ] } },
{ "type": "Feature", "properties": { "track_fid": 0, "track_seg_id": 0, "track_seg_point_id": 578, "ele": 215.12 }, "geometry": { "type": "Point", "coordinates": [ -80.86076, 35.41402 ] } },
{ "type": "Feature", "properties": { "track_fid": 0, "track_seg_id": 0, "track_seg_point_id": 579, "ele": 215.11 }, "geometry": { "type": "Point", "coordinates": [ -80.86077, 35.41402 ] } },
{ "type": "Feature", "properties": { "track_fid": 0, "track_seg_id": 0, "track_seg_point_id": 580, "ele": 215.02 }, "geometry": { "type": "Point", "coordinates": [ -80.86112, 35.41402 ] } },
{ "type": "Feature", "properties": { "track_fid": 0, "track_seg_id": 0, "track_seg_point_id": 581, "ele": 215.23 }, "geometry": { "type": "Point", "coordinates": [ -80.86184, 35.41391 ] } },
{ "type": "Feature", "properties": { "track_fid": 0, "track_seg_id": 0, "track_seg_point_id": 582, "ele": 215.21 }, "geometry": { "type": "Point", "coordinates": [ -80.86238, 35.41395 ] } },
{ "type": "Feature", "properties": { "track_fid": 0, "track_seg_id": 0, "track_seg_point_id": 583, "ele": 215.39 }, "geometry": { "type": "Point", "coordinates": [ -80.86251, 35.41402 ] } },
{ "type": "Feature", "properties": { "track_fid": 0, "track_seg_id": 0, "track_seg_point_id": 584, "ele": 215.39 }, "geometry": { "type": "Point", "coordinates": [ -80.8626, 35.41404 ] } },
{ "type": "Feature", "properties": { "track_fid": 0, "track_seg_id": 0, "track_seg_point_id": 585, "ele": 215.5 }, "geometry": { "type": "Point", "coordinates": [ -80.86274, 35.41403 ] } },
{ "type": "Feature", "properties": { "track_fid": 0, "track_seg_id": 0, "track_seg_point_id": 586, "ele": 215.5 }, "geometry": { "type": "Point", "coordinates": [ -80.86282, 35.41399 ] } },
{ "type": "Feature", "properties": { "track_fid": 0, "track_seg_id": 0, "track_seg_point_id": 587, "ele": 215.67 }, "geometry": { "type": "Point", "coordinates": [ -80.8629, 35.41388 ] } },
{ "type": "Feature", "properties": { "track_fid": 0, "track_seg_id": 0, "track_seg_point_id": 588, "ele": 215.66 }, "geometry": { "type": "Point", "coordinates": [ -80.86304, 35.41377 ] } },
{ "type": "Feature", "properties": { "track_fid": 0, "track_seg_id": 0, "track_seg_point_id": 589, "ele": 215.6 }, "geometry": { "type": "Point", "coordinates": [ -80.86314, 35.41364 ] } },
{ "type": "Feature", "properties": { "track_fid": 0, "track_seg_id": 0, "track_seg_point_id": 590, "ele": 215.13 }, "geometry": { "type": "Point", "coordinates": [ -80.86331, 35.41333 ] } },
{ "type": "Feature", "properties": { "track_fid": 0, "track_seg_id": 0, "track_seg_point_id": 591, "ele": 214.85 }, "geometry": { "type": "Point", "coordinates": [ -80.86341, 35.41322 ] } },
{ "type": "Feature", "properties": { "track_fid": 0, "track_seg_id": 0, "track_seg_point_id": 592, "ele": 213.79 }, "geometry": { "type": "Point", "coordinates": [ -80.86385, 35.41292 ] } },
{ "type": "Feature", "properties": { "track_fid": 0, "track_seg_id": 0, "track_seg_point_id": 593, "ele": 213.8 }, "geometry": { "type": "Point", "coordinates": [ -80.86385, 35.41291 ] } },
{ "type": "Feature", "properties": { "track_fid": 0, "track_seg_id": 0, "track_seg_point_id": 594, "ele": 213.77 }, "geometry": { "type": "Point", "coordinates": [ -80.86395, 35.41285 ] } },
{ "type": "Feature", "properties": { "track_fid": 0, "track_seg_id": 0, "track_seg_point_id": 595, "ele": 213.55 }, "geometry": { "type": "Point", "coordinates": [ -80.86404, 35.41284 ] } },
{ "type": "Feature", "properties": { "track_fid": 0, "track_seg_id": 0, "track_seg_point_id": 596, "ele": 213.48 }, "geometry": { "type": "Point", "coordinates": [ -80.86444, 35.41286 ] } },
{ "type": "Feature", "properties": { "track_fid": 0, "track_seg_id": 0, "track_seg_point_id": 597, "ele": 213.38 }, "geometry": { "type": "Point", "coordinates": [ -80.86515, 35.41263 ] } },
{ "type": "Feature", "properties": { "track_fid": 0, "track_seg_id": 0, "track_seg_point_id": 598, "ele": 213.38 }, "geometry": { "type": "Point", "coordinates": [ -80.86524, 35.41257 ] } },
{ "type": "Feature", "properties": { "track_fid": 0, "track_seg_id": 0, "track_seg_point_id": 599, "ele": 213.31 }, "geometry": { "type": "Point", "coordinates": [ -80.86556, 35.41229 ] } },
{ "type": "Feature", "properties": { "track_fid": 0, "track_seg_id": 0, "track_seg_point_id": 600, "ele": 213.33 }, "geometry": { "type": "Point", "coordinates": [ -80.86597, 35.41204 ] } },
{ "type": "Feature", "properties": { "track_fid": 0, "track_seg_id": 0, "track_seg_point_id": 601, "ele": 213.57 }, "geometry": { "type": "Point", "coordinates": [ -80.866, 35.41186 ] } },
{ "type": "Feature", "properties": { "track_fid": 0, "track_seg_id": 0, "track_seg_point_id": 602, "ele": 213.57 }, "geometry": { "type": "Point", "coordinates": [ -80.86605, 35.41175 ] } },
{ "type": "Feature", "properties": { "track_fid": 0, "track_seg_id": 0, "track_seg_point_id": 603, "ele": 213.86 }, "geometry": { "type": "Point", "coordinates": [ -80.86623, 35.41158 ] } },
{ "type": "Feature", "properties": { "track_fid": 0, "track_seg_id": 0, "track_seg_point_id": 604, "ele": 213.88 }, "geometry": { "type": "Point", "coordinates": [ -80.86627, 35.41145 ] } },
{ "type": "Feature", "properties": { "track_fid": 0, "track_seg_id": 0, "track_seg_point_id": 605, "ele": 213.79 }, "geometry": { "type": "Point", "coordinates": [ -80.86641, 35.4114 ] } },
{ "type": "Feature", "properties": { "track_fid": 0, "track_seg_id": 0, "track_seg_point_id": 606, "ele": 213.58 }, "geometry": { "type": "Point", "coordinates": [ -80.86691, 35.41135 ] } },
{ "type": "Feature", "properties": { "track_fid": 0, "track_seg_id": 0, "track_seg_point_id": 607, "ele": 213.28 }, "geometry": { "type": "Point", "coordinates": [ -80.86703, 35.41132 ] } },
{ "type": "Feature", "properties": { "track_fid": 0, "track_seg_id": 0, "track_seg_point_id": 608, "ele": 212.61 }, "geometry": { "type": "Point", "coordinates": [ -80.8673, 35.41117 ] } },
{ "type": "Feature", "properties": { "track_fid": 0, "track_seg_id": 0, "track_seg_point_id": 609, "ele": 212.55 }, "geometry": { "type": "Point", "coordinates": [ -80.86735, 35.41113 ] } },
{ "type": "Feature", "properties": { "track_fid": 0, "track_seg_id": 0, "track_seg_point_id": 610, "ele": 212.55 }, "geometry": { "type": "Point", "coordinates": [ -80.86739, 35.41102 ] } },
{ "type": "Feature", "properties": { "track_fid": 0, "track_seg_id": 0, "track_seg_point_id": 611, "ele": 212.58 }, "geometry": { "type": "Point", "coordinates": [ -80.86744, 35.4107 ] } },
{ "type": "Feature", "properties": { "track_fid": 0, "track_seg_id": 0, "track_seg_point_id": 612, "ele": 212.72 }, "geometry": { "type": "Point", "coordinates": [ -80.86748, 35.41065 ] } },
{ "type": "Feature", "properties": { "track_fid": 0, "track_seg_id": 0, "track_seg_point_id": 613, "ele": 213.08 }, "geometry": { "type": "Point", "coordinates": [ -80.86757, 35.41056 ] } },
{ "type": "Feature", "properties": { "track_fid": 0, "track_seg_id": 0, "track_seg_point_id": 614, "ele": 213.22 }, "geometry": { "type": "Point", "coordinates": [ -80.86773, 35.41047 ] } },
{ "type": "Feature", "properties": { "track_fid": 0, "track_seg_id": 0, "track_seg_point_id": 615, "ele": 213.2 }, "geometry": { "type": "Point", "coordinates": [ -80.8678, 35.4104 ] } },
{ "type": "Feature", "properties": { "track_fid": 0, "track_seg_id": 0, "track_seg_point_id": 616, "ele": 213.1 }, "geometry": { "type": "Point", "coordinates": [ -80.86783, 35.41014 ] } },
{ "type": "Feature", "properties": { "track_fid": 0, "track_seg_id": 0, "track_seg_point_id": 617, "ele": 213.03 }, "geometry": { "type": "Point", "coordinates": [ -80.86776, 35.41014 ] } },
{ "type": "Feature", "properties": { "track_fid": 0, "track_seg_id": 0, "track_seg_point_id": 618, "ele": 212.87 }, "geometry": { "type": "Point", "coordinates": [ -80.86776, 35.41011 ] } },
{ "type": "Feature", "properties": { "track_fid": 0, "track_seg_id": 0, "track_seg_point_id": 619, "ele": 212.76 }, "geometry": { "type": "Point", "coordinates": [ -80.86776, 35.41003 ] } },
{ "type": "Feature", "properties": { "track_fid": 0, "track_seg_id": 0, "track_seg_point_id": 620, "ele": 212.64 }, "geometry": { "type": "Point", "coordinates": [ -80.86783, 35.41003 ] } },
{ "type": "Feature", "properties": { "track_fid": 0, "track_seg_id": 0, "track_seg_point_id": 621, "ele": 211.79 }, "geometry": { "type": "Point", "coordinates": [ -80.86785, 35.4098 ] } },
{ "type": "Feature", "properties": { "track_fid": 0, "track_seg_id": 0, "track_seg_point_id": 622, "ele": 211.42 }, "geometry": { "type": "Point", "coordinates": [ -80.86784, 35.40951 ] } },
{ "type": "Feature", "properties": { "track_fid": 0, "track_seg_id": 0, "track_seg_point_id": 623, "ele": 211.38 }, "geometry": { "type": "Point", "coordinates": [ -80.86788, 35.40943 ] } },
{ "type": "Feature", "properties": { "track_fid": 0, "track_seg_id": 0, "track_seg_point_id": 624, "ele": 211.34 }, "geometry": { "type": "Point", "coordinates": [ -80.86798, 35.40927 ] } },
{ "type": "Feature", "properties": { "track_fid": 0, "track_seg_id": 0, "track_seg_point_id": 625, "ele": 211.1 }, "geometry": { "type": "Point", "coordinates": [ -80.8682, 35.40909 ] } },
{ "type": "Feature", "properties": { "track_fid": 0, "track_seg_id": 0, "track_seg_point_id": 626, "ele": 210.94 }, "geometry": { "type": "Point", "coordinates": [ -80.86842, 35.40872 ] } },
{ "type": "Feature", "properties": { "track_fid": 0, "track_seg_id": 0, "track_seg_point_id": 627, "ele": 210.4 }, "geometry": { "type": "Point", "coordinates": [ -80.868895, 35.408105 ] } },
{ "type": "Feature", "properties": { "track_fid": 0, "track_seg_id": 0, "track_seg_point_id": 628, "ele": 210.06 }, "geometry": { "type": "Point", "coordinates": [ -80.86937, 35.40749 ] } },
{ "type": "Feature", "properties": { "track_fid": 0, "track_seg_id": 0, "track_seg_point_id": 629, "ele": 209.95 }, "geometry": { "type": "Point", "coordinates": [ -80.86964, 35.40733 ] } },
{ "type": "Feature", "properties": { "track_fid": 0, "track_seg_id": 0, "track_seg_point_id": 630, "ele": 209.62 }, "geometry": { "type": "Point", "coordinates": [ -80.87044, 35.40702 ] } },
{ "type": "Feature", "properties": { "track_fid": 0, "track_seg_id": 0, "track_seg_point_id": 631, "ele": 209.13 }, "geometry": { "type": "Point", "coordinates": [ -80.87147, 35.40672 ] } },
{ "type": "Feature", "properties": { "track_fid": 0, "track_seg_id": 0, "track_seg_point_id": 632, "ele": 209.01 }, "geometry": { "type": "Point", "coordinates": [ -80.87219, 35.40647 ] } },
{ "type": "Feature", "properties": { "track_fid": 0, "track_seg_id": 0, "track_seg_point_id": 633, "ele": 209.11 }, "geometry": { "type": "Point", "coordinates": [ -80.87268, 35.40634 ] } },
{ "type": "Feature", "properties": { "track_fid": 0, "track_seg_id": 0, "track_seg_point_id": 634, "ele": 209.06 }, "geometry": { "type": "Point", "coordinates": [ -80.87298, 35.40616 ] } },
{ "type": "Feature", "properties": { "track_fid": 0, "track_seg_id": 0, "track_seg_point_id": 635, "ele": 208.9 }, "geometry": { "type": "Point", "coordinates": [ -80.87308, 35.40604 ] } },
{ "type": "Feature", "properties": { "track_fid": 0, "track_seg_id": 0, "track_seg_point_id": 636, "ele": 208.46 }, "geometry": { "type": "Point", "coordinates": [ -80.87318, 35.40583 ] } },
{ "type": "Feature", "properties": { "track_fid": 0, "track_seg_id": 0, "track_seg_point_id": 637, "ele": 208.48 }, "geometry": { "type": "Point", "coordinates": [ -80.87333, 35.40573 ] } },
{ "type": "Feature", "properties": { "track_fid": 0, "track_seg_id": 0, "track_seg_point_id": 638, "ele": 208.48 }, "geometry": { "type": "Point", "coordinates": [ -80.87339, 35.40571 ] } },
{ "type": "Feature", "properties": { "track_fid": 0, "track_seg_id": 0, "track_seg_point_id": 639, "ele": 208.75 }, "geometry": { "type": "Point", "coordinates": [ -80.87353, 35.40573 ] } },
{ "type": "Feature", "properties": { "track_fid": 0, "track_seg_id": 0, "track_seg_point_id": 640, "ele": 209.7 }, "geometry": { "type": "Point", "coordinates": [ -80.87402, 35.40595 ] } },
{ "type": "Feature", "properties": { "track_fid": 0, "track_seg_id": 0, "track_seg_point_id": 641, "ele": 210.22 }, "geometry": { "type": "Point", "coordinates": [ -80.87424, 35.40591 ] } },
{ "type": "Feature", "properties": { "track_fid": 0, "track_seg_id": 0, "track_seg_point_id": 642, "ele": 210.39 }, "geometry": { "type": "Point", "coordinates": [ -80.87438, 35.40592 ] } },
{ "type": "Feature", "properties": { "track_fid": 0, "track_seg_id": 0, "track_seg_point_id": 643, "ele": 210.45 }, "geometry": { "type": "Point", "coordinates": [ -80.87446, 35.4059 ] } },
{ "type": "Feature", "properties": { "track_fid": 0, "track_seg_id": 0, "track_seg_point_id": 644, "ele": 210.22 }, "geometry": { "type": "Point", "coordinates": [ -80.8746, 35.40578 ] } },
{ "type": "Feature", "properties": { "track_fid": 0, "track_seg_id": 0, "track_seg_point_id": 645, "ele": 209.75 }, "geometry": { "type": "Point", "coordinates": [ -80.87456, 35.40565 ] } },
{ "type": "Feature", "properties": { "track_fid": 0, "track_seg_id": 0, "track_seg_point_id": 646, "ele": 208.36 }, "geometry": { "type": "Point", "coordinates": [ -80.87432, 35.40528 ] } },
{ "type": "Feature", "properties": { "track_fid": 0, "track_seg_id": 0, "track_seg_point_id": 647, "ele": 208.21 }, "geometry": { "type": "Point", "coordinates": [ -80.87429, 35.40516 ] } },
{ "type": "Feature", "properties": { "track_fid": 0, "track_seg_id": 0, "track_seg_point_id": 648, "ele": 208.07 }, "geometry": { "type": "Point", "coordinates": [ -80.87429, 35.4051 ] } },
{ "type": "Feature", "properties": { "track_fid": 0, "track_seg_id": 0, "track_seg_point_id": 649, "ele": 207.83 }, "geometry": { "type": "Point", "coordinates": [ -80.87465, 35.40479 ] } },
{ "type": "Feature", "properties": { "track_fid": 0, "track_seg_id": 0, "track_seg_point_id": 650, "ele": 207.83 }, "geometry": { "type": "Point", "coordinates": [ -80.87466, 35.40479 ] } },
{ "type": "Feature", "properties": { "track_fid": 0, "track_seg_id": 0, "track_seg_point_id": 651, "ele": 207.74 }, "geometry": { "type": "Point", "coordinates": [ -80.87479, 35.40467 ] } },
{ "type": "Feature", "properties": { "track_fid": 0, "track_seg_id": 0, "track_seg_point_id": 652, "ele": 207.56 }, "geometry": { "type": "Point", "coordinates": [ -80.87537, 35.4042733 ] } },
{ "type": "Feature", "properties": { "track_fid": 0, "track_seg_id": 0, "track_seg_point_id": 653, "ele": 207.45 }, "geometry": { "type": "Point", "coordinates": [ -80.87595, 35.4038767 ] } },
{ "type": "Feature", "properties": { "track_fid": 0, "track_seg_id": 0, "track_seg_point_id": 654, "ele": 207.16 }, "geometry": { "type": "Point", "coordinates": [ -80.87653, 35.40348 ] } },
{ "type": "Feature", "properties": { "track_fid": 0, "track_seg_id": 0, "track_seg_point_id": 655, "ele": 206.94 }, "geometry": { "type": "Point", "coordinates": [ -80.87658, 35.40312 ] } },
{ "type": "Feature", "properties": { "track_fid": 0, "track_seg_id": 0, "track_seg_point_id": 656, "ele": 206.79 }, "geometry": { "type": "Point", "coordinates": [ -80.87666, 35.40304 ] } },
{ "type": "Feature", "properties": { "track_fid": 0, "track_seg_id": 0, "track_seg_point_id": 657, "ele": 206.79 }, "geometry": { "type": "Point", "coordinates": [ -80.87684, 35.40294 ] } },
{ "type": "Feature", "properties": { "track_fid": 0, "track_seg_id": 0, "track_seg_point_id": 658, "ele": 206.35 }, "geometry": { "type": "Point", "coordinates": [ -80.87733, 35.40278 ] } },
{ "type": "Feature", "properties": { "track_fid": 0, "track_seg_id": 0, "track_seg_point_id": 659, "ele": 206.34 }, "geometry": { "type": "Point", "coordinates": [ -80.87818, 35.40254 ] } },
{ "type": "Feature", "properties": { "track_fid": 0, "track_seg_id": 0, "track_seg_point_id": 660, "ele": 206.56 }, "geometry": { "type": "Point", "coordinates": [ -80.87827, 35.40248 ] } },
{ "type": "Feature", "properties": { "track_fid": 0, "track_seg_id": 0, "track_seg_point_id": 661, "ele": 206.5 }, "geometry": { "type": "Point", "coordinates": [ -80.87839, 35.40227 ] } },
{ "type": "Feature", "properties": { "track_fid": 0, "track_seg_id": 0, "track_seg_point_id": 662, "ele": 206.5 }, "geometry": { "type": "Point", "coordinates": [ -80.87845, 35.40225 ] } },
{ "type": "Feature", "properties": { "track_fid": 0, "track_seg_id": 0, "track_seg_point_id": 663, "ele": 206.38 }, "geometry": { "type": "Point", "coordinates": [ -80.87861, 35.40182 ] } },
{ "type": "Feature", "properties": { "track_fid": 0, "track_seg_id": 0, "track_seg_point_id": 664, "ele": 206.12 }, "geometry": { "type": "Point", "coordinates": [ -80.87867, 35.40167 ] } },
{ "type": "Feature", "properties": { "track_fid": 0, "track_seg_id": 0, "track_seg_point_id": 665, "ele": 206.12 }, "geometry": { "type": "Point", "coordinates": [ -80.87874, 35.40157 ] } },
{ "type": "Feature", "properties": { "track_fid": 0, "track_seg_id": 0, "track_seg_point_id": 666, "ele": 205.97 }, "geometry": { "type": "Point", "coordinates": [ -80.87886, 35.40164 ] } },
{ "type": "Feature", "properties": { "track_fid": 0, "track_seg_id": 0, "track_seg_point_id": 667, "ele": 205.91 }, "geometry": { "type": "Point", "coordinates": [ -80.87896, 35.40168 ] } },
{ "type": "Feature", "properties": { "track_fid": 0, "track_seg_id": 0, "track_seg_point_id": 668, "ele": 205.89 }, "geometry": { "type": "Point", "coordinates": [ -80.87935, 35.40197 ] } },
{ "type": "Feature", "properties": { "track_fid": 0, "track_seg_id": 0, "track_seg_point_id": 669, "ele": 205.71 }, "geometry": { "type": "Point", "coordinates": [ -80.88005, 35.40217 ] } },
{ "type": "Feature", "properties": { "track_fid": 0, "track_seg_id": 0, "track_seg_point_id": 670, "ele": 205.49 }, "geometry": { "type": "Point", "coordinates": [ -80.88022, 35.40237 ] } },
{ "type": "Feature", "properties": { "track_fid": 0, "track_seg_id": 0, "track_seg_point_id": 671, "ele": 205.39 }, "geometry": { "type": "Point", "coordinates": [ -80.88042, 35.4025 ] } },
{ "type": "Feature", "properties": { "track_fid": 0, "track_seg_id": 0, "track_seg_point_id": 672, "ele": 205.03 }, "geometry": { "type": "Point", "coordinates": [ -80.88056, 35.40257 ] } },
{ "type": "Feature", "properties": { "track_fid": 0, "track_seg_id": 0, "track_seg_point_id": 673, "ele": 205.17 }, "geometry": { "type": "Point", "coordinates": [ -80.88105, 35.40264 ] } },
{ "type": "Feature", "properties": { "track_fid": 0, "track_seg_id": 0, "track_seg_point_id": 674, "ele": 205.23 }, "geometry": { "type": "Point", "coordinates": [ -80.88123, 35.40271 ] } },
{ "type": "Feature", "properties": { "track_fid": 0, "track_seg_id": 0, "track_seg_point_id": 675, "ele": 205.02 }, "geometry": { "type": "Point", "coordinates": [ -80.88186, 35.40314 ] } },
{ "type": "Feature", "properties": { "track_fid": 0, "track_seg_id": 0, "track_seg_point_id": 676, "ele": 205.1 }, "geometry": { "type": "Point", "coordinates": [ -80.88212, 35.40324 ] } },
{ "type": "Feature", "properties": { "track_fid": 0, "track_seg_id": 0, "track_seg_point_id": 677, "ele": 205.29 }, "geometry": { "type": "Point", "coordinates": [ -80.88274, 35.4034 ] } },
{ "type": "Feature", "properties": { "track_fid": 0, "track_seg_id": 0, "track_seg_point_id": 678, "ele": 206.21 }, "geometry": { "type": "Point", "coordinates": [ -80.88309, 35.40356 ] } },
{ "type": "Feature", "properties": { "track_fid": 0, "track_seg_id": 0, "track_seg_point_id": 679, "ele": 204.7 }, "geometry": { "type": "Point", "coordinates": [ -80.88347, 35.40369 ] } },
{ "type": "Feature", "properties": { "track_fid": 0, "track_seg_id": 0, "track_seg_point_id": 680, "ele": 204.48 }, "geometry": { "type": "Point", "coordinates": [ -80.88361, 35.40372 ] } },
{ "type": "Feature", "properties": { "track_fid": 0, "track_seg_id": 0, "track_seg_point_id": 681, "ele": 204.36 }, "geometry": { "type": "Point", "coordinates": [ -80.88383, 35.40368 ] } },
{ "type": "Feature", "properties": { "track_fid": 0, "track_seg_id": 0, "track_seg_point_id": 682, "ele": 204.62 }, "geometry": { "type": "Point", "coordinates": [ -80.88419, 35.40357 ] } },
{ "type": "Feature", "properties": { "track_fid": 0, "track_seg_id": 0, "track_seg_point_id": 683, "ele": 204.59 }, "geometry": { "type": "Point", "coordinates": [ -80.88436, 35.40356 ] } },
{ "type": "Feature", "properties": { "track_fid": 0, "track_seg_id": 0, "track_seg_point_id": 684, "ele": 204.44 }, "geometry": { "type": "Point", "coordinates": [ -80.88463, 35.40361 ] } },
{ "type": "Feature", "properties": { "track_fid": 0, "track_seg_id": 0, "track_seg_point_id": 685, "ele": 204.71 }, "geometry": { "type": "Point", "coordinates": [ -80.88498, 35.40378 ] } },
{ "type": "Feature", "properties": { "track_fid": 0, "track_seg_id": 0, "track_seg_point_id": 686, "ele": 204.78 }, "geometry": { "type": "Point", "coordinates": [ -80.88548, 35.40385 ] } },
{ "type": "Feature", "properties": { "track_fid": 0, "track_seg_id": 0, "track_seg_point_id": 687, "ele": 204.29 }, "geometry": { "type": "Point", "coordinates": [ -80.88589, 35.40421 ] } },
{ "type": "Feature", "properties": { "track_fid": 0, "track_seg_id": 0, "track_seg_point_id": 688, "ele": 204.09 }, "geometry": { "type": "Point", "coordinates": [ -80.88633, 35.40439 ] } },
{ "type": "Feature", "properties": { "track_fid": 0, "track_seg_id": 0, "track_seg_point_id": 689, "ele": 204.32 }, "geometry": { "type": "Point", "coordinates": [ -80.88678, 35.404665 ] } },
{ "type": "Feature", "properties": { "track_fid": 0, "track_seg_id": 0, "track_seg_point_id": 690, "ele": 204.26 }, "geometry": { "type": "Point", "coordinates": [ -80.88723, 35.40494 ] } },
{ "type": "Feature", "properties": { "track_fid": 0, "track_seg_id": 0, "track_seg_point_id": 691, "ele": 204.22 }, "geometry": { "type": "Point", "coordinates": [ -80.88732, 35.40497 ] } },
{ "type": "Feature", "properties": { "track_fid": 0, "track_seg_id": 0, "track_seg_point_id": 692, "ele": 203.97 }, "geometry": { "type": "Point", "coordinates": [ -80.88781, 35.40502 ] } },
{ "type": "Feature", "properties": { "track_fid": 0, "track_seg_id": 0, "track_seg_point_id": 693, "ele": 203.94 }, "geometry": { "type": "Point", "coordinates": [ -80.88826, 35.40502 ] } },
{ "type": "Feature", "properties": { "track_fid": 0, "track_seg_id": 0, "track_seg_point_id": 694, "ele": 203.5 }, "geometry": { "type": "Point", "coordinates": [ -80.88861, 35.40485 ] } },
{ "type": "Feature", "properties": { "track_fid": 0, "track_seg_id": 0, "track_seg_point_id": 695, "ele": 203.5 }, "geometry": { "type": "Point", "coordinates": [ -80.8887, 35.40483 ] } },
{ "type": "Feature", "properties": { "track_fid": 0, "track_seg_id": 0, "track_seg_point_id": 696, "ele": 203.57 }, "geometry": { "type": "Point", "coordinates": [ -80.88884, 35.40484 ] } },
{ "type": "Feature", "properties": { "track_fid": 0, "track_seg_id": 0, "track_seg_point_id": 697, "ele": 203.51 }, "geometry": { "type": "Point", "coordinates": [ -80.88924, 35.405 ] } },
{ "type": "Feature", "properties": { "track_fid": 0, "track_seg_id": 0, "track_seg_point_id": 698, "ele": 203.58 }, "geometry": { "type": "Point", "coordinates": [ -80.88937, 35.40503 ] } },
{ "type": "Feature", "properties": { "track_fid": 0, "track_seg_id": 0, "track_seg_point_id": 699, "ele": 203.48 }, "geometry": { "type": "Point", "coordinates": [ -80.89013, 35.40504 ] } },
{ "type": "Feature", "properties": { "track_fid": 0, "track_seg_id": 0, "track_seg_point_id": 700, "ele": 203.4 }, "geometry": { "type": "Point", "coordinates": [ -80.89049, 35.40511 ] } },
{ "type": "Feature", "properties": { "track_fid": 0, "track_seg_id": 0, "track_seg_point_id": 701, "ele": 203.3 }, "geometry": { "type": "Point", "coordinates": [ -80.89098, 35.40513 ] } },
{ "type": "Feature", "properties": { "track_fid": 0, "track_seg_id": 0, "track_seg_point_id": 702, "ele": 203.26 }, "geometry": { "type": "Point", "coordinates": [ -80.89119, 35.40515 ] } },
{ "type": "Feature", "properties": { "track_fid": 0, "track_seg_id": 0, "track_seg_point_id": 703, "ele": 203.22 }, "geometry": { "type": "Point", "coordinates": [ -80.89118, 35.40566 ] } },
{ "type": "Feature", "properties": { "track_fid": 0, "track_seg_id": 0, "track_seg_point_id": 704, "ele": 203.16 }, "geometry": { "type": "Point", "coordinates": [ -80.89139, 35.40567 ] } },
{ "type": "Feature", "properties": { "track_fid": 0, "track_seg_id": 0, "track_seg_point_id": 705, "ele": 202.98 }, "geometry": { "type": "Point", "coordinates": [ -80.89144, 35.40569 ] } },
{ "type": "Feature", "properties": { "track_fid": 0, "track_seg_id": 0, "track_seg_point_id": 706, "ele": 203.02 }, "geometry": { "type": "Point", "coordinates": [ -80.89179, 35.40602 ] } },
{ "type": "Feature", "properties": { "track_fid": 0, "track_seg_id": 0, "track_seg_point_id": 707, "ele": 203.35 }, "geometry": { "type": "Point", "coordinates": [ -80.89203, 35.40643 ] } },
{ "type": "Feature", "properties": { "track_fid": 0, "track_seg_id": 0, "track_seg_point_id": 708, "ele": 203.73 }, "geometry": { "type": "Point", "coordinates": [ -80.89211, 35.40669 ] } },
{ "type": "Feature", "properties": { "track_fid": 0, "track_seg_id": 0, "track_seg_point_id": 709, "ele": 203.83 }, "geometry": { "type": "Point", "coordinates": [ -80.89206, 35.40679 ] } },
{ "type": "Feature", "properties": { "track_fid": 0, "track_seg_id": 0, "track_seg_point_id": 710, "ele": 203.87 }, "geometry": { "type": "Point", "coordinates": [ -80.89197, 35.40681 ] } },
{ "type": "Feature", "properties": { "track_fid": 0, "track_seg_id": 0, "track_seg_point_id": 711, "ele": 203.81 }, "geometry": { "type": "Point", "coordinates": [ -80.8917, 35.40681 ] } },
{ "type": "Feature", "properties": { "track_fid": 0, "track_seg_id": 0, "track_seg_point_id": 712, "ele": 203.11 }, "geometry": { "type": "Point", "coordinates": [ -80.89135, 35.40685 ] } },
{ "type": "Feature", "properties": { "track_fid": 0, "track_seg_id": 0, "track_seg_point_id": 713, "ele": 203.11 }, "geometry": { "type": "Point", "coordinates": [ -80.89126, 35.40689 ] } },
{ "type": "Feature", "properties": { "track_fid": 0, "track_seg_id": 0, "track_seg_point_id": 714, "ele": 202.91 }, "geometry": { "type": "Point", "coordinates": [ -80.89093, 35.40708 ] } },
{ "type": "Feature", "properties": { "track_fid": 0, "track_seg_id": 0, "track_seg_point_id": 715, "ele": 203.15 }, "geometry": { "type": "Point", "coordinates": [ -80.89058, 35.4074 ] } },
{ "type": "Feature", "properties": { "track_fid": 0, "track_seg_id": 0, "track_seg_point_id": 716, "ele": 203.47 }, "geometry": { "type": "Point", "coordinates": [ -80.89019, 35.40768 ] } },
{ "type": "Feature", "properties": { "track_fid": 0, "track_seg_id": 0, "track_seg_point_id": 717, "ele": 203.62 }, "geometry": { "type": "Point", "coordinates": [ -80.88991, 35.40782 ] } },
{ "type": "Feature", "properties": { "track_fid": 0, "track_seg_id": 0, "track_seg_point_id": 718, "ele": 203.61 }, "geometry": { "type": "Point", "coordinates": [ -80.88973, 35.40797 ] } },
{ "type": "Feature", "properties": { "track_fid": 0, "track_seg_id": 0, "track_seg_point_id": 719, "ele": 203.5 }, "geometry": { "type": "Point", "coordinates": [ -80.889285, 35.40842 ] } },
{ "type": "Feature", "properties": { "track_fid": 0, "track_seg_id": 0, "track_seg_point_id": 720, "ele": 203.67 }, "geometry": { "type": "Point", "coordinates": [ -80.88884, 35.40887 ] } },
{ "type": "Feature", "properties": { "track_fid": 0, "track_seg_id": 0, "track_seg_point_id": 721, "ele": 203.74 }, "geometry": { "type": "Point", "coordinates": [ -80.88861, 35.40911 ] } },
{ "type": "Feature", "properties": { "track_fid": 0, "track_seg_id": 0, "track_seg_point_id": 722, "ele": 204.01 }, "geometry": { "type": "Point", "coordinates": [ -80.88848, 35.40932 ] } },
{ "type": "Feature", "properties": { "track_fid": 0, "track_seg_id": 0, "track_seg_point_id": 723, "ele": 204.07 }, "geometry": { "type": "Point", "coordinates": [ -80.88831, 35.40969 ] } },
{ "type": "Feature", "properties": { "track_fid": 0, "track_seg_id": 0, "track_seg_point_id": 724, "ele": 204.03 }, "geometry": { "type": "Point", "coordinates": [ -80.8883, 35.40977 ] } },
{ "type": "Feature", "properties": { "track_fid": 0, "track_seg_id": 0, "track_seg_point_id": 725, "ele": 204.03 }, "geometry": { "type": "Point", "coordinates": [ -80.8883, 35.40976 ] } },
{ "type": "Feature", "properties": { "track_fid": 0, "track_seg_id": 0, "track_seg_point_id": 726, "ele": 204.12 }, "geometry": { "type": "Point", "coordinates": [ -80.88812, 35.41062 ] } },
{ "type": "Feature", "properties": { "track_fid": 0, "track_seg_id": 0, "track_seg_point_id": 727, "ele": 204.1 }, "geometry": { "type": "Point", "coordinates": [ -80.88794, 35.41148 ] } },
{ "type": "Feature", "properties": { "track_fid": 0, "track_seg_id": 0, "track_seg_point_id": 728, "ele": 204.12 }, "geometry": { "type": "Point", "coordinates": [ -80.88785, 35.41162 ] } },
{ "type": "Feature", "properties": { "track_fid": 0, "track_seg_id": 0, "track_seg_point_id": 729, "ele": 204.29 }, "geometry": { "type": "Point", "coordinates": [ -80.88785, 35.41181 ] } },
{ "type": "Feature", "properties": { "track_fid": 0, "track_seg_id": 0, "track_seg_point_id": 730, "ele": 204.27 }, "geometry": { "type": "Point", "coordinates": [ -80.88764, 35.412595 ] } },
{ "type": "Feature", "properties": { "track_fid": 0, "track_seg_id": 0, "track_seg_point_id": 731, "ele": 204.3 }, "geometry": { "type": "Point", "coordinates": [ -80.88743, 35.41338 ] } },
{ "type": "Feature", "properties": { "track_fid": 0, "track_seg_id": 0, "track_seg_point_id": 732, "ele": 204.47 }, "geometry": { "type": "Point", "coordinates": [ -80.8872867, 35.4139967 ] } },
{ "type": "Feature", "properties": { "track_fid": 0, "track_seg_id": 0, "track_seg_point_id": 733, "ele": 204.6 }, "geometry": { "type": "Point", "coordinates": [ -80.8871433, 35.4146133 ] } },
{ "type": "Feature", "properties": { "track_fid": 0, "track_seg_id": 0, "track_seg_point_id": 734, "ele": 204.65 }, "geometry": { "type": "Point", "coordinates": [ -80.887, 35.41523 ] } },
{ "type": "Feature", "properties": { "track_fid": 0, "track_seg_id": 0, "track_seg_point_id": 735, "ele": 204.53 }, "geometry": { "type": "Point", "coordinates": [ -80.88696, 35.41578 ] } },
{ "type": "Feature", "properties": { "track_fid": 0, "track_seg_id": 0, "track_seg_point_id": 736, "ele": 204.59 }, "geometry": { "type": "Point", "coordinates": [ -80.88674, 35.41636 ] } },
{ "type": "Feature", "properties": { "track_fid": 0, "track_seg_id": 0, "track_seg_point_id": 737, "ele": 204.59 }, "geometry": { "type": "Point", "coordinates": [ -80.88662, 35.4169 ] } },
{ "type": "Feature", "properties": { "track_fid": 0, "track_seg_id": 0, "track_seg_point_id": 738, "ele": 205.17 }, "geometry": { "type": "Point", "coordinates": [ -80.8865, 35.41744 ] } },
{ "type": "Feature", "properties": { "track_fid": 0, "track_seg_id": 0, "track_seg_point_id": 739, "ele": 205.18 }, "geometry": { "type": "Point", "coordinates": [ -80.88638, 35.41783 ] } },
{ "type": "Feature", "properties": { "track_fid": 0, "track_seg_id": 0, "track_seg_point_id": 740, "ele": 205.32 }, "geometry": { "type": "Point", "coordinates": [ -80.88637, 35.41831 ] } },
{ "type": "Feature", "properties": { "track_fid": 0, "track_seg_id": 0, "track_seg_point_id": 741, "ele": 205.6 }, "geometry": { "type": "Point", "coordinates": [ -80.88629, 35.41883 ] } },
{ "type": "Feature", "properties": { "track_fid": 0, "track_seg_id": 0, "track_seg_point_id": 742, "ele": 205.7 }, "geometry": { "type": "Point", "coordinates": [ -80.88633, 35.41926 ] } },
{ "type": "Feature", "properties": { "track_fid": 0, "track_seg_id": 0, "track_seg_point_id": 743, "ele": 205.78 }, "geometry": { "type": "Point", "coordinates": [ -80.88646, 35.41974 ] } },
{ "type": "Feature", "properties": { "track_fid": 0, "track_seg_id": 0, "track_seg_point_id": 744, "ele": 205.77 }, "geometry": { "type": "Point", "coordinates": [ -80.8866, 35.42008 ] } },
{ "type": "Feature", "properties": { "track_fid": 0, "track_seg_id": 0, "track_seg_point_id": 745, "ele": 206.05 }, "geometry": { "type": "Point", "coordinates": [ -80.88687, 35.42056 ] } },
{ "type": "Feature", "properties": { "track_fid": 0, "track_seg_id": 0, "track_seg_point_id": 746, "ele": 206.09 }, "geometry": { "type": "Point", "coordinates": [ -80.887, 35.42076 ] } },
{ "type": "Feature", "properties": { "track_fid": 0, "track_seg_id": 0, "track_seg_point_id": 747, "ele": 205.91 }, "geometry": { "type": "Point", "coordinates": [ -80.88749, 35.42143 ] } },
{ "type": "Feature", "properties": { "track_fid": 0, "track_seg_id": 0, "track_seg_point_id": 748, "ele": 205.82 }, "geometry": { "type": "Point", "coordinates": [ -80.88767, 35.42155 ] } },
{ "type": "Feature", "properties": { "track_fid": 0, "track_seg_id": 0, "track_seg_point_id": 749, "ele": 205.82 }, "geometry": { "type": "Point", "coordinates": [ -80.88776, 35.42158 ] } },
{ "type": "Feature", "properties": { "track_fid": 0, "track_seg_id": 0, "track_seg_point_id": 750, "ele": 205.89 }, "geometry": { "type": "Point", "coordinates": [ -80.88794, 35.42159 ] } },
{ "type": "Feature", "properties": { "track_fid": 0, "track_seg_id": 0, "track_seg_point_id": 751, "ele": 205.82 }, "geometry": { "type": "Point", "coordinates": [ -80.88776, 35.42158 ] } },
{ "type": "Feature", "properties": { "track_fid": 0, "track_seg_id": 0, "track_seg_point_id": 752, "ele": 205.82 }, "geometry": { "type": "Point", "coordinates": [ -80.88767, 35.42155 ] } },
{ "type": "Feature", "properties": { "track_fid": 0, "track_seg_id": 0, "track_seg_point_id": 753, "ele": 205.91 }, "geometry": { "type": "Point", "coordinates": [ -80.88749, 35.42143 ] } },
{ "type": "Feature", "properties": { "track_fid": 0, "track_seg_id": 0, "track_seg_point_id": 754, "ele": 206.09 }, "geometry": { "type": "Point", "coordinates": [ -80.887, 35.42076 ] } },
{ "type": "Feature", "properties": { "track_fid": 0, "track_seg_id": 0, "track_seg_point_id": 755, "ele": 206.05 }, "geometry": { "type": "Point", "coordinates": [ -80.88687, 35.42056 ] } },
{ "type": "Feature", "properties": { "track_fid": 0, "track_seg_id": 0, "track_seg_point_id": 756, "ele": 205.77 }, "geometry": { "type": "Point", "coordinates": [ -80.8866, 35.42008 ] } },
{ "type": "Feature", "properties": { "track_fid": 0, "track_seg_id": 0, "track_seg_point_id": 757, "ele": 205.78 }, "geometry": { "type": "Point", "coordinates": [ -80.88646, 35.41974 ] } },
{ "type": "Feature", "properties": { "track_fid": 0, "track_seg_id": 0, "track_seg_point_id": 758, "ele": 205.7 }, "geometry": { "type": "Point", "coordinates": [ -80.88633, 35.41926 ] } },
{ "type": "Feature", "properties": { "track_fid": 0, "track_seg_id": 0, "track_seg_point_id": 759, "ele": 205.6 }, "geometry": { "type": "Point", "coordinates": [ -80.88629, 35.41883 ] } },
{ "type": "Feature", "properties": { "track_fid": 0, "track_seg_id": 0, "track_seg_point_id": 760, "ele": 205.32 }, "geometry": { "type": "Point", "coordinates": [ -80.88637, 35.41831 ] } },
{ "type": "Feature", "properties": { "track_fid": 0, "track_seg_id": 0, "track_seg_point_id": 761, "ele": 205.18 }, "geometry": { "type": "Point", "coordinates": [ -80.88638, 35.41783 ] } },
{ "type": "Feature", "properties": { "track_fid": 0, "track_seg_id": 0, "track_seg_point_id": 762, "ele": 205.17 }, "geometry": { "type": "Point", "coordinates": [ -80.8865, 35.41744 ] } },
{ "type": "Feature", "properties": { "track_fid": 0, "track_seg_id": 0, "track_seg_point_id": 763, "ele": 204.59 }, "geometry": { "type": "Point", "coordinates": [ -80.88662, 35.4169 ] } },
{ "type": "Feature", "properties": { "track_fid": 0, "track_seg_id": 0, "track_seg_point_id": 764, "ele": 204.59 }, "geometry": { "type": "Point", "coordinates": [ -80.88674, 35.41636 ] } },
{ "type": "Feature", "properties": { "track_fid": 0, "track_seg_id": 0, "track_seg_point_id": 765, "ele": 204.53 }, "geometry": { "type": "Point", "coordinates": [ -80.88696, 35.41578 ] } },
{ "type": "Feature", "properties": { "track_fid": 0, "track_seg_id": 0, "track_seg_point_id": 766, "ele": 204.65 }, "geometry": { "type": "Point", "coordinates": [ -80.887, 35.41523 ] } },
{ "type": "Feature", "properties": { "track_fid": 0, "track_seg_id": 0, "track_seg_point_id": 767, "ele": 204.6 }, "geometry": { "type": "Point", "coordinates": [ -80.8871433, 35.4146133 ] } },
{ "type": "Feature", "properties": { "track_fid": 0, "track_seg_id": 0, "track_seg_point_id": 768, "ele": 204.47 }, "geometry": { "type": "Point", "coordinates": [ -80.8872867, 35.4139967 ] } },
{ "type": "Feature", "properties": { "track_fid": 0, "track_seg_id": 0, "track_seg_point_id": 769, "ele": 204.3 }, "geometry": { "type": "Point", "coordinates": [ -80.88743, 35.41338 ] } },
{ "type": "Feature", "properties": { "track_fid": 0, "track_seg_id": 0, "track_seg_point_id": 770, "ele": 204.27 }, "geometry": { "type": "Point", "coordinates": [ -80.88764, 35.412595 ] } },
{ "type": "Feature", "properties": { "track_fid": 0, "track_seg_id": 0, "track_seg_point_id": 771, "ele": 204.29 }, "geometry": { "type": "Point", "coordinates": [ -80.88785, 35.41181 ] } },
{ "type": "Feature", "properties": { "track_fid": 0, "track_seg_id": 0, "track_seg_point_id": 772, "ele": 204.12 }, "geometry": { "type": "Point", "coordinates": [ -80.88785, 35.41162 ] } },
{ "type": "Feature", "properties": { "track_fid": 0, "track_seg_id": 0, "track_seg_point_id": 773, "ele": 204.12 }, "geometry": { "type": "Point", "coordinates": [ -80.88794, 35.41148 ] } },
{ "type": "Feature", "properties": { "track_fid": 0, "track_seg_id": 0, "track_seg_point_id": 774, "ele": 204.31 }, "geometry": { "type": "Point", "coordinates": [ -80.8880633, 35.4108833 ] } },
{ "type": "Feature", "properties": { "track_fid": 0, "track_seg_id": 0, "track_seg_point_id": 775, "ele": 203.99 }, "geometry": { "type": "Point", "coordinates": [ -80.8881867, 35.4102867 ] } },
{ "type": "Feature", "properties": { "track_fid": 0, "track_seg_id": 0, "track_seg_point_id": 776, "ele": 204.07 }, "geometry": { "type": "Point", "coordinates": [ -80.88831, 35.40969 ] } },
{ "type": "Feature", "properties": { "track_fid": 0, "track_seg_id": 0, "track_seg_point_id": 777, "ele": 204.01 }, "geometry": { "type": "Point", "coordinates": [ -80.88848, 35.40932 ] } },
{ "type": "Feature", "properties": { "track_fid": 0, "track_seg_id": 0, "track_seg_point_id": 778, "ele": 203.74 }, "geometry": { "type": "Point", "coordinates": [ -80.88861, 35.40911 ] } },
{ "type": "Feature", "properties": { "track_fid": 0, "track_seg_id": 0, "track_seg_point_id": 779, "ele": 203.67 }, "geometry": { "type": "Point", "coordinates": [ -80.88884, 35.40887 ] } },
{ "type": "Feature", "properties": { "track_fid": 0, "track_seg_id": 0, "track_seg_point_id": 780, "ele": 203.46 }, "geometry": { "type": "Point", "coordinates": [ -80.889285, 35.40842 ] } },
{ "type": "Feature", "properties": { "track_fid": 0, "track_seg_id": 0, "track_seg_point_id": 781, "ele": 203.61 }, "geometry": { "type": "Point", "coordinates": [ -80.88973, 35.40797 ] } },
{ "type": "Feature", "properties": { "track_fid": 0, "track_seg_id": 0, "track_seg_point_id": 782, "ele": 203.62 }, "geometry": { "type": "Point", "coordinates": [ -80.88991, 35.40782 ] } },
{ "type": "Feature", "properties": { "track_fid": 0, "track_seg_id": 0, "track_seg_point_id": 783, "ele": 203.47 }, "geometry": { "type": "Point", "coordinates": [ -80.89019, 35.40768 ] } },
{ "type": "Feature", "properties": { "track_fid": 0, "track_seg_id": 0, "track_seg_point_id": 784, "ele": 203.15 }, "geometry": { "type": "Point", "coordinates": [ -80.89058, 35.4074 ] } },
{ "type": "Feature", "properties": { "track_fid": 0, "track_seg_id": 0, "track_seg_point_id": 785, "ele": 202.91 }, "geometry": { "type": "Point", "coordinates": [ -80.89093, 35.40708 ] } },
{ "type": "Feature", "properties": { "track_fid": 0, "track_seg_id": 0, "track_seg_point_id": 786, "ele": 203.11 }, "geometry": { "type": "Point", "coordinates": [ -80.89126, 35.40689 ] } },
{ "type": "Feature", "properties": { "track_fid": 0, "track_seg_id": 0, "track_seg_point_id": 787, "ele": 203.11 }, "geometry": { "type": "Point", "coordinates": [ -80.89135, 35.40685 ] } },
{ "type": "Feature", "properties": { "track_fid": 0, "track_seg_id": 0, "track_seg_point_id": 788, "ele": 203.81 }, "geometry": { "type": "Point", "coordinates": [ -80.8917, 35.40681 ] } },
{ "type": "Feature", "properties": { "track_fid": 0, "track_seg_id": 0, "track_seg_point_id": 789, "ele": 203.83 }, "geometry": { "type": "Point", "coordinates": [ -80.89197, 35.40681 ] } },
{ "type": "Feature", "properties": { "track_fid": 0, "track_seg_id": 0, "track_seg_point_id": 790, "ele": 203.83 }, "geometry": { "type": "Point", "coordinates": [ -80.89206, 35.40679 ] } },
{ "type": "Feature", "properties": { "track_fid": 0, "track_seg_id": 0, "track_seg_point_id": 791, "ele": 203.73 }, "geometry": { "type": "Point", "coordinates": [ -80.89211, 35.40669 ] } },
{ "type": "Feature", "properties": { "track_fid": 0, "track_seg_id": 0, "track_seg_point_id": 792, "ele": 203.35 }, "geometry": { "type": "Point", "coordinates": [ -80.89203, 35.40643 ] } },
{ "type": "Feature", "properties": { "track_fid": 0, "track_seg_id": 0, "track_seg_point_id": 793, "ele": 203.02 }, "geometry": { "type": "Point", "coordinates": [ -80.89179, 35.40602 ] } },
{ "type": "Feature", "properties": { "track_fid": 0, "track_seg_id": 0, "track_seg_point_id": 794, "ele": 203.16 }, "geometry": { "type": "Point", "coordinates": [ -80.89144, 35.40569 ] } },
{ "type": "Feature", "properties": { "track_fid": 0, "track_seg_id": 0, "track_seg_point_id": 795, "ele": 203.16 }, "geometry": { "type": "Point", "coordinates": [ -80.89139, 35.40567 ] } },
{ "type": "Feature", "properties": { "track_fid": 0, "track_seg_id": 0, "track_seg_point_id": 796, "ele": 203.24 }, "geometry": { "type": "Point", "coordinates": [ -80.89059, 35.405655 ] } },
{ "type": "Feature", "properties": { "track_fid": 0, "track_seg_id": 0, "track_seg_point_id": 797, "ele": 203.73 }, "geometry": { "type": "Point", "coordinates": [ -80.88979, 35.40564 ] } },
{ "type": "Feature", "properties": { "track_fid": 0, "track_seg_id": 0, "track_seg_point_id": 798, "ele": 206.51 }, "geometry": { "type": "Point", "coordinates": [ -80.88915, 35.40563 ] } },
{ "type": "Feature", "properties": { "track_fid": 0, "track_seg_id": 0, "track_seg_point_id": 799, "ele": 206.51 }, "geometry": { "type": "Point", "coordinates": [ -80.8891, 35.40566 ] } },
{ "type": "Feature", "properties": { "track_fid": 0, "track_seg_id": 0, "track_seg_point_id": 800, "ele": 207.35 }, "geometry": { "type": "Point", "coordinates": [ -80.88902, 35.40577 ] } },
{ "type": "Feature", "properties": { "track_fid": 0, "track_seg_id": 0, "track_seg_point_id": 801, "ele": 207.35 }, "geometry": { "type": "Point", "coordinates": [ -80.889, 35.40584 ] } },
{ "type": "Feature", "properties": { "track_fid": 0, "track_seg_id": 0, "track_seg_point_id": 802, "ele": 207.63 }, "geometry": { "type": "Point", "coordinates": [ -80.88906, 35.40593 ] } },
{ "type": "Feature", "properties": { "track_fid": 0, "track_seg_id": 0, "track_seg_point_id": 803, "ele": 207.9 }, "geometry": { "type": "Point", "coordinates": [ -80.88906, 35.40605 ] } },
{ "type": "Feature", "properties": { "track_fid": 0, "track_seg_id": 0, "track_seg_point_id": 804, "ele": 208.41 }, "geometry": { "type": "Point", "coordinates": [ -80.88897, 35.40647 ] } },
{ "type": "Feature", "properties": { "track_fid": 0, "track_seg_id": 0, "track_seg_point_id": 805, "ele": 208.86 }, "geometry": { "type": "Point", "coordinates": [ -80.8887, 35.40643 ] } },
{ "type": "Feature", "properties": { "track_fid": 0, "track_seg_id": 0, "track_seg_point_id": 806, "ele": 208.44 }, "geometry": { "type": "Point", "coordinates": [ -80.88878, 35.40617 ] } },
{ "type": "Feature", "properties": { "track_fid": 0, "track_seg_id": 0, "track_seg_point_id": 807, "ele": 208.43 }, "geometry": { "type": "Point", "coordinates": [ -80.88878, 35.40616 ] } },
{ "type": "Feature", "properties": { "track_fid": 0, "track_seg_id": 0, "track_seg_point_id": 808, "ele": 208.43 }, "geometry": { "type": "Point", "coordinates": [ -80.88879, 35.40611 ] } },
{ "type": "Feature", "properties": { "track_fid": 0, "track_seg_id": 0, "track_seg_point_id": 809, "ele": 208.07 }, "geometry": { "type": "Point", "coordinates": [ -80.88904, 35.40615 ] } },
{ "type": "Feature", "properties": { "track_fid": 0, "track_seg_id": 0, "track_seg_point_id": 810, "ele": 207.9 }, "geometry": { "type": "Point", "coordinates": [ -80.88906, 35.40605 ] } },
{ "type": "Feature", "properties": { "track_fid": 0, "track_seg_id": 0, "track_seg_point_id": 811, "ele": 207.74 }, "geometry": { "type": "Point", "coordinates": [ -80.88906, 35.40593 ] } },
{ "type": "Feature", "properties": { "track_fid": 0, "track_seg_id": 0, "track_seg_point_id": 812, "ele": 207.35 }, "geometry": { "type": "Point", "coordinates": [ -80.889, 35.40584 ] } },
{ "type": "Feature", "properties": { "track_fid": 0, "track_seg_id": 0, "track_seg_point_id": 813, "ele": 207.35 }, "geometry": { "type": "Point", "coordinates": [ -80.88902, 35.40577 ] } },
{ "type": "Feature", "properties": { "track_fid": 0, "track_seg_id": 0, "track_seg_point_id": 814, "ele": 206.51 }, "geometry": { "type": "Point", "coordinates": [ -80.8891, 35.40566 ] } },
{ "type": "Feature", "properties": { "track_fid": 0, "track_seg_id": 0, "track_seg_point_id": 815, "ele": 206.51 }, "geometry": { "type": "Point", "coordinates": [ -80.88915, 35.40563 ] } },
{ "type": "Feature", "properties": { "track_fid": 0, "track_seg_id": 0, "track_seg_point_id": 816, "ele": 203.3 }, "geometry": { "type": "Point", "coordinates": [ -80.890165, 35.405645 ] } },
{ "type": "Feature", "properties": { "track_fid": 0, "track_seg_id": 0, "track_seg_point_id": 817, "ele": 203.22 }, "geometry": { "type": "Point", "coordinates": [ -80.89118, 35.40566 ] } },
{ "type": "Feature", "properties": { "track_fid": 0, "track_seg_id": 0, "track_seg_point_id": 818, "ele": 203.26 }, "geometry": { "type": "Point", "coordinates": [ -80.89119, 35.40515 ] } },
{ "type": "Feature", "properties": { "track_fid": 0, "track_seg_id": 0, "track_seg_point_id": 819, "ele": 203.4 }, "geometry": { "type": "Point", "coordinates": [ -80.89049, 35.40511 ] } },
{ "type": "Feature", "properties": { "track_fid": 0, "track_seg_id": 0, "track_seg_point_id": 820, "ele": 203.48 }, "geometry": { "type": "Point", "coordinates": [ -80.89013, 35.40504 ] } },
{ "type": "Feature", "properties": { "track_fid": 0, "track_seg_id": 0, "track_seg_point_id": 821, "ele": 203.58 }, "geometry": { "type": "Point", "coordinates": [ -80.88937, 35.40503 ] } },
{ "type": "Feature", "properties": { "track_fid": 0, "track_seg_id": 0, "track_seg_point_id": 822, "ele": 203.51 }, "geometry": { "type": "Point", "coordinates": [ -80.88924, 35.405 ] } },
{ "type": "Feature", "properties": { "track_fid": 0, "track_seg_id": 0, "track_seg_point_id": 823, "ele": 203.57 }, "geometry": { "type": "Point", "coordinates": [ -80.88884, 35.40484 ] } },
{ "type": "Feature", "properties": { "track_fid": 0, "track_seg_id": 0, "track_seg_point_id": 824, "ele": 203.5 }, "geometry": { "type": "Point", "coordinates": [ -80.8887, 35.40483 ] } },
{ "type": "Feature", "properties": { "track_fid": 0, "track_seg_id": 0, "track_seg_point_id": 825, "ele": 203.56 }, "geometry": { "type": "Point", "coordinates": [ -80.88861, 35.40485 ] } },
{ "type": "Feature", "properties": { "track_fid": 0, "track_seg_id": 0, "track_seg_point_id": 826, "ele": 203.94 }, "geometry": { "type": "Point", "coordinates": [ -80.88826, 35.40502 ] } },
{ "type": "Feature", "properties": { "track_fid": 0, "track_seg_id": 0, "track_seg_point_id": 827, "ele": 203.97 }, "geometry": { "type": "Point", "coordinates": [ -80.88781, 35.40502 ] } },
{ "type": "Feature", "properties": { "track_fid": 0, "track_seg_id": 0, "track_seg_point_id": 828, "ele": 204.22 }, "geometry": { "type": "Point", "coordinates": [ -80.88732, 35.40497 ] } },
{ "type": "Feature", "properties": { "track_fid": 0, "track_seg_id": 0, "track_seg_point_id": 829, "ele": 204.26 }, "geometry": { "type": "Point", "coordinates": [ -80.88723, 35.40494 ] } },
{ "type": "Feature", "properties": { "track_fid": 0, "track_seg_id": 0, "track_seg_point_id": 830, "ele": 204.32 }, "geometry": { "type": "Point", "coordinates": [ -80.88678, 35.404665 ] } },
{ "type": "Feature", "properties": { "track_fid": 0, "track_seg_id": 0, "track_seg_point_id": 831, "ele": 204.09 }, "geometry": { "type": "Point", "coordinates": [ -80.88633, 35.40439 ] } },
{ "type": "Feature", "properties": { "track_fid": 0, "track_seg_id": 0, "track_seg_point_id": 832, "ele": 204.29 }, "geometry": { "type": "Point", "coordinates": [ -80.88589, 35.40421 ] } },
{ "type": "Feature", "properties": { "track_fid": 0, "track_seg_id": 0, "track_seg_point_id": 833, "ele": 204.78 }, "geometry": { "type": "Point", "coordinates": [ -80.88548, 35.40385 ] } },
{ "type": "Feature", "properties": { "track_fid": 0, "track_seg_id": 0, "track_seg_point_id": 834, "ele": 204.71 }, "geometry": { "type": "Point", "coordinates": [ -80.88498, 35.40378 ] } },
{ "type": "Feature", "properties": { "track_fid": 0, "track_seg_id": 0, "track_seg_point_id": 835, "ele": 204.44 }, "geometry": { "type": "Point", "coordinates": [ -80.88463, 35.40361 ] } },
{ "type": "Feature", "properties": { "track_fid": 0, "track_seg_id": 0, "track_seg_point_id": 836, "ele": 204.59 }, "geometry": { "type": "Point", "coordinates": [ -80.88436, 35.40356 ] } },
{ "type": "Feature", "properties": { "track_fid": 0, "track_seg_id": 0, "track_seg_point_id": 837, "ele": 204.62 }, "geometry": { "type": "Point", "coordinates": [ -80.88419, 35.40357 ] } },
{ "type": "Feature", "properties": { "track_fid": 0, "track_seg_id": 0, "track_seg_point_id": 838, "ele": 204.36 }, "geometry": { "type": "Point", "coordinates": [ -80.88383, 35.40368 ] } },
{ "type": "Feature", "properties": { "track_fid": 0, "track_seg_id": 0, "track_seg_point_id": 839, "ele": 204.48 }, "geometry": { "type": "Point", "coordinates": [ -80.88361, 35.40372 ] } },
{ "type": "Feature", "properties": { "track_fid": 0, "track_seg_id": 0, "track_seg_point_id": 840, "ele": 205.03 }, "geometry": { "type": "Point", "coordinates": [ -80.88347, 35.40369 ] } },
{ "type": "Feature", "properties": { "track_fid": 0, "track_seg_id": 0, "track_seg_point_id": 841, "ele": 206.3 }, "geometry": { "type": "Point", "coordinates": [ -80.88309, 35.40356 ] } },
{ "type": "Feature", "properties": { "track_fid": 0, "track_seg_id": 0, "track_seg_point_id": 842, "ele": 205.29 }, "geometry": { "type": "Point", "coordinates": [ -80.88274, 35.4034 ] } },
{ "type": "Feature", "properties": { "track_fid": 0, "track_seg_id": 0, "track_seg_point_id": 843, "ele": 205.1 }, "geometry": { "type": "Point", "coordinates": [ -80.88212, 35.40324 ] } },
{ "type": "Feature", "properties": { "track_fid": 0, "track_seg_id": 0, "track_seg_point_id": 844, "ele": 205.02 }, "geometry": { "type": "Point", "coordinates": [ -80.88186, 35.40314 ] } },
{ "type": "Feature", "properties": { "track_fid": 0, "track_seg_id": 0, "track_seg_point_id": 845, "ele": 205.23 }, "geometry": { "type": "Point", "coordinates": [ -80.88123, 35.40271 ] } },
{ "type": "Feature", "properties": { "track_fid": 0, "track_seg_id": 0, "track_seg_point_id": 846, "ele": 205.17 }, "geometry": { "type": "Point", "coordinates": [ -80.88105, 35.40264 ] } },
{ "type": "Feature", "properties": { "track_fid": 0, "track_seg_id": 0, "track_seg_point_id": 847, "ele": 205.03 }, "geometry": { "type": "Point", "coordinates": [ -80.88056, 35.40257 ] } },
{ "type": "Feature", "properties": { "track_fid": 0, "track_seg_id": 0, "track_seg_point_id": 848, "ele": 205.39 }, "geometry": { "type": "Point", "coordinates": [ -80.88042, 35.4025 ] } },
{ "type": "Feature", "properties": { "track_fid": 0, "track_seg_id": 0, "track_seg_point_id": 849, "ele": 205.49 }, "geometry": { "type": "Point", "coordinates": [ -80.88022, 35.40237 ] } },
{ "type": "Feature", "properties": { "track_fid": 0, "track_seg_id": 0, "track_seg_point_id": 850, "ele": 205.71 }, "geometry": { "type": "Point", "coordinates": [ -80.88005, 35.40217 ] } },
{ "type": "Feature", "properties": { "track_fid": 0, "track_seg_id": 0, "track_seg_point_id": 851, "ele": 205.89 }, "geometry": { "type": "Point", "coordinates": [ -80.87935, 35.40197 ] } },
{ "type": "Feature", "properties": { "track_fid": 0, "track_seg_id": 0, "track_seg_point_id": 852, "ele": 205.91 }, "geometry": { "type": "Point", "coordinates": [ -80.87896, 35.40168 ] } },
{ "type": "Feature", "properties": { "track_fid": 0, "track_seg_id": 0, "track_seg_point_id": 853, "ele": 205.97 }, "geometry": { "type": "Point", "coordinates": [ -80.87886, 35.40164 ] } },
{ "type": "Feature", "properties": { "track_fid": 0, "track_seg_id": 0, "track_seg_point_id": 854, "ele": 206.12 }, "geometry": { "type": "Point", "coordinates": [ -80.87874, 35.40157 ] } },
{ "type": "Feature", "properties": { "track_fid": 0, "track_seg_id": 0, "track_seg_point_id": 855, "ele": 206.12 }, "geometry": { "type": "Point", "coordinates": [ -80.87867, 35.40167 ] } },
{ "type": "Feature", "properties": { "track_fid": 0, "track_seg_id": 0, "track_seg_point_id": 856, "ele": 206.38 }, "geometry": { "type": "Point", "coordinates": [ -80.87861, 35.40182 ] } },
{ "type": "Feature", "properties": { "track_fid": 0, "track_seg_id": 0, "track_seg_point_id": 857, "ele": 206.5 }, "geometry": { "type": "Point", "coordinates": [ -80.87845, 35.40225 ] } },
{ "type": "Feature", "properties": { "track_fid": 0, "track_seg_id": 0, "track_seg_point_id": 858, "ele": 206.56 }, "geometry": { "type": "Point", "coordinates": [ -80.87839, 35.40227 ] } },
{ "type": "Feature", "properties": { "track_fid": 0, "track_seg_id": 0, "track_seg_point_id": 859, "ele": 206.56 }, "geometry": { "type": "Point", "coordinates": [ -80.87827, 35.40248 ] } },
{ "type": "Feature", "properties": { "track_fid": 0, "track_seg_id": 0, "track_seg_point_id": 860, "ele": 206.34 }, "geometry": { "type": "Point", "coordinates": [ -80.87818, 35.40254 ] } },
{ "type": "Feature", "properties": { "track_fid": 0, "track_seg_id": 0, "track_seg_point_id": 861, "ele": 206.35 }, "geometry": { "type": "Point", "coordinates": [ -80.87733, 35.40278 ] } },
{ "type": "Feature", "properties": { "track_fid": 0, "track_seg_id": 0, "track_seg_point_id": 862, "ele": 206.79 }, "geometry": { "type": "Point", "coordinates": [ -80.87684, 35.40294 ] } },
{ "type": "Feature", "properties": { "track_fid": 0, "track_seg_id": 0, "track_seg_point_id": 863, "ele": 206.79 }, "geometry": { "type": "Point", "coordinates": [ -80.87666, 35.40304 ] } },
{ "type": "Feature", "properties": { "track_fid": 0, "track_seg_id": 0, "track_seg_point_id": 864, "ele": 206.94 }, "geometry": { "type": "Point", "coordinates": [ -80.87658, 35.40312 ] } },
{ "type": "Feature", "properties": { "track_fid": 0, "track_seg_id": 0, "track_seg_point_id": 865, "ele": 207.16 }, "geometry": { "type": "Point", "coordinates": [ -80.87653, 35.40348 ] } },
{ "type": "Feature", "properties": { "track_fid": 0, "track_seg_id": 0, "track_seg_point_id": 866, "ele": 207.45 }, "geometry": { "type": "Point", "coordinates": [ -80.87606, 35.403795 ] } },
{ "type": "Feature", "properties": { "track_fid": 0, "track_seg_id": 0, "track_seg_point_id": 867, "ele": 207.55 }, "geometry": { "type": "Point", "coordinates": [ -80.87559, 35.40411 ] } },
{ "type": "Feature", "properties": { "track_fid": 0, "track_seg_id": 0, "track_seg_point_id": 868, "ele": 209.8 }, "geometry": { "type": "Point", "coordinates": [ -80.87622, 35.40481 ] } },
{ "type": "Feature", "properties": { "track_fid": 0, "track_seg_id": 0, "track_seg_point_id": 869, "ele": 209.84 }, "geometry": { "type": "Point", "coordinates": [ -80.87627, 35.40482 ] } },
{ "type": "Feature", "properties": { "track_fid": 0, "track_seg_id": 0, "track_seg_point_id": 870, "ele": 211.12 }, "geometry": { "type": "Point", "coordinates": [ -80.87663, 35.405215 ] } },
{ "type": "Feature", "properties": { "track_fid": 0, "track_seg_id": 0, "track_seg_point_id": 871, "ele": 214.03 }, "geometry": { "type": "Point", "coordinates": [ -80.87699, 35.40561 ] } },
{ "type": "Feature", "properties": { "track_fid": 0, "track_seg_id": 0, "track_seg_point_id": 872, "ele": 214.37 }, "geometry": { "type": "Point", "coordinates": [ -80.87702, 35.40569 ] } },
{ "type": "Feature", "properties": { "track_fid": 0, "track_seg_id": 0, "track_seg_point_id": 873, "ele": 217.22 }, "geometry": { "type": "Point", "coordinates": [ -80.87725, 35.40596 ] } },
{ "type": "Feature", "properties": { "track_fid": 0, "track_seg_id": 0, "track_seg_point_id": 874, "ele": 217.22 }, "geometry": { "type": "Point", "coordinates": [ -80.87736, 35.40602 ] } },
{ "type": "Feature", "properties": { "track_fid": 0, "track_seg_id": 0, "track_seg_point_id": 875, "ele": 217.89 }, "geometry": { "type": "Point", "coordinates": [ -80.87744, 35.40611 ] } },
{ "type": "Feature", "properties": { "track_fid": 0, "track_seg_id": 0, "track_seg_point_id": 876, "ele": 219.02 }, "geometry": { "type": "Point", "coordinates": [ -80.87791, 35.40658 ] } },
{ "type": "Feature", "properties": { "track_fid": 0, "track_seg_id": 0, "track_seg_point_id": 877, "ele": 217.19 }, "geometry": { "type": "Point", "coordinates": [ -80.87822, 35.40686 ] } },
{ "type": "Feature", "properties": { "track_fid": 0, "track_seg_id": 0, "track_seg_point_id": 878, "ele": 216.59 }, "geometry": { "type": "Point", "coordinates": [ -80.87838, 35.40696 ] } },
{ "type": "Feature", "properties": { "track_fid": 0, "track_seg_id": 0, "track_seg_point_id": 879, "ele": 215.49 }, "geometry": { "type": "Point", "coordinates": [ -80.87859, 35.40714 ] } },
{ "type": "Feature", "properties": { "track_fid": 0, "track_seg_id": 0, "track_seg_point_id": 880, "ele": 213.12 }, "geometry": { "type": "Point", "coordinates": [ -80.87885, 35.40758 ] } },
{ "type": "Feature", "properties": { "track_fid": 0, "track_seg_id": 0, "track_seg_point_id": 881, "ele": 210.39 }, "geometry": { "type": "Point", "coordinates": [ -80.87903, 35.40773 ] } },
{ "type": "Feature", "properties": { "track_fid": 0, "track_seg_id": 0, "track_seg_point_id": 882, "ele": 208.61 }, "geometry": { "type": "Point", "coordinates": [ -80.87948, 35.408 ] } },
{ "type": "Feature", "properties": { "track_fid": 0, "track_seg_id": 0, "track_seg_point_id": 883, "ele": 208.39 }, "geometry": { "type": "Point", "coordinates": [ -80.87956, 35.4081 ] } },
{ "type": "Feature", "properties": { "track_fid": 0, "track_seg_id": 0, "track_seg_point_id": 884, "ele": 208.21 }, "geometry": { "type": "Point", "coordinates": [ -80.87963, 35.40824 ] } },
{ "type": "Feature", "properties": { "track_fid": 0, "track_seg_id": 0, "track_seg_point_id": 885, "ele": 208.55 }, "geometry": { "type": "Point", "coordinates": [ -80.87967, 35.40848 ] } },
{ "type": "Feature", "properties": { "track_fid": 0, "track_seg_id": 0, "track_seg_point_id": 886, "ele": 208.69 }, "geometry": { "type": "Point", "coordinates": [ -80.87975, 35.40936 ] } },
{ "type": "Feature", "properties": { "track_fid": 0, "track_seg_id": 0, "track_seg_point_id": 887, "ele": 208.2 }, "geometry": { "type": "Point", "coordinates": [ -80.87984, 35.41002 ] } },
{ "type": "Feature", "properties": { "track_fid": 0, "track_seg_id": 0, "track_seg_point_id": 888, "ele": 208.45 }, "geometry": { "type": "Point", "coordinates": [ -80.87979, 35.41036 ] } },
{ "type": "Feature", "properties": { "track_fid": 0, "track_seg_id": 0, "track_seg_point_id": 889, "ele": 209.08 }, "geometry": { "type": "Point", "coordinates": [ -80.879635, 35.4108 ] } },
{ "type": "Feature", "properties": { "track_fid": 0, "track_seg_id": 0, "track_seg_point_id": 890, "ele": 209.71 }, "geometry": { "type": "Point", "coordinates": [ -80.87948, 35.41124 ] } },
{ "type": "Feature", "properties": { "track_fid": 0, "track_seg_id": 0, "track_seg_point_id": 891, "ele": 209.95 }, "geometry": { "type": "Point", "coordinates": [ -80.87948, 35.4115 ] } },
{ "type": "Feature", "properties": { "track_fid": 0, "track_seg_id": 0, "track_seg_point_id": 892, "ele": 210.28 }, "geometry": { "type": "Point", "coordinates": [ -80.87957, 35.41181 ] } },
{ "type": "Feature", "properties": { "track_fid": 0, "track_seg_id": 0, "track_seg_point_id": 893, "ele": 210.28 }, "geometry": { "type": "Point", "coordinates": [ -80.87961, 35.41193 ] } },
{ "type": "Feature", "properties": { "track_fid": 0, "track_seg_id": 0, "track_seg_point_id": 894, "ele": 210.31 }, "geometry": { "type": "Point", "coordinates": [ -80.87975, 35.41212 ] } },
{ "type": "Feature", "properties": { "track_fid": 0, "track_seg_id": 0, "track_seg_point_id": 895, "ele": 210.03 }, "geometry": { "type": "Point", "coordinates": [ -80.88006, 35.41238 ] } },
{ "type": "Feature", "properties": { "track_fid": 0, "track_seg_id": 0, "track_seg_point_id": 896, "ele": 210.92 }, "geometry": { "type": "Point", "coordinates": [ -80.88042, 35.41255 ] } },
{ "type": "Feature", "properties": { "track_fid": 0, "track_seg_id": 0, "track_seg_point_id": 897, "ele": 217.98 }, "geometry": { "type": "Point", "coordinates": [ -80.88138, 35.412795 ] } },
{ "type": "Feature", "properties": { "track_fid": 0, "track_seg_id": 0, "track_seg_point_id": 898, "ele": 223.23 }, "geometry": { "type": "Point", "coordinates": [ -80.88234, 35.41304 ] } },
{ "type": "Feature", "properties": { "track_fid": 0, "track_seg_id": 0, "track_seg_point_id": 899, "ele": 223.5 }, "geometry": { "type": "Point", "coordinates": [ -80.88256, 35.41314 ] } },
{ "type": "Feature", "properties": { "track_fid": 0, "track_seg_id": 0, "track_seg_point_id": 900, "ele": 223.99 }, "geometry": { "type": "Point", "coordinates": [ -80.88275, 35.41328 ] } },
{ "type": "Feature", "properties": { "track_fid": 0, "track_seg_id": 0, "track_seg_point_id": 901, "ele": 224.17 }, "geometry": { "type": "Point", "coordinates": [ -80.88297, 35.41352 ] } },
{ "type": "Feature", "properties": { "track_fid": 0, "track_seg_id": 0, "track_seg_point_id": 902, "ele": 224.47 }, "geometry": { "type": "Point", "coordinates": [ -80.88306, 35.41378 ] } },
{ "type": "Feature", "properties": { "track_fid": 0, "track_seg_id": 0, "track_seg_point_id": 903, "ele": 224.85 }, "geometry": { "type": "Point", "coordinates": [ -80.88306, 35.41404 ] } },
{ "type": "Feature", "properties": { "track_fid": 0, "track_seg_id": 0, "track_seg_point_id": 904, "ele": 224.85 }, "geometry": { "type": "Point", "coordinates": [ -80.88302, 35.41425 ] } },
{ "type": "Feature", "properties": { "track_fid": 0, "track_seg_id": 0, "track_seg_point_id": 905, "ele": 225.28 }, "geometry": { "type": "Point", "coordinates": [ -80.88297, 35.41438 ] } },
{ "type": "Feature", "properties": { "track_fid": 0, "track_seg_id": 0, "track_seg_point_id": 906, "ele": 225.29 }, "geometry": { "type": "Point", "coordinates": [ -80.8826, 35.41486 ] } },
{ "type": "Feature", "properties": { "track_fid": 0, "track_seg_id": 0, "track_seg_point_id": 907, "ele": 224.74 }, "geometry": { "type": "Point", "coordinates": [ -80.88223, 35.41534 ] } },
{ "type": "Feature", "properties": { "track_fid": 0, "track_seg_id": 0, "track_seg_point_id": 908, "ele": 224.75 }, "geometry": { "type": "Point", "coordinates": [ -80.88224, 35.41533 ] } },
{ "type": "Feature", "properties": { "track_fid": 0, "track_seg_id": 0, "track_seg_point_id": 909, "ele": 224.45 }, "geometry": { "type": "Point", "coordinates": [ -80.88212, 35.4155 ] } },
{ "type": "Feature", "properties": { "track_fid": 0, "track_seg_id": 0, "track_seg_point_id": 910, "ele": 224.45 }, "geometry": { "type": "Point", "coordinates": [ -80.88203, 35.41565 ] } },
{ "type": "Feature", "properties": { "track_fid": 0, "track_seg_id": 0, "track_seg_point_id": 911, "ele": 224.9 }, "geometry": { "type": "Point", "coordinates": [ -80.88168, 35.41647 ] } },
{ "type": "Feature", "properties": { "track_fid": 0, "track_seg_id": 0, "track_seg_point_id": 912, "ele": 224.72 }, "geometry": { "type": "Point", "coordinates": [ -80.88144, 35.41678 ] } },
{ "type": "Feature", "properties": { "track_fid": 0, "track_seg_id": 0, "track_seg_point_id": 913, "ele": 224.38 }, "geometry": { "type": "Point", "coordinates": [ -80.88105, 35.41708 ] } },
{ "type": "Feature", "properties": { "track_fid": 0, "track_seg_id": 0, "track_seg_point_id": 914, "ele": 224.12 }, "geometry": { "type": "Point", "coordinates": [ -80.88087, 35.41725 ] } },
{ "type": "Feature", "properties": { "track_fid": 0, "track_seg_id": 0, "track_seg_point_id": 915, "ele": 223.62 }, "geometry": { "type": "Point", "coordinates": [ -80.88065, 35.41751 ] } },
{ "type": "Feature", "properties": { "track_fid": 0, "track_seg_id": 0, "track_seg_point_id": 916, "ele": 224.47 }, "geometry": { "type": "Point", "coordinates": [ -80.8804, 35.41803 ] } },
{ "type": "Feature", "properties": { "track_fid": 0, "track_seg_id": 0, "track_seg_point_id": 917, "ele": 226.0 }, "geometry": { "type": "Point", "coordinates": [ -80.88015, 35.41855 ] } },
{ "type": "Feature", "properties": { "track_fid": 0, "track_seg_id": 0, "track_seg_point_id": 918, "ele": 226.68 }, "geometry": { "type": "Point", "coordinates": [ -80.8801, 35.41867 ] } },
{ "type": "Feature", "properties": { "track_fid": 0, "track_seg_id": 0, "track_seg_point_id": 919, "ele": 227.02 }, "geometry": { "type": "Point", "coordinates": [ -80.88011, 35.41882 ] } },
{ "type": "Feature", "properties": { "track_fid": 0, "track_seg_id": 0, "track_seg_point_id": 920, "ele": 226.63 }, "geometry": { "type": "Point", "coordinates": [ -80.88021, 35.41963 ] } },
{ "type": "Feature", "properties": { "track_fid": 0, "track_seg_id": 0, "track_seg_point_id": 921, "ele": 226.88 }, "geometry": { "type": "Point", "coordinates": [ -80.88016, 35.42011 ] } },
{ "type": "Feature", "properties": { "track_fid": 0, "track_seg_id": 0, "track_seg_point_id": 922, "ele": 227.4 }, "geometry": { "type": "Point", "coordinates": [ -80.8802, 35.42025 ] } },
{ "type": "Feature", "properties": { "track_fid": 0, "track_seg_id": 0, "track_seg_point_id": 923, "ele": 227.51 }, "geometry": { "type": "Point", "coordinates": [ -80.88029, 35.42041 ] } },
{ "type": "Feature", "properties": { "track_fid": 0, "track_seg_id": 0, "track_seg_point_id": 924, "ele": 227.67 }, "geometry": { "type": "Point", "coordinates": [ -80.88049, 35.42071 ] } },
{ "type": "Feature", "properties": { "track_fid": 0, "track_seg_id": 0, "track_seg_point_id": 925, "ele": 228.6 }, "geometry": { "type": "Point", "coordinates": [ -80.88073, 35.42088 ] } },
{ "type": "Feature", "properties": { "track_fid": 0, "track_seg_id": 0, "track_seg_point_id": 926, "ele": 229.08 }, "geometry": { "type": "Point", "coordinates": [ -80.88108, 35.42106 ] } },
{ "type": "Feature", "properties": { "track_fid": 0, "track_seg_id": 0, "track_seg_point_id": 927, "ele": 232.02 }, "geometry": { "type": "Point", "coordinates": [ -80.88208, 35.42139 ] } },
{ "type": "Feature", "properties": { "track_fid": 0, "track_seg_id": 0, "track_seg_point_id": 928, "ele": 232.25 }, "geometry": { "type": "Point", "coordinates": [ -80.88237, 35.42156 ] } },
{ "type": "Feature", "properties": { "track_fid": 0, "track_seg_id": 0, "track_seg_point_id": 929, "ele": 231.91 }, "geometry": { "type": "Point", "coordinates": [ -80.88257, 35.42172 ] } },
{ "type": "Feature", "properties": { "track_fid": 0, "track_seg_id": 0, "track_seg_point_id": 930, "ele": 230.53 }, "geometry": { "type": "Point", "coordinates": [ -80.88279, 35.422 ] } },
{ "type": "Feature", "properties": { "track_fid": 0, "track_seg_id": 0, "track_seg_point_id": 931, "ele": 230.19 }, "geometry": { "type": "Point", "coordinates": [ -80.88287, 35.42213 ] } },
{ "type": "Feature", "properties": { "track_fid": 0, "track_seg_id": 0, "track_seg_point_id": 932, "ele": 229.7 }, "geometry": { "type": "Point", "coordinates": [ -80.88293, 35.42233 ] } },
{ "type": "Feature", "properties": { "track_fid": 0, "track_seg_id": 0, "track_seg_point_id": 933, "ele": 229.92 }, "geometry": { "type": "Point", "coordinates": [ -80.88297, 35.42261 ] } },
{ "type": "Feature", "properties": { "track_fid": 0, "track_seg_id": 0, "track_seg_point_id": 934, "ele": 230.42 }, "geometry": { "type": "Point", "coordinates": [ -80.88292, 35.42312 ] } },
{ "type": "Feature", "properties": { "track_fid": 0, "track_seg_id": 0, "track_seg_point_id": 935, "ele": 229.48 }, "geometry": { "type": "Point", "coordinates": [ -80.88287, 35.42376 ] } },
{ "type": "Feature", "properties": { "track_fid": 0, "track_seg_id": 0, "track_seg_point_id": 936, "ele": 229.03 }, "geometry": { "type": "Point", "coordinates": [ -80.88203, 35.42361 ] } },
{ "type": "Feature", "properties": { "track_fid": 0, "track_seg_id": 0, "track_seg_point_id": 937, "ele": 226.56 }, "geometry": { "type": "Point", "coordinates": [ -80.8812325, 35.42339 ] } },
{ "type": "Feature", "properties": { "track_fid": 0, "track_seg_id": 0, "track_seg_point_id": 938, "ele": 226.41 }, "geometry": { "type": "Point", "coordinates": [ -80.880435, 35.42317 ] } },
{ "type": "Feature", "properties": { "track_fid": 0, "track_seg_id": 0, "track_seg_point_id": 939, "ele": 229.69 }, "geometry": { "type": "Point", "coordinates": [ -80.8796375, 35.42295 ] } },
{ "type": "Feature", "properties": { "track_fid": 0, "track_seg_id": 0, "track_seg_point_id": 940, "ele": 232.05 }, "geometry": { "type": "Point", "coordinates": [ -80.87884, 35.42273 ] } },
{ "type": "Feature", "properties": { "track_fid": 0, "track_seg_id": 0, "track_seg_point_id": 941, "ele": 232.19 }, "geometry": { "type": "Point", "coordinates": [ -80.87854, 35.42258 ] } },
{ "type": "Feature", "properties": { "track_fid": 0, "track_seg_id": 0, "track_seg_point_id": 942, "ele": 232.14 }, "geometry": { "type": "Point", "coordinates": [ -80.87854, 35.42251 ] } },
{ "type": "Feature", "properties": { "track_fid": 0, "track_seg_id": 0, "track_seg_point_id": 943, "ele": 232.14 }, "geometry": { "type": "Point", "coordinates": [ -80.8785, 35.42245 ] } },
{ "type": "Feature", "properties": { "track_fid": 0, "track_seg_id": 0, "track_seg_point_id": 944, "ele": 232.14 }, "geometry": { "type": "Point", "coordinates": [ -80.87843, 35.4224 ] } },
{ "type": "Feature", "properties": { "track_fid": 0, "track_seg_id": 0, "track_seg_point_id": 945, "ele": 231.83 }, "geometry": { "type": "Point", "coordinates": [ -80.87829, 35.42237 ] } },
{ "type": "Feature", "properties": { "track_fid": 0, "track_seg_id": 0, "track_seg_point_id": 946, "ele": 231.83 }, "geometry": { "type": "Point", "coordinates": [ -80.87818, 35.42239 ] } },
{ "type": "Feature", "properties": { "track_fid": 0, "track_seg_id": 0, "track_seg_point_id": 947, "ele": 232.01 }, "geometry": { "type": "Point", "coordinates": [ -80.87805, 35.4225 ] } },
{ "type": "Feature", "properties": { "track_fid": 0, "track_seg_id": 0, "track_seg_point_id": 948, "ele": 232.69 }, "geometry": { "type": "Point", "coordinates": [ -80.87809, 35.42269 ] } },
{ "type": "Feature", "properties": { "track_fid": 0, "track_seg_id": 0, "track_seg_point_id": 949, "ele": 232.69 }, "geometry": { "type": "Point", "coordinates": [ -80.87814, 35.42274 ] } },
{ "type": "Feature", "properties": { "track_fid": 0, "track_seg_id": 0, "track_seg_point_id": 950, "ele": 233.46 }, "geometry": { "type": "Point", "coordinates": [ -80.8781, 35.42292 ] } },
{ "type": "Feature", "properties": { "track_fid": 0, "track_seg_id": 0, "track_seg_point_id": 951, "ele": 233.61 }, "geometry": { "type": "Point", "coordinates": [ -80.8781, 35.42301 ] } },
{ "type": "Feature", "properties": { "track_fid": 0, "track_seg_id": 0, "track_seg_point_id": 952, "ele": 234.34 }, "geometry": { "type": "Point", "coordinates": [ -80.8779, 35.423475 ] } },
{ "type": "Feature", "properties": { "track_fid": 0, "track_seg_id": 0, "track_seg_point_id": 953, "ele": 234.05 }, "geometry": { "type": "Point", "coordinates": [ -80.8777, 35.42394 ] } },
{ "type": "Feature", "properties": { "track_fid": 0, "track_seg_id": 0, "track_seg_point_id": 954, "ele": 234.06 }, "geometry": { "type": "Point", "coordinates": [ -80.8777, 35.42393 ] } },
{ "type": "Feature", "properties": { "track_fid": 0, "track_seg_id": 0, "track_seg_point_id": 955, "ele": 233.32 }, "geometry": { "type": "Point", "coordinates": [ -80.8775, 35.42442 ] } },
{ "type": "Feature", "properties": { "track_fid": 0, "track_seg_id": 0, "track_seg_point_id": 956, "ele": 234.21 }, "geometry": { "type": "Point", "coordinates": [ -80.87719, 35.4249 ] } },
{ "type": "Feature", "properties": { "track_fid": 0, "track_seg_id": 0, "track_seg_point_id": 957, "ele": 234.4 }, "geometry": { "type": "Point", "coordinates": [ -80.87733, 35.42496 ] } },
{ "type": "Feature", "properties": { "track_fid": 0, "track_seg_id": 0, "track_seg_point_id": 958, "ele": 234.4 }, "geometry": { "type": "Point", "coordinates": [ -80.87741, 35.42501 ] } },
{ "type": "Feature", "properties": { "track_fid": 0, "track_seg_id": 0, "track_seg_point_id": 959, "ele": 234.43 }, "geometry": { "type": "Point", "coordinates": [ -80.87756, 35.42521 ] } },
{ "type": "Feature", "properties": { "track_fid": 0, "track_seg_id": 0, "track_seg_point_id": 960, "ele": 234.28 }, "geometry": { "type": "Point", "coordinates": [ -80.8776, 35.42535 ] } },
{ "type": "Feature", "properties": { "track_fid": 0, "track_seg_id": 0, "track_seg_point_id": 961, "ele": 234.17 }, "geometry": { "type": "Point", "coordinates": [ -80.87747, 35.42543 ] } },
{ "type": "Feature", "properties": { "track_fid": 0, "track_seg_id": 0, "track_seg_point_id": 962, "ele": 233.87 }, "geometry": { "type": "Point", "coordinates": [ -80.87685, 35.42608 ] } },
{ "type": "Feature", "properties": { "track_fid": 0, "track_seg_id": 0, "track_seg_point_id": 963, "ele": 233.8 }, "geometry": { "type": "Point", "coordinates": [ -80.87666, 35.4266 ] } },
{ "type": "Feature", "properties": { "track_fid": 0, "track_seg_id": 0, "track_seg_point_id": 964, "ele": 234.37 }, "geometry": { "type": "Point", "coordinates": [ -80.87647, 35.42712 ] } },
{ "type": "Feature", "properties": { "track_fid": 0, "track_seg_id": 0, "track_seg_point_id": 965, "ele": 233.9 }, "geometry": { "type": "Point", "coordinates": [ -80.87624, 35.42753 ] } },
{ "type": "Feature", "properties": { "track_fid": 0, "track_seg_id": 0, "track_seg_point_id": 966, "ele": 234.54 }, "geometry": { "type": "Point", "coordinates": [ -80.87579, 35.42826 ] } },
{ "type": "Feature", "properties": { "track_fid": 0, "track_seg_id": 0, "track_seg_point_id": 967, "ele": 234.53 }, "geometry": { "type": "Point", "coordinates": [ -80.87579, 35.42825 ] } },
{ "type": "Feature", "properties": { "track_fid": 0, "track_seg_id": 0, "track_seg_point_id": 968, "ele": 234.67 }, "geometry": { "type": "Point", "coordinates": [ -80.87574, 35.42835 ] } },
{ "type": "Feature", "properties": { "track_fid": 0, "track_seg_id": 0, "track_seg_point_id": 969, "ele": 235.13 }, "geometry": { "type": "Point", "coordinates": [ -80.87585, 35.4284 ] } },
{ "type": "Feature", "properties": { "track_fid": 0, "track_seg_id": 0, "track_seg_point_id": 970, "ele": 236.26 }, "geometry": { "type": "Point", "coordinates": [ -80.87604, 35.42852 ] } },
{ "type": "Feature", "properties": { "track_fid": 0, "track_seg_id": 0, "track_seg_point_id": 971, "ele": 236.26 }, "geometry": { "type": "Point", "coordinates": [ -80.87612, 35.42859 ] } },
{ "type": "Feature", "properties": { "track_fid": 0, "track_seg_id": 0, "track_seg_point_id": 972, "ele": 236.72 }, "geometry": { "type": "Point", "coordinates": [ -80.8765, 35.42915 ] } },
{ "type": "Feature", "properties": { "track_fid": 0, "track_seg_id": 0, "track_seg_point_id": 973, "ele": 234.53 }, "geometry": { "type": "Point", "coordinates": [ -80.87688, 35.42971 ] } },
{ "type": "Feature", "properties": { "track_fid": 0, "track_seg_id": 0, "track_seg_point_id": 974, "ele": 231.86 }, "geometry": { "type": "Point", "coordinates": [ -80.87726, 35.43027 ] } },
{ "type": "Feature", "properties": { "track_fid": 0, "track_seg_id": 0, "track_seg_point_id": 975, "ele": 229.83 }, "geometry": { "type": "Point", "coordinates": [ -80.877625, 35.43079 ] } },
{ "type": "Feature", "properties": { "track_fid": 0, "track_seg_id": 0, "track_seg_point_id": 976, "ele": 229.69 }, "geometry": { "type": "Point", "coordinates": [ -80.87799, 35.43131 ] } },
{ "type": "Feature", "properties": { "track_fid": 0, "track_seg_id": 0, "track_seg_point_id": 977, "ele": 229.93 }, "geometry": { "type": "Point", "coordinates": [ -80.878, 35.43138 ] } },
{ "type": "Feature", "properties": { "track_fid": 0, "track_seg_id": 0, "track_seg_point_id": 978, "ele": 230.32 }, "geometry": { "type": "Point", "coordinates": [ -80.878, 35.43178 ] } },
{ "type": "Feature", "properties": { "track_fid": 0, "track_seg_id": 0, "track_seg_point_id": 979, "ele": 229.35 }, "geometry": { "type": "Point", "coordinates": [ -80.87803, 35.43211 ] } },
{ "type": "Feature", "properties": { "track_fid": 0, "track_seg_id": 0, "track_seg_point_id": 980, "ele": 226.86 }, "geometry": { "type": "Point", "coordinates": [ -80.87808, 35.43245 ] } },
{ "type": "Feature", "properties": { "track_fid": 0, "track_seg_id": 0, "track_seg_point_id": 981, "ele": 225.51 }, "geometry": { "type": "Point", "coordinates": [ -80.87819, 35.43257 ] } },
{ "type": "Feature", "properties": { "track_fid": 0, "track_seg_id": 0, "track_seg_point_id": 982, "ele": 225.02 }, "geometry": { "type": "Point", "coordinates": [ -80.87828, 35.43262 ] } },
{ "type": "Feature", "properties": { "track_fid": 0, "track_seg_id": 0, "track_seg_point_id": 983, "ele": 224.7 }, "geometry": { "type": "Point", "coordinates": [ -80.87841, 35.43266 ] } },
{ "type": "Feature", "properties": { "track_fid": 0, "track_seg_id": 0, "track_seg_point_id": 984, "ele": 224.99 }, "geometry": { "type": "Point", "coordinates": [ -80.87939, 35.43289 ] } },
{ "type": "Feature", "properties": { "track_fid": 0, "track_seg_id": 0, "track_seg_point_id": 985, "ele": 225.18 }, "geometry": { "type": "Point", "coordinates": [ -80.87948, 35.4329 ] } },
{ "type": "Feature", "properties": { "track_fid": 0, "track_seg_id": 0, "track_seg_point_id": 986, "ele": 226.47 }, "geometry": { "type": "Point", "coordinates": [ -80.87966, 35.43289 ] } },
{ "type": "Feature", "properties": { "track_fid": 0, "track_seg_id": 0, "track_seg_point_id": 987, "ele": 226.71 }, "geometry": { "type": "Point", "coordinates": [ -80.87976, 35.43286 ] } },
{ "type": "Feature", "properties": { "track_fid": 0, "track_seg_id": 0, "track_seg_point_id": 988, "ele": 227.09 }, "geometry": { "type": "Point", "coordinates": [ -80.87988, 35.43277 ] } },
{ "type": "Feature", "properties": { "track_fid": 0, "track_seg_id": 0, "track_seg_point_id": 989, "ele": 226.88 }, "geometry": { "type": "Point", "coordinates": [ -80.88012, 35.43246 ] } },
{ "type": "Feature", "properties": { "track_fid": 0, "track_seg_id": 0, "track_seg_point_id": 990, "ele": 226.88 }, "geometry": { "type": "Point", "coordinates": [ -80.88013, 35.43246 ] } },
{ "type": "Feature", "properties": { "track_fid": 0, "track_seg_id": 0, "track_seg_point_id": 991, "ele": 223.75 }, "geometry": { "type": "Point", "coordinates": [ -80.88054, 35.431915 ] } },
{ "type": "Feature", "properties": { "track_fid": 0, "track_seg_id": 0, "track_seg_point_id": 992, "ele": 220.17 }, "geometry": { "type": "Point", "coordinates": [ -80.88095, 35.43137 ] } },
{ "type": "Feature", "properties": { "track_fid": 0, "track_seg_id": 0, "track_seg_point_id": 993, "ele": 219.03 }, "geometry": { "type": "Point", "coordinates": [ -80.88121, 35.4315 ] } },
{ "type": "Feature", "properties": { "track_fid": 0, "track_seg_id": 0, "track_seg_point_id": 994, "ele": 216.95 }, "geometry": { "type": "Point", "coordinates": [ -80.88194, 35.43186 ] } },
{ "type": "Feature", "properties": { "track_fid": 0, "track_seg_id": 0, "track_seg_point_id": 995, "ele": 214.39 }, "geometry": { "type": "Point", "coordinates": [ -80.88273, 35.43231 ] } },
{ "type": "Feature", "properties": { "track_fid": 0, "track_seg_id": 0, "track_seg_point_id": 996, "ele": 214.95 }, "geometry": { "type": "Point", "coordinates": [ -80.88259, 35.43268 ] } },
{ "type": "Feature", "properties": { "track_fid": 0, "track_seg_id": 0, "track_seg_point_id": 997, "ele": 214.94 }, "geometry": { "type": "Point", "coordinates": [ -80.88259, 35.43267 ] } },
{ "type": "Feature", "properties": { "track_fid": 0, "track_seg_id": 0, "track_seg_point_id": 998, "ele": 215.64 }, "geometry": { "type": "Point", "coordinates": [ -80.88252, 35.43293 ] } },
{ "type": "Feature", "properties": { "track_fid": 0, "track_seg_id": 0, "track_seg_point_id": 999, "ele": 217.42 }, "geometry": { "type": "Point", "coordinates": [ -80.88248, 35.43363 ] } },
{ "type": "Feature", "properties": { "track_fid": 0, "track_seg_id": 0, "track_seg_point_id": 1000, "ele": 215.91 }, "geometry": { "type": "Point", "coordinates": [ -80.88248, 35.434275 ] } },
{ "type": "Feature", "properties": { "track_fid": 0, "track_seg_id": 0, "track_seg_point_id": 1001, "ele": 217.26 }, "geometry": { "type": "Point", "coordinates": [ -80.88248, 35.43492 ] } },
{ "type": "Feature", "properties": { "track_fid": 0, "track_seg_id": 0, "track_seg_point_id": 1002, "ele": 215.14 }, "geometry": { "type": "Point", "coordinates": [ -80.88265, 35.43548 ] } },
{ "type": "Feature", "properties": { "track_fid": 0, "track_seg_id": 0, "track_seg_point_id": 1003, "ele": 212.78 }, "geometry": { "type": "Point", "coordinates": [ -80.88312, 35.43536 ] } },
{ "type": "Feature", "properties": { "track_fid": 0, "track_seg_id": 0, "track_seg_point_id": 1004, "ele": 212.78 }, "geometry": { "type": "Point", "coordinates": [ -80.88324, 35.43531 ] } },
{ "type": "Feature", "properties": { "track_fid": 0, "track_seg_id": 0, "track_seg_point_id": 1005, "ele": 212.00000000000003 }, "geometry": { "type": "Point", "coordinates": [ -80.88351, 35.4351 ] } },
{ "type": "Feature", "properties": { "track_fid": 0, "track_seg_id": 0, "track_seg_point_id": 1006, "ele": 211.71 }, "geometry": { "type": "Point", "coordinates": [ -80.8836, 35.43493 ] } },
{ "type": "Feature", "properties": { "track_fid": 0, "track_seg_id": 0, "track_seg_point_id": 1007, "ele": 211.63 }, "geometry": { "type": "Point", "coordinates": [ -80.88364, 35.43482 ] } },
{ "type": "Feature", "properties": { "track_fid": 0, "track_seg_id": 0, "track_seg_point_id": 1008, "ele": 211.65 }, "geometry": { "type": "Point", "coordinates": [ -80.88378, 35.43414 ] } },
{ "type": "Feature", "properties": { "track_fid": 0, "track_seg_id": 0, "track_seg_point_id": 1009, "ele": 212.02 }, "geometry": { "type": "Point", "coordinates": [ -80.88391, 35.43395 ] } },
{ "type": "Feature", "properties": { "track_fid": 0, "track_seg_id": 0, "track_seg_point_id": 1010, "ele": 212.02 }, "geometry": { "type": "Point", "coordinates": [ -80.88399, 35.43387 ] } },
{ "type": "Feature", "properties": { "track_fid": 0, "track_seg_id": 0, "track_seg_point_id": 1011, "ele": 212.25 }, "geometry": { "type": "Point", "coordinates": [ -80.88418, 35.43374 ] } },
{ "type": "Feature", "properties": { "track_fid": 0, "track_seg_id": 0, "track_seg_point_id": 1012, "ele": 212.48 }, "geometry": { "type": "Point", "coordinates": [ -80.88445, 35.43366 ] } },
{ "type": "Feature", "properties": { "track_fid": 0, "track_seg_id": 0, "track_seg_point_id": 1013, "ele": 211.6 }, "geometry": { "type": "Point", "coordinates": [ -80.885415, 35.43364 ] } },
{ "type": "Feature", "properties": { "track_fid": 0, "track_seg_id": 0, "track_seg_point_id": 1014, "ele": 211.44 }, "geometry": { "type": "Point", "coordinates": [ -80.88638, 35.43362 ] } },
{ "type": "Feature", "properties": { "track_fid": 0, "track_seg_id": 0, "track_seg_point_id": 1015, "ele": 211.68 }, "geometry": { "type": "Point", "coordinates": [ -80.88655, 35.43365 ] } },
{ "type": "Feature", "properties": { "track_fid": 0, "track_seg_id": 0, "track_seg_point_id": 1016, "ele": 213.72 }, "geometry": { "type": "Point", "coordinates": [ -80.88736, 35.433925 ] } },
{ "type": "Feature", "properties": { "track_fid": 0, "track_seg_id": 0, "track_seg_point_id": 1017, "ele": 214.66 }, "geometry": { "type": "Point", "coordinates": [ -80.88817, 35.4342 ] } },
{ "type": "Feature", "properties": { "track_fid": 0, "track_seg_id": 0, "track_seg_point_id": 1018, "ele": 216.43 }, "geometry": { "type": "Point", "coordinates": [ -80.88848, 35.43439 ] } },
{ "type": "Feature", "properties": { "track_fid": 0, "track_seg_id": 0, "track_seg_point_id": 1019, "ele": 216.43 }, "geometry": { "type": "Point", "coordinates": [ -80.88865, 35.43458 ] } },
{ "type": "Feature", "properties": { "track_fid": 0, "track_seg_id": 0, "track_seg_point_id": 1020, "ele": 219.49 }, "geometry": { "type": "Point", "coordinates": [ -80.88879, 35.43482 ] } },
{ "type": "Feature", "properties": { "track_fid": 0, "track_seg_id": 0, "track_seg_point_id": 1021, "ele": 221.07 }, "geometry": { "type": "Point", "coordinates": [ -80.88884, 35.43508 ] } },
{ "type": "Feature", "properties": { "track_fid": 0, "track_seg_id": 0, "track_seg_point_id": 1022, "ele": 221.75 }, "geometry": { "type": "Point", "coordinates": [ -80.88885, 35.43525 ] } },
{ "type": "Feature", "properties": { "track_fid": 0, "track_seg_id": 0, "track_seg_point_id": 1023, "ele": 221.66 }, "geometry": { "type": "Point", "coordinates": [ -80.888865, 35.43582 ] } },
{ "type": "Feature", "properties": { "track_fid": 0, "track_seg_id": 0, "track_seg_point_id": 1024, "ele": 220.69 }, "geometry": { "type": "Point", "coordinates": [ -80.88888, 35.43639 ] } },
{ "type": "Feature", "properties": { "track_fid": 0, "track_seg_id": 0, "track_seg_point_id": 1025, "ele": 222.52 }, "geometry": { "type": "Point", "coordinates": [ -80.88881, 35.43685 ] } },
{ "type": "Feature", "properties": { "track_fid": 0, "track_seg_id": 0, "track_seg_point_id": 1026, "ele": 224.36 }, "geometry": { "type": "Point", "coordinates": [ -80.88878, 35.43728 ] } },
{ "type": "Feature", "properties": { "track_fid": 0, "track_seg_id": 0, "track_seg_point_id": 1027, "ele": 224.99 }, "geometry": { "type": "Point", "coordinates": [ -80.88878, 35.43744 ] } },
{ "type": "Feature", "properties": { "track_fid": 0, "track_seg_id": 0, "track_seg_point_id": 1028, "ele": 225.26 }, "geometry": { "type": "Point", "coordinates": [ -80.8888, 35.43759 ] } },
{ "type": "Feature", "properties": { "track_fid": 0, "track_seg_id": 0, "track_seg_point_id": 1029, "ele": 226.21 }, "geometry": { "type": "Point", "coordinates": [ -80.88896, 35.43783 ] } },
{ "type": "Feature", "properties": { "track_fid": 0, "track_seg_id": 0, "track_seg_point_id": 1030, "ele": 225.26 }, "geometry": { "type": "Point", "coordinates": [ -80.88803, 35.43827 ] } },
{ "type": "Feature", "properties": { "track_fid": 0, "track_seg_id": 0, "track_seg_point_id": 1031, "ele": 225.27 }, "geometry": { "type": "Point", "coordinates": [ -80.88803, 35.43826 ] } },
{ "type": "Feature", "properties": { "track_fid": 0, "track_seg_id": 0, "track_seg_point_id": 1032, "ele": 223.87 }, "geometry": { "type": "Point", "coordinates": [ -80.8872675, 35.4386175 ] } },
{ "type": "Feature", "properties": { "track_fid": 0, "track_seg_id": 0, "track_seg_point_id": 1033, "ele": 220.74 }, "geometry": { "type": "Point", "coordinates": [ -80.886505, 35.438975 ] } },
{ "type": "Feature", "properties": { "track_fid": 0, "track_seg_id": 0, "track_seg_point_id": 1034, "ele": 217.91 }, "geometry": { "type": "Point", "coordinates": [ -80.8857425, 35.4393325 ] } },
{ "type": "Feature", "properties": { "track_fid": 0, "track_seg_id": 0, "track_seg_point_id": 1035, "ele": 216.28 }, "geometry": { "type": "Point", "coordinates": [ -80.88498, 35.43969 ] } },
{ "type": "Feature", "properties": { "track_fid": 0, "track_seg_id": 0, "track_seg_point_id": 1036, "ele": 216.2 }, "geometry": { "type": "Point", "coordinates": [ -80.88455, 35.43992 ] } },
{ "type": "Feature", "properties": { "track_fid": 0, "track_seg_id": 0, "track_seg_point_id": 1037, "ele": 216.27 }, "geometry": { "type": "Point", "coordinates": [ -80.88391, 35.44044 ] } },
{ "type": "Feature", "properties": { "track_fid": 0, "track_seg_id": 0, "track_seg_point_id": 1038, "ele": 215.68 }, "geometry": { "type": "Point", "coordinates": [ -80.88327, 35.44096 ] } },
{ "type": "Feature", "properties": { "track_fid": 0, "track_seg_id": 0, "track_seg_point_id": 1039, "ele": 215.64 }, "geometry": { "type": "Point", "coordinates": [ -80.8831, 35.44106 ] } },
{ "type": "Feature", "properties": { "track_fid": 0, "track_seg_id": 0, "track_seg_point_id": 1040, "ele": 216.01 }, "geometry": { "type": "Point", "coordinates": [ -80.88273, 35.44136 ] } },
{ "type": "Feature", "properties": { "track_fid": 0, "track_seg_id": 0, "track_seg_point_id": 1041, "ele": 216.5 }, "geometry": { "type": "Point", "coordinates": [ -80.88257, 35.44153 ] } },
{ "type": "Feature", "properties": { "track_fid": 0, "track_seg_id": 0, "track_seg_point_id": 1042, "ele": 217.84 }, "geometry": { "type": "Point", "coordinates": [ -80.88226, 35.44202 ] } },
{ "type": "Feature", "properties": { "track_fid": 0, "track_seg_id": 0, "track_seg_point_id": 1043, "ele": 218.22 }, "geometry": { "type": "Point", "coordinates": [ -80.88212, 35.44232 ] } },
{ "type": "Feature", "properties": { "track_fid": 0, "track_seg_id": 0, "track_seg_point_id": 1044, "ele": 219.13 }, "geometry": { "type": "Point", "coordinates": [ -80.88203, 35.44265 ] } },
{ "type": "Feature", "properties": { "track_fid": 0, "track_seg_id": 0, "track_seg_point_id": 1045, "ele": 220.2 }, "geometry": { "type": "Point", "coordinates": [ -80.88198, 35.44313 ] } },
{ "type": "Feature", "properties": { "track_fid": 0, "track_seg_id": 0, "track_seg_point_id": 1046, "ele": 220.18 }, "geometry": { "type": "Point", "coordinates": [ -80.88198, 35.44312 ] } },
{ "type": "Feature", "properties": { "track_fid": 0, "track_seg_id": 0, "track_seg_point_id": 1047, "ele": 220.89 }, "geometry": { "type": "Point", "coordinates": [ -80.88192, 35.44356 ] } },
{ "type": "Feature", "properties": { "track_fid": 0, "track_seg_id": 0, "track_seg_point_id": 1048, "ele": 221.34 }, "geometry": { "type": "Point", "coordinates": [ -80.88185, 35.44398 ] } },
{ "type": "Feature", "properties": { "track_fid": 0, "track_seg_id": 0, "track_seg_point_id": 1049, "ele": 221.78 }, "geometry": { "type": "Point", "coordinates": [ -80.88177, 35.44419 ] } },
{ "type": "Feature", "properties": { "track_fid": 0, "track_seg_id": 0, "track_seg_point_id": 1050, "ele": 222.37 }, "geometry": { "type": "Point", "coordinates": [ -80.88159, 35.44447 ] } },
{ "type": "Feature", "properties": { "track_fid": 0, "track_seg_id": 0, "track_seg_point_id": 1051, "ele": 223.21 }, "geometry": { "type": "Point", "coordinates": [ -80.88144, 35.44464 ] } },
{ "type": "Feature", "properties": { "track_fid": 0, "track_seg_id": 0, "track_seg_point_id": 1052, "ele": 223.85 }, "geometry": { "type": "Point", "coordinates": [ -80.88113, 35.4449 ] } },
{ "type": "Feature", "properties": { "track_fid": 0, "track_seg_id": 0, "track_seg_point_id": 1053, "ele": 223.38 }, "geometry": { "type": "Point", "coordinates": [ -80.8807, 35.44513 ] } },
{ "type": "Feature", "properties": { "track_fid": 0, "track_seg_id": 0, "track_seg_point_id": 1054, "ele": 222.89 }, "geometry": { "type": "Point", "coordinates": [ -80.88012, 35.44535 ] } },
{ "type": "Feature", "properties": { "track_fid": 0, "track_seg_id": 0, "track_seg_point_id": 1055, "ele": 223.11 }, "geometry": { "type": "Point", "coordinates": [ -80.87954, 35.44557 ] } },
{ "type": "Feature", "properties": { "track_fid": 0, "track_seg_id": 0, "track_seg_point_id": 1056, "ele": 223.11 }, "geometry": { "type": "Point", "coordinates": [ -80.87949, 35.44553 ] } },
{ "type": "Feature", "properties": { "track_fid": 0, "track_seg_id": 0, "track_seg_point_id": 1057, "ele": 223.11 }, "geometry": { "type": "Point", "coordinates": [ -80.87944, 35.44552 ] } },
{ "type": "Feature", "properties": { "track_fid": 0, "track_seg_id": 0, "track_seg_point_id": 1058, "ele": 223.11 }, "geometry": { "type": "Point", "coordinates": [ -80.87932, 35.44553 ] } },
{ "type": "Feature", "properties": { "track_fid": 0, "track_seg_id": 0, "track_seg_point_id": 1059, "ele": 223.11 }, "geometry": { "type": "Point", "coordinates": [ -80.8793, 35.44555 ] } },
{ "type": "Feature", "properties": { "track_fid": 0, "track_seg_id": 0, "track_seg_point_id": 1060, "ele": 223.19 }, "geometry": { "type": "Point", "coordinates": [ -80.87926, 35.44561 ] } },
{ "type": "Feature", "properties": { "track_fid": 0, "track_seg_id": 0, "track_seg_point_id": 1061, "ele": 223.19 }, "geometry": { "type": "Point", "coordinates": [ -80.87924, 35.44569 ] } },
{ "type": "Feature", "properties": { "track_fid": 0, "track_seg_id": 0, "track_seg_point_id": 1062, "ele": 222.95 }, "geometry": { "type": "Point", "coordinates": [ -80.87882, 35.44587 ] } },
{ "type": "Feature", "properties": { "track_fid": 0, "track_seg_id": 0, "track_seg_point_id": 1063, "ele": 222.95 }, "geometry": { "type": "Point", "coordinates": [ -80.87882, 35.44586 ] } },
{ "type": "Feature", "properties": { "track_fid": 0, "track_seg_id": 0, "track_seg_point_id": 1064, "ele": 223.23 }, "geometry": { "type": "Point", "coordinates": [ -80.87806, 35.44618 ] } },
{ "type": "Feature", "properties": { "track_fid": 0, "track_seg_id": 0, "track_seg_point_id": 1065, "ele": 222.29 }, "geometry": { "type": "Point", "coordinates": [ -80.87781, 35.445775 ] } },
{ "type": "Feature", "properties": { "track_fid": 0, "track_seg_id": 0, "track_seg_point_id": 1066, "ele": 221.24 }, "geometry": { "type": "Point", "coordinates": [ -80.87756, 35.44537 ] } },
{ "type": "Feature", "properties": { "track_fid": 0, "track_seg_id": 0, "track_seg_point_id": 1067, "ele": 220.48 }, "geometry": { "type": "Point", "coordinates": [ -80.87738, 35.44509 ] } },
{ "type": "Feature", "properties": { "track_fid": 0, "track_seg_id": 0, "track_seg_point_id": 1068, "ele": 219.12 }, "geometry": { "type": "Point", "coordinates": [ -80.87698, 35.44525 ] } },
{ "type": "Feature", "properties": { "track_fid": 0, "track_seg_id": 0, "track_seg_point_id": 1069, "ele": 219.15 }, "geometry": { "type": "Point", "coordinates": [ -80.87698, 35.44524 ] } },
{ "type": "Feature", "properties": { "track_fid": 0, "track_seg_id": 0, "track_seg_point_id": 1070, "ele": 217.73 }, "geometry": { "type": "Point", "coordinates": [ -80.87654, 35.44542 ] } },
{ "type": "Feature", "properties": { "track_fid": 0, "track_seg_id": 0, "track_seg_point_id": 1071, "ele": 217.17 }, "geometry": { "type": "Point", "coordinates": [ -80.87649, 35.44531 ] } },
{ "type": "Feature", "properties": { "track_fid": 0, "track_seg_id": 0, "track_seg_point_id": 1072, "ele": 216.04 }, "geometry": { "type": "Point", "coordinates": [ -80.87644, 35.44505 ] } },
{ "type": "Feature", "properties": { "track_fid": 0, "track_seg_id": 0, "track_seg_point_id": 1073, "ele": 215.69 }, "geometry": { "type": "Point", "coordinates": [ -80.87637, 35.44501 ] } },
{ "type": "Feature", "properties": { "track_fid": 0, "track_seg_id": 0, "track_seg_point_id": 1074, "ele": 215.51 }, "geometry": { "type": "Point", "coordinates": [ -80.87635, 35.44512 ] } },
{ "type": "Feature", "properties": { "track_fid": 0, "track_seg_id": 0, "track_seg_point_id": 1075, "ele": 215.22 }, "geometry": { "type": "Point", "coordinates": [ -80.87637, 35.44527 ] } },
{ "type": "Feature", "properties": { "track_fid": 0, "track_seg_id": 0, "track_seg_point_id": 1076, "ele": 215.51 }, "geometry": { "type": "Point", "coordinates": [ -80.87635, 35.44512 ] } },
{ "type": "Feature", "properties": { "track_fid": 0, "track_seg_id": 0, "track_seg_point_id": 1077, "ele": 215.69 }, "geometry": { "type": "Point", "coordinates": [ -80.87637, 35.44501 ] } },
{ "type": "Feature", "properties": { "track_fid": 0, "track_seg_id": 0, "track_seg_point_id": 1078, "ele": 215.51 }, "geometry": { "type": "Point", "coordinates": [ -80.87635, 35.44512 ] } },
{ "type": "Feature", "properties": { "track_fid": 0, "track_seg_id": 0, "track_seg_point_id": 1079, "ele": 215.1 }, "geometry": { "type": "Point", "coordinates": [ -80.87638, 35.44533 ] } },
{ "type": "Feature", "properties": { "track_fid": 0, "track_seg_id": 0, "track_seg_point_id": 1080, "ele": 214.63 }, "geometry": { "type": "Point", "coordinates": [ -80.87648, 35.44566 ] } },
{ "type": "Feature", "properties": { "track_fid": 0, "track_seg_id": 0, "track_seg_point_id": 1081, "ele": 214.63 }, "geometry": { "type": "Point", "coordinates": [ -80.87658, 35.44591 ] } },
{ "type": "Feature", "properties": { "track_fid": 0, "track_seg_id": 0, "track_seg_point_id": 1082, "ele": 214.38 }, "geometry": { "type": "Point", "coordinates": [ -80.87675, 35.44618 ] } },
{ "type": "Feature", "properties": { "track_fid": 0, "track_seg_id": 0, "track_seg_point_id": 1083, "ele": 214.58 }, "geometry": { "type": "Point", "coordinates": [ -80.87692, 35.44636 ] } },
{ "type": "Feature", "properties": { "track_fid": 0, "track_seg_id": 0, "track_seg_point_id": 1084, "ele": 214.6 }, "geometry": { "type": "Point", "coordinates": [ -80.87697, 35.4466 ] } },
{ "type": "Feature", "properties": { "track_fid": 0, "track_seg_id": 0, "track_seg_point_id": 1085, "ele": 214.49 }, "geometry": { "type": "Point", "coordinates": [ -80.87703, 35.44699 ] } },
{ "type": "Feature", "properties": { "track_fid": 0, "track_seg_id": 0, "track_seg_point_id": 1086, "ele": 214.04 }, "geometry": { "type": "Point", "coordinates": [ -80.87706, 35.4472 ] } },
{ "type": "Feature", "properties": { "track_fid": 0, "track_seg_id": 0, "track_seg_point_id": 1087, "ele": 214.00000000000003 }, "geometry": { "type": "Point", "coordinates": [ -80.87724, 35.44734 ] } },
{ "type": "Feature", "properties": { "track_fid": 0, "track_seg_id": 0, "track_seg_point_id": 1088, "ele": 214.15 }, "geometry": { "type": "Point", "coordinates": [ -80.87751, 35.44765 ] } },
{ "type": "Feature", "properties": { "track_fid": 0, "track_seg_id": 0, "track_seg_point_id": 1089, "ele": 214.21 }, "geometry": { "type": "Point", "coordinates": [ -80.87769, 35.44784 ] } },
{ "type": "Feature", "properties": { "track_fid": 0, "track_seg_id": 0, "track_seg_point_id": 1090, "ele": 215.69 }, "geometry": { "type": "Point", "coordinates": [ -80.87809, 35.44814 ] } },
{ "type": "Feature", "properties": { "track_fid": 0, "track_seg_id": 0, "track_seg_point_id": 1091, "ele": 215.69 }, "geometry": { "type": "Point", "coordinates": [ -80.87809, 35.44817 ] } },
{ "type": "Feature", "properties": { "track_fid": 0, "track_seg_id": 0, "track_seg_point_id": 1092, "ele": 215.79 }, "geometry": { "type": "Point", "coordinates": [ -80.87813, 35.44821 ] } },
{ "type": "Feature", "properties": { "track_fid": 0, "track_seg_id": 0, "track_seg_point_id": 1093, "ele": 215.84 }, "geometry": { "type": "Point", "coordinates": [ -80.87814, 35.44837 ] } },
{ "type": "Feature", "properties": { "track_fid": 0, "track_seg_id": 0, "track_seg_point_id": 1094, "ele": 215.78 }, "geometry": { "type": "Point", "coordinates": [ -80.87836, 35.44909 ] } },
{ "type": "Feature", "properties": { "track_fid": 0, "track_seg_id": 0, "track_seg_point_id": 1095, "ele": 216.18 }, "geometry": { "type": "Point", "coordinates": [ -80.87846, 35.44934 ] } },
{ "type": "Feature", "properties": { "track_fid": 0, "track_seg_id": 0, "track_seg_point_id": 1096, "ele": 216.21 }, "geometry": { "type": "Point", "coordinates": [ -80.8785, 35.4495 ] } },
{ "type": "Feature", "properties": { "track_fid": 0, "track_seg_id": 0, "track_seg_point_id": 1097, "ele": 215.96 }, "geometry": { "type": "Point", "coordinates": [ -80.87881, 35.45022 ] } },
{ "type": "Feature", "properties": { "track_fid": 0, "track_seg_id": 0, "track_seg_point_id": 1098, "ele": 216.14 }, "geometry": { "type": "Point", "coordinates": [ -80.87881, 35.45054 ] } },
{ "type": "Feature", "properties": { "track_fid": 0, "track_seg_id": 0, "track_seg_point_id": 1099, "ele": 216.14 }, "geometry": { "type": "Point", "coordinates": [ -80.87881, 35.45062 ] } },
{ "type": "Feature", "properties": { "track_fid": 0, "track_seg_id": 0, "track_seg_point_id": 1100, "ele": 216.28 }, "geometry": { "type": "Point", "coordinates": [ -80.87876, 35.45077 ] } },
{ "type": "Feature", "properties": { "track_fid": 0, "track_seg_id": 0, "track_seg_point_id": 1101, "ele": 215.6 }, "geometry": { "type": "Point", "coordinates": [ -80.87854, 35.45111 ] } },
{ "type": "Feature", "properties": { "track_fid": 0, "track_seg_id": 0, "track_seg_point_id": 1102, "ele": 215.33 }, "geometry": { "type": "Point", "coordinates": [ -80.8784, 35.45138 ] } },
{ "type": "Feature", "properties": { "track_fid": 0, "track_seg_id": 0, "track_seg_point_id": 1103, "ele": 215.57 }, "geometry": { "type": "Point", "coordinates": [ -80.87828, 35.45174 ] } },
{ "type": "Feature", "properties": { "track_fid": 0, "track_seg_id": 0, "track_seg_point_id": 1104, "ele": 215.57 }, "geometry": { "type": "Point", "coordinates": [ -80.87828, 35.45201 ] } },
{ "type": "Feature", "properties": { "track_fid": 0, "track_seg_id": 0, "track_seg_point_id": 1105, "ele": 215.57 }, "geometry": { "type": "Point", "coordinates": [ -80.87827, 35.45215 ] } },
{ "type": "Feature", "properties": { "track_fid": 0, "track_seg_id": 0, "track_seg_point_id": 1106, "ele": 216.09 }, "geometry": { "type": "Point", "coordinates": [ -80.87805, 35.45262 ] } },
{ "type": "Feature", "properties": { "track_fid": 0, "track_seg_id": 0, "track_seg_point_id": 1107, "ele": 216.2 }, "geometry": { "type": "Point", "coordinates": [ -80.878, 35.4528 ] } },
{ "type": "Feature", "properties": { "track_fid": 0, "track_seg_id": 0, "track_seg_point_id": 1108, "ele": 216.15 }, "geometry": { "type": "Point", "coordinates": [ -80.87797, 35.45297 ] } },
{ "type": "Feature", "properties": { "track_fid": 0, "track_seg_id": 0, "track_seg_point_id": 1109, "ele": 216.16 }, "geometry": { "type": "Point", "coordinates": [ -80.87797, 35.45296 ] } },
{ "type": "Feature", "properties": { "track_fid": 0, "track_seg_id": 0, "track_seg_point_id": 1110, "ele": 216.1 }, "geometry": { "type": "Point", "coordinates": [ -80.87796, 35.45318 ] } },
{ "type": "Feature", "properties": { "track_fid": 0, "track_seg_id": 0, "track_seg_point_id": 1111, "ele": 217.06 }, "geometry": { "type": "Point", "coordinates": [ -80.87809, 35.45396 ] } },
{ "type": "Feature", "properties": { "track_fid": 0, "track_seg_id": 0, "track_seg_point_id": 1112, "ele": 216.71 }, "geometry": { "type": "Point", "coordinates": [ -80.87808, 35.45461 ] } },
{ "type": "Feature", "properties": { "track_fid": 0, "track_seg_id": 0, "track_seg_point_id": 1113, "ele": 216.67 }, "geometry": { "type": "Point", "coordinates": [ -80.87809, 35.45492 ] } },
{ "type": "Feature", "properties": { "track_fid": 0, "track_seg_id": 0, "track_seg_point_id": 1114, "ele": 216.77 }, "geometry": { "type": "Point", "coordinates": [ -80.87824, 35.45538 ] } },
{ "type": "Feature", "properties": { "track_fid": 0, "track_seg_id": 0, "track_seg_point_id": 1115, "ele": 217.42 }, "geometry": { "type": "Point", "coordinates": [ -80.87839, 35.45584 ] } },
{ "type": "Feature", "properties": { "track_fid": 0, "track_seg_id": 0, "track_seg_point_id": 1116, "ele": 217.42 }, "geometry": { "type": "Point", "coordinates": [ -80.87841, 35.45595 ] } },
{ "type": "Feature", "properties": { "track_fid": 0, "track_seg_id": 0, "track_seg_point_id": 1117, "ele": 217.49 }, "geometry": { "type": "Point", "coordinates": [ -80.87841, 35.4561 ] } },
{ "type": "Feature", "properties": { "track_fid": 0, "track_seg_id": 0, "track_seg_point_id": 1118, "ele": 217.8 }, "geometry": { "type": "Point", "coordinates": [ -80.878145, 35.456625 ] } },
{ "type": "Feature", "properties": { "track_fid": 0, "track_seg_id": 0, "track_seg_point_id": 1119, "ele": 217.81 }, "geometry": { "type": "Point", "coordinates": [ -80.87788, 35.45715 ] } },
{ "type": "Feature", "properties": { "track_fid": 0, "track_seg_id": 0, "track_seg_point_id": 1120, "ele": 217.73 }, "geometry": { "type": "Point", "coordinates": [ -80.87787, 35.45729 ] } },
{ "type": "Feature", "properties": { "track_fid": 0, "track_seg_id": 0, "track_seg_point_id": 1121, "ele": 218.02 }, "geometry": { "type": "Point", "coordinates": [ -80.87787, 35.45772 ] } },
{ "type": "Feature", "properties": { "track_fid": 0, "track_seg_id": 0, "track_seg_point_id": 1122, "ele": 218.12 }, "geometry": { "type": "Point", "coordinates": [ -80.87764, 35.45813 ] } },
{ "type": "Feature", "properties": { "track_fid": 0, "track_seg_id": 0, "track_seg_point_id": 1123, "ele": 218.48 }, "geometry": { "type": "Point", "coordinates": [ -80.87756, 35.45852 ] } },
{ "type": "Feature", "properties": { "track_fid": 0, "track_seg_id": 0, "track_seg_point_id": 1124, "ele": 219.57 }, "geometry": { "type": "Point", "coordinates": [ -80.87733, 35.45918 ] } },
{ "type": "Feature", "properties": { "track_fid": 0, "track_seg_id": 0, "track_seg_point_id": 1125, "ele": 220.1 }, "geometry": { "type": "Point", "coordinates": [ -80.87725, 35.45945 ] } },
{ "type": "Feature", "properties": { "track_fid": 0, "track_seg_id": 0, "track_seg_point_id": 1126, "ele": 220.11 }, "geometry": { "type": "Point", "coordinates": [ -80.87728, 35.45968 ] } },
{ "type": "Feature", "properties": { "track_fid": 0, "track_seg_id": 0, "track_seg_point_id": 1127, "ele": 219.8 }, "geometry": { "type": "Point", "coordinates": [ -80.87707, 35.46039 ] } },
{ "type": "Feature", "properties": { "track_fid": 0, "track_seg_id": 0, "track_seg_point_id": 1128, "ele": 219.65 }, "geometry": { "type": "Point", "coordinates": [ -80.876955, 35.460845 ] } },
{ "type": "Feature", "properties": { "track_fid": 0, "track_seg_id": 0, "track_seg_point_id": 1129, "ele": 219.67 }, "geometry": { "type": "Point", "coordinates": [ -80.87684, 35.4613 ] } },
{ "type": "Feature", "properties": { "track_fid": 0, "track_seg_id": 0, "track_seg_point_id": 1130, "ele": 220.02 }, "geometry": { "type": "Point", "coordinates": [ -80.87681, 35.46203 ] } },
{ "type": "Feature", "properties": { "track_fid": 0, "track_seg_id": 0, "track_seg_point_id": 1131, "ele": 220.03 }, "geometry": { "type": "Point", "coordinates": [ -80.87681, 35.462 ] } },
{ "type": "Feature", "properties": { "track_fid": 0, "track_seg_id": 0, "track_seg_point_id": 1132, "ele": 220.08 }, "geometry": { "type": "Point", "coordinates": [ -80.87679, 35.46229 ] } },
{ "type": "Feature", "properties": { "track_fid": 0, "track_seg_id": 0, "track_seg_point_id": 1133, "ele": 221.74 }, "geometry": { "type": "Point", "coordinates": [ -80.87696, 35.46265 ] } },
{ "type": "Feature", "properties": { "track_fid": 0, "track_seg_id": 0, "track_seg_point_id": 1134, "ele": 223.1 }, "geometry": { "type": "Point", "coordinates": [ -80.87697, 35.4628 ] } },
{ "type": "Feature", "properties": { "track_fid": 0, "track_seg_id": 0, "track_seg_point_id": 1135, "ele": 224.52 }, "geometry": { "type": "Point", "coordinates": [ -80.87702, 35.46293 ] } },
{ "type": "Feature", "properties": { "track_fid": 0, "track_seg_id": 0, "track_seg_point_id": 1136, "ele": 224.52 }, "geometry": { "type": "Point", "coordinates": [ -80.87707, 35.46299 ] } },
{ "type": "Feature", "properties": { "track_fid": 0, "track_seg_id": 0, "track_seg_point_id": 1137, "ele": 225.85 }, "geometry": { "type": "Point", "coordinates": [ -80.87715, 35.46304 ] } },
{ "type": "Feature", "properties": { "track_fid": 0, "track_seg_id": 0, "track_seg_point_id": 1138, "ele": 225.85 }, "geometry": { "type": "Point", "coordinates": [ -80.87725, 35.46305 ] } },
{ "type": "Feature", "properties": { "track_fid": 0, "track_seg_id": 0, "track_seg_point_id": 1139, "ele": 229.08 }, "geometry": { "type": "Point", "coordinates": [ -80.87756, 35.46302 ] } },
{ "type": "Feature", "properties": { "track_fid": 0, "track_seg_id": 0, "track_seg_point_id": 1140, "ele": 229.73 }, "geometry": { "type": "Point", "coordinates": [ -80.87778, 35.46307 ] } },
{ "type": "Feature", "properties": { "track_fid": 0, "track_seg_id": 0, "track_seg_point_id": 1141, "ele": 230.59 }, "geometry": { "type": "Point", "coordinates": [ -80.87801, 35.46308 ] } },
{ "type": "Feature", "properties": { "track_fid": 0, "track_seg_id": 0, "track_seg_point_id": 1142, "ele": 231.82 }, "geometry": { "type": "Point", "coordinates": [ -80.878605, 35.46293 ] } },
{ "type": "Feature", "properties": { "track_fid": 0, "track_seg_id": 0, "track_seg_point_id": 1143, "ele": 232.54 }, "geometry": { "type": "Point", "coordinates": [ -80.8792, 35.46278 ] } },
{ "type": "Feature", "properties": { "track_fid": 0, "track_seg_id": 0, "track_seg_point_id": 1144, "ele": 233.14 }, "geometry": { "type": "Point", "coordinates": [ -80.87978, 35.462635 ] } },
{ "type": "Feature", "properties": { "track_fid": 0, "track_seg_id": 0, "track_seg_point_id": 1145, "ele": 233.8 }, "geometry": { "type": "Point", "coordinates": [ -80.88036, 35.46249 ] } },
{ "type": "Feature", "properties": { "track_fid": 0, "track_seg_id": 0, "track_seg_point_id": 1146, "ele": 231.83 }, "geometry": { "type": "Point", "coordinates": [ -80.88049, 35.46275 ] } },
{ "type": "Feature", "properties": { "track_fid": 0, "track_seg_id": 0, "track_seg_point_id": 1147, "ele": 231.55 }, "geometry": { "type": "Point", "coordinates": [ -80.879785, 35.462915 ] } },
{ "type": "Feature", "properties": { "track_fid": 0, "track_seg_id": 0, "track_seg_point_id": 1148, "ele": 231.42 }, "geometry": { "type": "Point", "coordinates": [ -80.87908, 35.46308 ] } },
{ "type": "Feature", "properties": { "track_fid": 0, "track_seg_id": 0, "track_seg_point_id": 1149, "ele": 231.99 }, "geometry": { "type": "Point", "coordinates": [ -80.87908, 35.46307 ] } },
{ "type": "Feature", "properties": { "track_fid": 0, "track_seg_id": 0, "track_seg_point_id": 1150, "ele": 231.1 }, "geometry": { "type": "Point", "coordinates": [ -80.87885, 35.46314 ] } },
{ "type": "Feature", "properties": { "track_fid": 0, "track_seg_id": 0, "track_seg_point_id": 1151, "ele": 230.82 }, "geometry": { "type": "Point", "coordinates": [ -80.87873, 35.46322 ] } },
{ "type": "Feature", "properties": { "track_fid": 0, "track_seg_id": 0, "track_seg_point_id": 1152, "ele": 228.98 }, "geometry": { "type": "Point", "coordinates": [ -80.87868, 35.4633 ] } },
{ "type": "Feature", "properties": { "track_fid": 0, "track_seg_id": 0, "track_seg_point_id": 1153, "ele": 228.98 }, "geometry": { "type": "Point", "coordinates": [ -80.87867, 35.46338 ] } },
{ "type": "Feature", "properties": { "track_fid": 0, "track_seg_id": 0, "track_seg_point_id": 1154, "ele": 228.98 }, "geometry": { "type": "Point", "coordinates": [ -80.87871, 35.46344 ] } },
{ "type": "Feature", "properties": { "track_fid": 0, "track_seg_id": 0, "track_seg_point_id": 1155, "ele": 226.5 }, "geometry": { "type": "Point", "coordinates": [ -80.87885, 35.4636 ] } },
{ "type": "Feature", "properties": { "track_fid": 0, "track_seg_id": 0, "track_seg_point_id": 1156, "ele": 226.5 }, "geometry": { "type": "Point", "coordinates": [ -80.87893, 35.4637 ] } },
{ "type": "Feature", "properties": { "track_fid": 0, "track_seg_id": 0, "track_seg_point_id": 1157, "ele": 225.0 }, "geometry": { "type": "Point", "coordinates": [ -80.87894, 35.4638 ] } },
{ "type": "Feature", "properties": { "track_fid": 0, "track_seg_id": 0, "track_seg_point_id": 1158, "ele": 224.3 }, "geometry": { "type": "Point", "coordinates": [ -80.8789, 35.46393 ] } },
{ "type": "Feature", "properties": { "track_fid": 0, "track_seg_id": 0, "track_seg_point_id": 1159, "ele": 223.65 }, "geometry": { "type": "Point", "coordinates": [ -80.87886, 35.46402 ] } },
{ "type": "Feature", "properties": { "track_fid": 0, "track_seg_id": 0, "track_seg_point_id": 1160, "ele": 223.64 }, "geometry": { "type": "Point", "coordinates": [ -80.87871, 35.46418 ] } },
{ "type": "Feature", "properties": { "track_fid": 0, "track_seg_id": 0, "track_seg_point_id": 1161, "ele": 224.38 }, "geometry": { "type": "Point", "coordinates": [ -80.87836, 35.46424 ] } },
{ "type": "Feature", "properties": { "track_fid": 0, "track_seg_id": 0, "track_seg_point_id": 1162, "ele": 223.17 }, "geometry": { "type": "Point", "coordinates": [ -80.87774, 35.46452 ] } },
{ "type": "Feature", "properties": { "track_fid": 0, "track_seg_id": 0, "track_seg_point_id": 1163, "ele": 223.39 }, "geometry": { "type": "Point", "coordinates": [ -80.87742, 35.46465 ] } },
{ "type": "Feature", "properties": { "track_fid": 0, "track_seg_id": 0, "track_seg_point_id": 1164, "ele": 223.63 }, "geometry": { "type": "Point", "coordinates": [ -80.87733, 35.46472 ] } },
{ "type": "Feature", "properties": { "track_fid": 0, "track_seg_id": 0, "track_seg_point_id": 1165, "ele": 224.23 }, "geometry": { "type": "Point", "coordinates": [ -80.87715, 35.46505 ] } },
{ "type": "Feature", "properties": { "track_fid": 0, "track_seg_id": 0, "track_seg_point_id": 1166, "ele": 224.42 }, "geometry": { "type": "Point", "coordinates": [ -80.87713, 35.46512 ] } },
{ "type": "Feature", "properties": { "track_fid": 0, "track_seg_id": 0, "track_seg_point_id": 1167, "ele": 224.16 }, "geometry": { "type": "Point", "coordinates": [ -80.87712, 35.46544 ] } },
{ "type": "Feature", "properties": { "track_fid": 0, "track_seg_id": 0, "track_seg_point_id": 1168, "ele": 224.17 }, "geometry": { "type": "Point", "coordinates": [ -80.87712, 35.46543 ] } },
{ "type": "Feature", "properties": { "track_fid": 0, "track_seg_id": 0, "track_seg_point_id": 1169, "ele": 224.2 }, "geometry": { "type": "Point", "coordinates": [ -80.87713, 35.4659 ] } },
{ "type": "Feature", "properties": { "track_fid": 0, "track_seg_id": 0, "track_seg_point_id": 1170, "ele": 224.63 }, "geometry": { "type": "Point", "coordinates": [ -80.87711, 35.46619 ] } },
{ "type": "Feature", "properties": { "track_fid": 0, "track_seg_id": 0, "track_seg_point_id": 1171, "ele": 224.42 }, "geometry": { "type": "Point", "coordinates": [ -80.87706, 35.4663 ] } },
{ "type": "Feature", "properties": { "track_fid": 0, "track_seg_id": 0, "track_seg_point_id": 1172, "ele": 224.01 }, "geometry": { "type": "Point", "coordinates": [ -80.87696, 35.4664 ] } },
{ "type": "Feature", "properties": { "track_fid": 0, "track_seg_id": 0, "track_seg_point_id": 1173, "ele": 222.8 }, "geometry": { "type": "Point", "coordinates": [ -80.87689, 35.46653 ] } },
{ "type": "Feature", "properties": { "track_fid": 0, "track_seg_id": 0, "track_seg_point_id": 1174, "ele": 222.42 }, "geometry": { "type": "Point", "coordinates": [ -80.87693, 35.46664 ] } },
{ "type": "Feature", "properties": { "track_fid": 0, "track_seg_id": 0, "track_seg_point_id": 1175, "ele": 222.08 }, "geometry": { "type": "Point", "coordinates": [ -80.87702, 35.46685 ] } },
{ "type": "Feature", "properties": { "track_fid": 0, "track_seg_id": 0, "track_seg_point_id": 1176, "ele": 222.15 }, "geometry": { "type": "Point", "coordinates": [ -80.87714, 35.46694 ] } },
{ "type": "Feature", "properties": { "track_fid": 0, "track_seg_id": 0, "track_seg_point_id": 1177, "ele": 222.62 }, "geometry": { "type": "Point", "coordinates": [ -80.87742, 35.4671 ] } },
{ "type": "Feature", "properties": { "track_fid": 0, "track_seg_id": 0, "track_seg_point_id": 1178, "ele": 222.72 }, "geometry": { "type": "Point", "coordinates": [ -80.87751, 35.46717 ] } },
{ "type": "Feature", "properties": { "track_fid": 0, "track_seg_id": 0, "track_seg_point_id": 1179, "ele": 222.68 }, "geometry": { "type": "Point", "coordinates": [ -80.87752, 35.46726 ] } },
{ "type": "Feature", "properties": { "track_fid": 0, "track_seg_id": 0, "track_seg_point_id": 1180, "ele": 222.41 }, "geometry": { "type": "Point", "coordinates": [ -80.87747, 35.46741 ] } },
{ "type": "Feature", "properties": { "track_fid": 0, "track_seg_id": 0, "track_seg_point_id": 1181, "ele": 222.3 }, "geometry": { "type": "Point", "coordinates": [ -80.8772, 35.46761 ] } },
{ "type": "Feature", "properties": { "track_fid": 0, "track_seg_id": 0, "track_seg_point_id": 1182, "ele": 222.22 }, "geometry": { "type": "Point", "coordinates": [ -80.87716, 35.46766 ] } },
{ "type": "Feature", "properties": { "track_fid": 0, "track_seg_id": 0, "track_seg_point_id": 1183, "ele": 222.22 }, "geometry": { "type": "Point", "coordinates": [ -80.87715, 35.46781 ] } },
{ "type": "Feature", "properties": { "track_fid": 0, "track_seg_id": 0, "track_seg_point_id": 1184, "ele": 222.15 }, "geometry": { "type": "Point", "coordinates": [ -80.8772, 35.46789 ] } },
{ "type": "Feature", "properties": { "track_fid": 0, "track_seg_id": 0, "track_seg_point_id": 1185, "ele": 222.32 }, "geometry": { "type": "Point", "coordinates": [ -80.87751, 35.46827 ] } },
{ "type": "Feature", "properties": { "track_fid": 0, "track_seg_id": 0, "track_seg_point_id": 1186, "ele": 222.84 }, "geometry": { "type": "Point", "coordinates": [ -80.87782, 35.46865 ] } },
{ "type": "Feature", "properties": { "track_fid": 0, "track_seg_id": 0, "track_seg_point_id": 1187, "ele": 223.07 }, "geometry": { "type": "Point", "coordinates": [ -80.87823, 35.46899 ] } },
{ "type": "Feature", "properties": { "track_fid": 0, "track_seg_id": 0, "track_seg_point_id": 1188, "ele": 224.11 }, "geometry": { "type": "Point", "coordinates": [ -80.87864, 35.46933 ] } },
{ "type": "Feature", "properties": { "track_fid": 0, "track_seg_id": 0, "track_seg_point_id": 1189, "ele": 224.77 }, "geometry": { "type": "Point", "coordinates": [ -80.87883, 35.46941 ] } },
{ "type": "Feature", "properties": { "track_fid": 0, "track_seg_id": 0, "track_seg_point_id": 1190, "ele": 225.05 }, "geometry": { "type": "Point", "coordinates": [ -80.87893, 35.46944 ] } },
{ "type": "Feature", "properties": { "track_fid": 0, "track_seg_id": 0, "track_seg_point_id": 1191, "ele": 225.3 }, "geometry": { "type": "Point", "coordinates": [ -80.87908, 35.46925 ] } },
{ "type": "Feature", "properties": { "track_fid": 0, "track_seg_id": 0, "track_seg_point_id": 1192, "ele": 224.65 }, "geometry": { "type": "Point", "coordinates": [ -80.8793, 35.46948 ] } },
{ "type": "Feature", "properties": { "track_fid": 0, "track_seg_id": 0, "track_seg_point_id": 1193, "ele": 224.56 }, "geometry": { "type": "Point", "coordinates": [ -80.87939, 35.46954 ] } },
{ "type": "Feature", "properties": { "track_fid": 0, "track_seg_id": 0, "track_seg_point_id": 1194, "ele": 223.97 }, "geometry": { "type": "Point", "coordinates": [ -80.8796, 35.46969 ] } },
{ "type": "Feature", "properties": { "track_fid": 0, "track_seg_id": 0, "track_seg_point_id": 1195, "ele": 224.02 }, "geometry": { "type": "Point", "coordinates": [ -80.87979, 35.46988 ] } },
{ "type": "Feature", "properties": { "track_fid": 0, "track_seg_id": 0, "track_seg_point_id": 1196, "ele": 224.13 }, "geometry": { "type": "Point", "coordinates": [ -80.880325, 35.470115 ] } },
{ "type": "Feature", "properties": { "track_fid": 0, "track_seg_id": 0, "track_seg_point_id": 1197, "ele": 224.44 }, "geometry": { "type": "Point", "coordinates": [ -80.88086, 35.47035 ] } },
{ "type": "Feature", "properties": { "track_fid": 0, "track_seg_id": 0, "track_seg_point_id": 1198, "ele": 224.96 }, "geometry": { "type": "Point", "coordinates": [ -80.88119, 35.47047 ] } },
{ "type": "Feature", "properties": { "track_fid": 0, "track_seg_id": 0, "track_seg_point_id": 1199, "ele": 224.96 }, "geometry": { "type": "Point", "coordinates": [ -80.88128, 35.47052 ] } },
{ "type": "Feature", "properties": { "track_fid": 0, "track_seg_id": 0, "track_seg_point_id": 1200, "ele": 225.08 }, "geometry": { "type": "Point", "coordinates": [ -80.88136, 35.47083 ] } },
{ "type": "Feature", "properties": { "track_fid": 0, "track_seg_id": 0, "track_seg_point_id": 1201, "ele": 225.08 }, "geometry": { "type": "Point", "coordinates": [ -80.88145, 35.47093 ] } },
{ "type": "Feature", "properties": { "track_fid": 0, "track_seg_id": 0, "track_seg_point_id": 1202, "ele": 226.11 }, "geometry": { "type": "Point", "coordinates": [ -80.88173, 35.47104 ] } },
{ "type": "Feature", "properties": { "track_fid": 0, "track_seg_id": 0, "track_seg_point_id": 1203, "ele": 226.67 }, "geometry": { "type": "Point", "coordinates": [ -80.88208, 35.47111 ] } },
{ "type": "Feature", "properties": { "track_fid": 0, "track_seg_id": 0, "track_seg_point_id": 1204, "ele": 227.14 }, "geometry": { "type": "Point", "coordinates": [ -80.88239, 35.47121 ] } },
{ "type": "Feature", "properties": { "track_fid": 0, "track_seg_id": 0, "track_seg_point_id": 1205, "ele": 227.14 }, "geometry": { "type": "Point", "coordinates": [ -80.88275, 35.47122 ] } },
{ "type": "Feature", "properties": { "track_fid": 0, "track_seg_id": 0, "track_seg_point_id": 1206, "ele": 229.21 }, "geometry": { "type": "Point", "coordinates": [ -80.8836, 35.47115 ] } },
{ "type": "Feature", "properties": { "track_fid": 0, "track_seg_id": 0, "track_seg_point_id": 1207, "ele": 230.2 }, "geometry": { "type": "Point", "coordinates": [ -80.88416, 35.47093 ] } },
{ "type": "Feature", "properties": { "track_fid": 0, "track_seg_id": 0, "track_seg_point_id": 1208, "ele": 230.2 }, "geometry": { "type": "Point", "coordinates": [ -80.88417, 35.47093 ] } },
{ "type": "Feature", "properties": { "track_fid": 0, "track_seg_id": 0, "track_seg_point_id": 1209, "ele": 230.2 }, "geometry": { "type": "Point", "coordinates": [ -80.88427, 35.47091 ] } },
{ "type": "Feature", "properties": { "track_fid": 0, "track_seg_id": 0, "track_seg_point_id": 1210, "ele": 231.03 }, "geometry": { "type": "Point", "coordinates": [ -80.88464, 35.47094 ] } },
{ "type": "Feature", "properties": { "track_fid": 0, "track_seg_id": 0, "track_seg_point_id": 1211, "ele": 232.04 }, "geometry": { "type": "Point", "coordinates": [ -80.88489, 35.4711 ] } },
{ "type": "Feature", "properties": { "track_fid": 0, "track_seg_id": 0, "track_seg_point_id": 1212, "ele": 232.32 }, "geometry": { "type": "Point", "coordinates": [ -80.88508, 35.4712 ] } },
{ "type": "Feature", "properties": { "track_fid": 0, "track_seg_id": 0, "track_seg_point_id": 1213, "ele": 232.2 }, "geometry": { "type": "Point", "coordinates": [ -80.88525, 35.47123 ] } },
{ "type": "Feature", "properties": { "track_fid": 0, "track_seg_id": 0, "track_seg_point_id": 1214, "ele": 232.09 }, "geometry": { "type": "Point", "coordinates": [ -80.88539, 35.47123 ] } },
{ "type": "Feature", "properties": { "track_fid": 0, "track_seg_id": 0, "track_seg_point_id": 1215, "ele": 231.4 }, "geometry": { "type": "Point", "coordinates": [ -80.88576, 35.47116 ] } },
{ "type": "Feature", "properties": { "track_fid": 0, "track_seg_id": 0, "track_seg_point_id": 1216, "ele": 234.48 }, "geometry": { "type": "Point", "coordinates": [ -80.88624, 35.47123 ] } },
{ "type": "Feature", "properties": { "track_fid": 0, "track_seg_id": 0, "track_seg_point_id": 1217, "ele": 236.34 }, "geometry": { "type": "Point", "coordinates": [ -80.88637, 35.47123 ] } },
{ "type": "Feature", "properties": { "track_fid": 0, "track_seg_id": 0, "track_seg_point_id": 1218, "ele": 237.91 }, "geometry": { "type": "Point", "coordinates": [ -80.88669, 35.47116 ] } },
{ "type": "Feature", "properties": { "track_fid": 0, "track_seg_id": 0, "track_seg_point_id": 1219, "ele": 240.8 }, "geometry": { "type": "Point", "coordinates": [ -80.88705, 35.47125 ] } },
{ "type": "Feature", "properties": { "track_fid": 0, "track_seg_id": 0, "track_seg_point_id": 1220, "ele": 242.57 }, "geometry": { "type": "Point", "coordinates": [ -80.88736, 35.47125 ] } },
{ "type": "Feature", "properties": { "track_fid": 0, "track_seg_id": 0, "track_seg_point_id": 1221, "ele": 243.2 }, "geometry": { "type": "Point", "coordinates": [ -80.88749, 35.47127 ] } },
{ "type": "Feature", "properties": { "track_fid": 0, "track_seg_id": 0, "track_seg_point_id": 1222, "ele": 243.88 }, "geometry": { "type": "Point", "coordinates": [ -80.88758, 35.47134 ] } },
{ "type": "Feature", "properties": { "track_fid": 0, "track_seg_id": 0, "track_seg_point_id": 1223, "ele": 242.83 }, "geometry": { "type": "Point", "coordinates": [ -80.88775, 35.47166 ] } },
{ "type": "Feature", "properties": { "track_fid": 0, "track_seg_id": 0, "track_seg_point_id": 1224, "ele": 240.71 }, "geometry": { "type": "Point", "coordinates": [ -80.88776, 35.4718 ] } },
{ "type": "Feature", "properties": { "track_fid": 0, "track_seg_id": 0, "track_seg_point_id": 1225, "ele": 240.71 }, "geometry": { "type": "Point", "coordinates": [ -80.88775, 35.47199 ] } },
{ "type": "Feature", "properties": { "track_fid": 0, "track_seg_id": 0, "track_seg_point_id": 1226, "ele": 237.58 }, "geometry": { "type": "Point", "coordinates": [ -80.88781, 35.47226 ] } },
{ "type": "Feature", "properties": { "track_fid": 0, "track_seg_id": 0, "track_seg_point_id": 1227, "ele": 236.49 }, "geometry": { "type": "Point", "coordinates": [ -80.88777, 35.47247 ] } },
{ "type": "Feature", "properties": { "track_fid": 0, "track_seg_id": 0, "track_seg_point_id": 1228, "ele": 236.18 }, "geometry": { "type": "Point", "coordinates": [ -80.88777, 35.47254 ] } },
{ "type": "Feature", "properties": { "track_fid": 0, "track_seg_id": 0, "track_seg_point_id": 1229, "ele": 235.54 }, "geometry": { "type": "Point", "coordinates": [ -80.88798, 35.47285 ] } },
{ "type": "Feature", "properties": { "track_fid": 0, "track_seg_id": 0, "track_seg_point_id": 1230, "ele": 235.5 }, "geometry": { "type": "Point", "coordinates": [ -80.88788, 35.47311 ] } },
{ "type": "Feature", "properties": { "track_fid": 0, "track_seg_id": 0, "track_seg_point_id": 1231, "ele": 236.14 }, "geometry": { "type": "Point", "coordinates": [ -80.8879, 35.47322 ] } },
{ "type": "Feature", "properties": { "track_fid": 0, "track_seg_id": 0, "track_seg_point_id": 1232, "ele": 236.97 }, "geometry": { "type": "Point", "coordinates": [ -80.88803, 35.47335 ] } },
{ "type": "Feature", "properties": { "track_fid": 0, "track_seg_id": 0, "track_seg_point_id": 1233, "ele": 239.19 }, "geometry": { "type": "Point", "coordinates": [ -80.8883, 35.47354 ] } },
{ "type": "Feature", "properties": { "track_fid": 0, "track_seg_id": 0, "track_seg_point_id": 1234, "ele": 240.47 }, "geometry": { "type": "Point", "coordinates": [ -80.88848, 35.4737 ] } },
{ "type": "Feature", "properties": { "track_fid": 0, "track_seg_id": 0, "track_seg_point_id": 1235, "ele": 241.5 }, "geometry": { "type": "Point", "coordinates": [ -80.88862, 35.47397 ] } },
{ "type": "Feature", "properties": { "track_fid": 0, "track_seg_id": 0, "track_seg_point_id": 1236, "ele": 242.63 }, "geometry": { "type": "Point", "coordinates": [ -80.88865, 35.47428 ] } },
{ "type": "Feature", "properties": { "track_fid": 0, "track_seg_id": 0, "track_seg_point_id": 1237, "ele": 244.5 }, "geometry": { "type": "Point", "coordinates": [ -80.8882, 35.47431 ] } },
{ "type": "Feature", "properties": { "track_fid": 0, "track_seg_id": 0, "track_seg_point_id": 1238, "ele": 245.58 }, "geometry": { "type": "Point", "coordinates": [ -80.88713, 35.47443 ] } },
{ "type": "Feature", "properties": { "track_fid": 0, "track_seg_id": 0, "track_seg_point_id": 1239, "ele": 246.06 }, "geometry": { "type": "Point", "coordinates": [ -80.886105, 35.474545 ] } },
{ "type": "Feature", "properties": { "track_fid": 0, "track_seg_id": 0, "track_seg_point_id": 1240, "ele": 240.31 }, "geometry": { "type": "Point", "coordinates": [ -80.88508, 35.47466 ] } },
{ "type": "Feature", "properties": { "track_fid": 0, "track_seg_id": 0, "track_seg_point_id": 1241, "ele": 238.07 }, "geometry": { "type": "Point", "coordinates": [ -80.884445, 35.474765 ] } },
{ "type": "Feature", "properties": { "track_fid": 0, "track_seg_id": 0, "track_seg_point_id": 1242, "ele": 237.62 }, "geometry": { "type": "Point", "coordinates": [ -80.88381, 35.47487 ] } },
{ "type": "Feature", "properties": { "track_fid": 0, "track_seg_id": 0, "track_seg_point_id": 1243, "ele": 237.57 }, "geometry": { "type": "Point", "coordinates": [ -80.88347, 35.47489 ] } },
{ "type": "Feature", "properties": { "track_fid": 0, "track_seg_id": 0, "track_seg_point_id": 1244, "ele": 237.11 }, "geometry": { "type": "Point", "coordinates": [ -80.88319, 35.47487 ] } },
{ "type": "Feature", "properties": { "track_fid": 0, "track_seg_id": 0, "track_seg_point_id": 1245, "ele": 236.06 }, "geometry": { "type": "Point", "coordinates": [ -80.88293, 35.47483 ] } },
{ "type": "Feature", "properties": { "track_fid": 0, "track_seg_id": 0, "track_seg_point_id": 1246, "ele": 233.35 }, "geometry": { "type": "Point", "coordinates": [ -80.88275, 35.47478 ] } },
{ "type": "Feature", "properties": { "track_fid": 0, "track_seg_id": 0, "track_seg_point_id": 1247, "ele": 231.81 }, "geometry": { "type": "Point", "coordinates": [ -80.88232, 35.47463 ] } },
{ "type": "Feature", "properties": { "track_fid": 0, "track_seg_id": 0, "track_seg_point_id": 1248, "ele": 230.17 }, "geometry": { "type": "Point", "coordinates": [ -80.88212, 35.4749 ] } },
{ "type": "Feature", "properties": { "track_fid": 0, "track_seg_id": 0, "track_seg_point_id": 1249, "ele": 229.41 }, "geometry": { "type": "Point", "coordinates": [ -80.8819, 35.47502 ] } },
{ "type": "Feature", "properties": { "track_fid": 0, "track_seg_id": 0, "track_seg_point_id": 1250, "ele": 229.35 }, "geometry": { "type": "Point", "coordinates": [ -80.88162, 35.47509 ] } },
{ "type": "Feature", "properties": { "track_fid": 0, "track_seg_id": 0, "track_seg_point_id": 1251, "ele": 229.34 }, "geometry": { "type": "Point", "coordinates": [ -80.88163, 35.47509 ] } },
{ "type": "Feature", "properties": { "track_fid": 0, "track_seg_id": 0, "track_seg_point_id": 1252, "ele": 230.12 }, "geometry": { "type": "Point", "coordinates": [ -80.8813, 35.47509 ] } },
{ "type": "Feature", "properties": { "track_fid": 0, "track_seg_id": 0, "track_seg_point_id": 1253, "ele": 230.84 }, "geometry": { "type": "Point", "coordinates": [ -80.8811, 35.47586 ] } },
{ "type": "Feature", "properties": { "track_fid": 0, "track_seg_id": 0, "track_seg_point_id": 1254, "ele": 231.82 }, "geometry": { "type": "Point", "coordinates": [ -80.8808, 35.47645 ] } },
{ "type": "Feature", "properties": { "track_fid": 0, "track_seg_id": 0, "track_seg_point_id": 1255, "ele": 232.08 }, "geometry": { "type": "Point", "coordinates": [ -80.88069, 35.47658 ] } },
{ "type": "Feature", "properties": { "track_fid": 0, "track_seg_id": 0, "track_seg_point_id": 1256, "ele": 235.21 }, "geometry": { "type": "Point", "coordinates": [ -80.88032, 35.47739 ] } },
{ "type": "Feature", "properties": { "track_fid": 0, "track_seg_id": 0, "track_seg_point_id": 1257, "ele": 238.83 }, "geometry": { "type": "Point", "coordinates": [ -80.8800533, 35.4780533 ] } },
{ "type": "Feature", "properties": { "track_fid": 0, "track_seg_id": 0, "track_seg_point_id": 1258, "ele": 240.86 }, "geometry": { "type": "Point", "coordinates": [ -80.8797867, 35.4787167 ] } },
{ "type": "Feature", "properties": { "track_fid": 0, "track_seg_id": 0, "track_seg_point_id": 1259, "ele": 242.04 }, "geometry": { "type": "Point", "coordinates": [ -80.87952, 35.47938 ] } },
{ "type": "Feature", "properties": { "track_fid": 0, "track_seg_id": 0, "track_seg_point_id": 1260, "ele": 242.45 }, "geometry": { "type": "Point", "coordinates": [ -80.87934, 35.47981 ] } },
{ "type": "Feature", "properties": { "track_fid": 0, "track_seg_id": 0, "track_seg_point_id": 1261, "ele": 242.74 }, "geometry": { "type": "Point", "coordinates": [ -80.87927, 35.47989 ] } },
{ "type": "Feature", "properties": { "track_fid": 0, "track_seg_id": 0, "track_seg_point_id": 1262, "ele": 242.72 }, "geometry": { "type": "Point", "coordinates": [ -80.87927, 35.47988 ] } },
{ "type": "Feature", "properties": { "track_fid": 0, "track_seg_id": 0, "track_seg_point_id": 1263, "ele": 242.91 }, "geometry": { "type": "Point", "coordinates": [ -80.87917, 35.48002 ] } },
{ "type": "Feature", "properties": { "track_fid": 0, "track_seg_id": 0, "track_seg_point_id": 1264, "ele": 244.07 }, "geometry": { "type": "Point", "coordinates": [ -80.87894, 35.48019 ] } },
{ "type": "Feature", "properties": { "track_fid": 0, "track_seg_id": 0, "track_seg_point_id": 1265, "ele": 244.69 }, "geometry": { "type": "Point", "coordinates": [ -80.87805, 35.4806 ] } },
{ "type": "Feature", "properties": { "track_fid": 0, "track_seg_id": 0, "track_seg_point_id": 1266, "ele": 244.01 }, "geometry": { "type": "Point", "coordinates": [ -80.87783, 35.48075 ] } },
{ "type": "Feature", "properties": { "track_fid": 0, "track_seg_id": 0, "track_seg_point_id": 1267, "ele": 243.61 }, "geometry": { "type": "Point", "coordinates": [ -80.87765, 35.48094 ] } },
{ "type": "Feature", "properties": { "track_fid": 0, "track_seg_id": 0, "track_seg_point_id": 1268, "ele": 243.36 }, "geometry": { "type": "Point", "coordinates": [ -80.87754, 35.48116 ] } },
{ "type": "Feature", "properties": { "track_fid": 0, "track_seg_id": 0, "track_seg_point_id": 1269, "ele": 243.27 }, "geometry": { "type": "Point", "coordinates": [ -80.87751, 35.48127 ] } },
{ "type": "Feature", "properties": { "track_fid": 0, "track_seg_id": 0, "track_seg_point_id": 1270, "ele": 243.76 }, "geometry": { "type": "Point", "coordinates": [ -80.87754, 35.48172 ] } },
{ "type": "Feature", "properties": { "track_fid": 0, "track_seg_id": 0, "track_seg_point_id": 1271, "ele": 245.09 }, "geometry": { "type": "Point", "coordinates": [ -80.87761, 35.48225 ] } },
{ "type": "Feature", "properties": { "track_fid": 0, "track_seg_id": 0, "track_seg_point_id": 1272, "ele": 247.11 }, "geometry": { "type": "Point", "coordinates": [ -80.87773, 35.48302 ] } },
{ "type": "Feature", "properties": { "track_fid": 0, "track_seg_id": 0, "track_seg_point_id": 1273, "ele": 247.46 }, "geometry": { "type": "Point", "coordinates": [ -80.87688, 35.4832 ] } },
{ "type": "Feature", "properties": { "track_fid": 0, "track_seg_id": 0, "track_seg_point_id": 1274, "ele": 248.49 }, "geometry": { "type": "Point", "coordinates": [ -80.87624, 35.48328 ] } },
{ "type": "Feature", "properties": { "track_fid": 0, "track_seg_id": 0, "track_seg_point_id": 1275, "ele": 248.14 }, "geometry": { "type": "Point", "coordinates": [ -80.87635, 35.48326 ] } },
{ "type": "Feature", "properties": { "track_fid": 0, "track_seg_id": 0, "track_seg_point_id": 1276, "ele": 248.6 }, "geometry": { "type": "Point", "coordinates": [ -80.87617, 35.4833 ] } },
{ "type": "Feature", "properties": { "track_fid": 0, "track_seg_id": 0, "track_seg_point_id": 1277, "ele": 249.56 }, "geometry": { "type": "Point", "coordinates": [ -80.87579, 35.48347 ] } },
{ "type": "Feature", "properties": { "track_fid": 0, "track_seg_id": 0, "track_seg_point_id": 1278, "ele": 249.59 }, "geometry": { "type": "Point", "coordinates": [ -80.8755, 35.48352 ] } },
{ "type": "Feature", "properties": { "track_fid": 0, "track_seg_id": 0, "track_seg_point_id": 1279, "ele": 249.85 }, "geometry": { "type": "Point", "coordinates": [ -80.87522, 35.48353 ] } },
{ "type": "Feature", "properties": { "track_fid": 0, "track_seg_id": 0, "track_seg_point_id": 1280, "ele": 250.49 }, "geometry": { "type": "Point", "coordinates": [ -80.87462, 35.483595 ] } },
{ "type": "Feature", "properties": { "track_fid": 0, "track_seg_id": 0, "track_seg_point_id": 1281, "ele": 250.72 }, "geometry": { "type": "Point", "coordinates": [ -80.87402, 35.48366 ] } },
{ "type": "Feature", "properties": { "track_fid": 0, "track_seg_id": 0, "track_seg_point_id": 1282, "ele": 250.7 }, "geometry": { "type": "Point", "coordinates": [ -80.87388, 35.48365 ] } },
{ "type": "Feature", "properties": { "track_fid": 0, "track_seg_id": 0, "track_seg_point_id": 1283, "ele": 250.65 }, "geometry": { "type": "Point", "coordinates": [ -80.87361, 35.48357 ] } },
{ "type": "Feature", "properties": { "track_fid": 0, "track_seg_id": 0, "track_seg_point_id": 1284, "ele": 250.38 }, "geometry": { "type": "Point", "coordinates": [ -80.87346, 35.48356 ] } },
{ "type": "Feature", "properties": { "track_fid": 0, "track_seg_id": 0, "track_seg_point_id": 1285, "ele": 250.38 }, "geometry": { "type": "Point", "coordinates": [ -80.87339, 35.48356 ] } },
{ "type": "Feature", "properties": { "track_fid": 0, "track_seg_id": 0, "track_seg_point_id": 1286, "ele": 250.1 }, "geometry": { "type": "Point", "coordinates": [ -80.87303, 35.48364 ] } },
{ "type": "Feature", "properties": { "track_fid": 0, "track_seg_id": 0, "track_seg_point_id": 1287, "ele": 249.97 }, "geometry": { "type": "Point", "coordinates": [ -80.87276, 35.48366 ] } },
{ "type": "Feature", "properties": { "track_fid": 0, "track_seg_id": 0, "track_seg_point_id": 1288, "ele": 249.68 }, "geometry": { "type": "Point", "coordinates": [ -80.87253, 35.48375 ] } },
{ "type": "Feature", "properties": { "track_fid": 0, "track_seg_id": 0, "track_seg_point_id": 1289, "ele": 249.32 }, "geometry": { "type": "Point", "coordinates": [ -80.871975, 35.48381 ] } },
{ "type": "Feature", "properties": { "track_fid": 0, "track_seg_id": 0, "track_seg_point_id": 1290, "ele": 249.1 }, "geometry": { "type": "Point", "coordinates": [ -80.87142, 35.48387 ] } },
{ "type": "Feature", "properties": { "track_fid": 0, "track_seg_id": 0, "track_seg_point_id": 1291, "ele": 249.29 }, "geometry": { "type": "Point", "coordinates": [ -80.87046, 35.483965 ] } },
{ "type": "Feature", "properties": { "track_fid": 0, "track_seg_id": 0, "track_seg_point_id": 1292, "ele": 250.17 }, "geometry": { "type": "Point", "coordinates": [ -80.8695, 35.48406 ] } },
{ "type": "Feature", "properties": { "track_fid": 0, "track_seg_id": 0, "track_seg_point_id": 1293, "ele": 251.95 }, "geometry": { "type": "Point", "coordinates": [ -80.86883, 35.48407 ] } },
{ "type": "Feature", "properties": { "track_fid": 0, "track_seg_id": 0, "track_seg_point_id": 1294, "ele": 252.69 }, "geometry": { "type": "Point", "coordinates": [ -80.8683, 35.48402 ] } },
{ "type": "Feature", "properties": { "track_fid": 0, "track_seg_id": 0, "track_seg_point_id": 1295, "ele": 253.14 }, "geometry": { "type": "Point", "coordinates": [ -80.86796, 35.48395 ] } },
{ "type": "Feature", "properties": { "track_fid": 0, "track_seg_id": 0, "track_seg_point_id": 1296, "ele": 253.79 }, "geometry": { "type": "Point", "coordinates": [ -80.866912, 35.483702 ] } },
{ "type": "Feature", "properties": { "track_fid": 0, "track_seg_id": 0, "track_seg_point_id": 1297, "ele": 254.07 }, "geometry": { "type": "Point", "coordinates": [ -80.865864, 35.483454 ] } },
{ "type": "Feature", "properties": { "track_fid": 0, "track_seg_id": 0, "track_seg_point_id": 1298, "ele": 253.77 }, "geometry": { "type": "Point", "coordinates": [ -80.864816, 35.483206 ] } },
{ "type": "Feature", "properties": { "track_fid": 0, "track_seg_id": 0, "track_seg_point_id": 1299, "ele": 253.65 }, "geometry": { "type": "Point", "coordinates": [ -80.863768, 35.482958 ] } },
{ "type": "Feature", "properties": { "track_fid": 0, "track_seg_id": 0, "track_seg_point_id": 1300, "ele": 254.19 }, "geometry": { "type": "Point", "coordinates": [ -80.86272, 35.48271 ] } },
{ "type": "Feature", "properties": { "track_fid": 0, "track_seg_id": 0, "track_seg_point_id": 1301, "ele": 254.03 }, "geometry": { "type": "Point", "coordinates": [ -80.86196, 35.48252 ] } },
{ "type": "Feature", "properties": { "track_fid": 0, "track_seg_id": 0, "track_seg_point_id": 1302, "ele": 253.34 }, "geometry": { "type": "Point", "coordinates": [ -80.8612, 35.48233 ] } },
{ "type": "Feature", "properties": { "track_fid": 0, "track_seg_id": 0, "track_seg_point_id": 1303, "ele": 251.99 }, "geometry": { "type": "Point", "coordinates": [ -80.86023, 35.48202 ] } },
{ "type": "Feature", "properties": { "track_fid": 0, "track_seg_id": 0, "track_seg_point_id": 1304, "ele": 252.0 }, "geometry": { "type": "Point", "coordinates": [ -80.85926, 35.48167 ] } },
{ "type": "Feature", "properties": { "track_fid": 0, "track_seg_id": 0, "track_seg_point_id": 1305, "ele": 251.55 }, "geometry": { "type": "Point", "coordinates": [ -80.85829, 35.48132 ] } },
{ "type": "Feature", "properties": { "track_fid": 0, "track_seg_id": 0, "track_seg_point_id": 1306, "ele": 251.44 }, "geometry": { "type": "Point", "coordinates": [ -80.85782, 35.48118 ] } },
{ "type": "Feature", "properties": { "track_fid": 0, "track_seg_id": 0, "track_seg_point_id": 1307, "ele": 249.79 }, "geometry": { "type": "Point", "coordinates": [ -80.85724, 35.481195 ] } },
{ "type": "Feature", "properties": { "track_fid": 0, "track_seg_id": 0, "track_seg_point_id": 1308, "ele": 248.57 }, "geometry": { "type": "Point", "coordinates": [ -80.85666, 35.48121 ] } },
{ "type": "Feature", "properties": { "track_fid": 0, "track_seg_id": 0, "track_seg_point_id": 1309, "ele": 248.57 }, "geometry": { "type": "Point", "coordinates": [ -80.85652, 35.48123 ] } },
{ "type": "Feature", "properties": { "track_fid": 0, "track_seg_id": 0, "track_seg_point_id": 1310, "ele": 247.96 }, "geometry": { "type": "Point", "coordinates": [ -80.85618, 35.48134 ] } },
{ "type": "Feature", "properties": { "track_fid": 0, "track_seg_id": 0, "track_seg_point_id": 1311, "ele": 246.57 }, "geometry": { "type": "Point", "coordinates": [ -80.85651, 35.48186 ] } },
{ "type": "Feature", "properties": { "track_fid": 0, "track_seg_id": 0, "track_seg_point_id": 1312, "ele": 246.57 }, "geometry": { "type": "Point", "coordinates": [ -80.85656, 35.4819 ] } },
{ "type": "Feature", "properties": { "track_fid": 0, "track_seg_id": 0, "track_seg_point_id": 1313, "ele": 246.33 }, "geometry": { "type": "Point", "coordinates": [ -80.85654, 35.48197 ] } },
{ "type": "Feature", "properties": { "track_fid": 0, "track_seg_id": 0, "track_seg_point_id": 1314, "ele": 245.69 }, "geometry": { "type": "Point", "coordinates": [ -80.85656, 35.48213 ] } },
{ "type": "Feature", "properties": { "track_fid": 0, "track_seg_id": 0, "track_seg_point_id": 1315, "ele": 245.28 }, "geometry": { "type": "Point", "coordinates": [ -80.85651, 35.48217 ] } },
{ "type": "Feature", "properties": { "track_fid": 0, "track_seg_id": 0, "track_seg_point_id": 1316, "ele": 244.84 }, "geometry": { "type": "Point", "coordinates": [ -80.8564, 35.48221 ] } },
{ "type": "Feature", "properties": { "track_fid": 0, "track_seg_id": 0, "track_seg_point_id": 1317, "ele": 243.63 }, "geometry": { "type": "Point", "coordinates": [ -80.85615, 35.48224 ] } },
{ "type": "Feature", "properties": { "track_fid": 0, "track_seg_id": 0, "track_seg_point_id": 1318, "ele": 242.95 }, "geometry": { "type": "Point", "coordinates": [ -80.85607, 35.48229 ] } },
{ "type": "Feature", "properties": { "track_fid": 0, "track_seg_id": 0, "track_seg_point_id": 1319, "ele": 239.28 }, "geometry": { "type": "Point", "coordinates": [ -80.85576, 35.48267 ] } },
{ "type": "Feature", "properties": { "track_fid": 0, "track_seg_id": 0, "track_seg_point_id": 1320, "ele": 238.36 }, "geometry": { "type": "Point", "coordinates": [ -80.85569, 35.48286 ] } },
{ "type": "Feature", "properties": { "track_fid": 0, "track_seg_id": 0, "track_seg_point_id": 1321, "ele": 237.87 }, "geometry": { "type": "Point", "coordinates": [ -80.85566, 35.48299 ] } },
{ "type": "Feature", "properties": { "track_fid": 0, "track_seg_id": 0, "track_seg_point_id": 1322, "ele": 237.87 }, "geometry": { "type": "Point", "coordinates": [ -80.85557, 35.48307 ] } },
{ "type": "Feature", "properties": { "track_fid": 0, "track_seg_id": 0, "track_seg_point_id": 1323, "ele": 236.96 }, "geometry": { "type": "Point", "coordinates": [ -80.85521, 35.48323 ] } },
{ "type": "Feature", "properties": { "track_fid": 0, "track_seg_id": 0, "track_seg_point_id": 1324, "ele": 235.49 }, "geometry": { "type": "Point", "coordinates": [ -80.85501, 35.48335 ] } },
{ "type": "Feature", "properties": { "track_fid": 0, "track_seg_id": 0, "track_seg_point_id": 1325, "ele": 234.35 }, "geometry": { "type": "Point", "coordinates": [ -80.85486, 35.48348 ] } },
{ "type": "Feature", "properties": { "track_fid": 0, "track_seg_id": 0, "track_seg_point_id": 1326, "ele": 233.42 }, "geometry": { "type": "Point", "coordinates": [ -80.85431, 35.48415 ] } },
{ "type": "Feature", "properties": { "track_fid": 0, "track_seg_id": 0, "track_seg_point_id": 1327, "ele": 233.42 }, "geometry": { "type": "Point", "coordinates": [ -80.85427, 35.48421 ] } },
{ "type": "Feature", "properties": { "track_fid": 0, "track_seg_id": 0, "track_seg_point_id": 1328, "ele": 233.74 }, "geometry": { "type": "Point", "coordinates": [ -80.85424, 35.48435 ] } },
{ "type": "Feature", "properties": { "track_fid": 0, "track_seg_id": 0, "track_seg_point_id": 1329, "ele": 233.97 }, "geometry": { "type": "Point", "coordinates": [ -80.85405, 35.48451 ] } },
{ "type": "Feature", "properties": { "track_fid": 0, "track_seg_id": 0, "track_seg_point_id": 1330, "ele": 233.91 }, "geometry": { "type": "Point", "coordinates": [ -80.85402, 35.48455 ] } },
{ "type": "Feature", "properties": { "track_fid": 0, "track_seg_id": 0, "track_seg_point_id": 1331, "ele": 233.93 }, "geometry": { "type": "Point", "coordinates": [ -80.85403, 35.48455 ] } },
{ "type": "Feature", "properties": { "track_fid": 0, "track_seg_id": 0, "track_seg_point_id": 1332, "ele": 233.11 }, "geometry": { "type": "Point", "coordinates": [ -80.85383, 35.48482 ] } },
{ "type": "Feature", "properties": { "track_fid": 0, "track_seg_id": 0, "track_seg_point_id": 1333, "ele": 232.87 }, "geometry": { "type": "Point", "coordinates": [ -80.85368, 35.48512 ] } },
{ "type": "Feature", "properties": { "track_fid": 0, "track_seg_id": 0, "track_seg_point_id": 1334, "ele": 232.89 }, "geometry": { "type": "Point", "coordinates": [ -80.85359, 35.48521 ] } },
{ "type": "Feature", "properties": { "track_fid": 0, "track_seg_id": 0, "track_seg_point_id": 1335, "ele": 232.83 }, "geometry": { "type": "Point", "coordinates": [ -80.8533, 35.48538 ] } },
{ "type": "Feature", "properties": { "track_fid": 0, "track_seg_id": 0, "track_seg_point_id": 1336, "ele": 231.96 }, "geometry": { "type": "Point", "coordinates": [ -80.85284, 35.48563 ] } },
{ "type": "Feature", "properties": { "track_fid": 0, "track_seg_id": 0, "track_seg_point_id": 1337, "ele": 229.98 }, "geometry": { "type": "Point", "coordinates": [ -80.85202, 35.4859833 ] } },
{ "type": "Feature", "properties": { "track_fid": 0, "track_seg_id": 0, "track_seg_point_id": 1338, "ele": 229.32 }, "geometry": { "type": "Point", "coordinates": [ -80.8512, 35.4863367 ] } },
{ "type": "Feature", "properties": { "track_fid": 0, "track_seg_id": 0, "track_seg_point_id": 1339, "ele": 225.98 }, "geometry": { "type": "Point", "coordinates": [ -80.85038, 35.48669 ] } },
{ "type": "Feature", "properties": { "track_fid": 0, "track_seg_id": 0, "track_seg_point_id": 1340, "ele": 227.38 }, "geometry": { "type": "Point", "coordinates": [ -80.85068, 35.48656 ] } },
{ "type": "Feature", "properties": { "track_fid": 0, "track_seg_id": 0, "track_seg_point_id": 1341, "ele": 227.39 }, "geometry": { "type": "Point", "coordinates": [ -80.85069, 35.48656 ] } },
{ "type": "Feature", "properties": { "track_fid": 0, "track_seg_id": 0, "track_seg_point_id": 1342, "ele": 225.98 }, "geometry": { "type": "Point", "coordinates": [ -80.85038, 35.48669 ] } },
{ "type": "Feature", "properties": { "track_fid": 0, "track_seg_id": 0, "track_seg_point_id": 1343, "ele": 225.94 }, "geometry": { "type": "Point", "coordinates": [ -80.85029, 35.4867 ] } },
{ "type": "Feature", "properties": { "track_fid": 0, "track_seg_id": 0, "track_seg_point_id": 1344, "ele": 225.94 }, "geometry": { "type": "Point", "coordinates": [ -80.85029, 35.48668 ] } },
{ "type": "Feature", "properties": { "track_fid": 0, "track_seg_id": 0, "track_seg_point_id": 1345, "ele": 224.03 }, "geometry": { "type": "Point", "coordinates": [ -80.84989, 35.48656 ] } },
{ "type": "Feature", "properties": { "track_fid": 0, "track_seg_id": 0, "track_seg_point_id": 1346, "ele": 223.68 }, "geometry": { "type": "Point", "coordinates": [ -80.8498, 35.48658 ] } },
{ "type": "Feature", "properties": { "track_fid": 0, "track_seg_id": 0, "track_seg_point_id": 1347, "ele": 222.61 }, "geometry": { "type": "Point", "coordinates": [ -80.84935, 35.48679 ] } },
{ "type": "Feature", "properties": { "track_fid": 0, "track_seg_id": 0, "track_seg_point_id": 1348, "ele": 222.61 }, "geometry": { "type": "Point", "coordinates": [ -80.84927, 35.48684 ] } },
{ "type": "Feature", "properties": { "track_fid": 0, "track_seg_id": 0, "track_seg_point_id": 1349, "ele": 222.61 }, "geometry": { "type": "Point", "coordinates": [ -80.84926, 35.48689 ] } },
{ "type": "Feature", "properties": { "track_fid": 0, "track_seg_id": 0, "track_seg_point_id": 1350, "ele": 222.04 }, "geometry": { "type": "Point", "coordinates": [ -80.84931, 35.48711 ] } },
{ "type": "Feature", "properties": { "track_fid": 0, "track_seg_id": 0, "track_seg_point_id": 1351, "ele": 222.04 }, "geometry": { "type": "Point", "coordinates": [ -80.84931, 35.48715 ] } },
{ "type": "Feature", "properties": { "track_fid": 0, "track_seg_id": 0, "track_seg_point_id": 1352, "ele": 221.52 }, "geometry": { "type": "Point", "coordinates": [ -80.84925, 35.4872 ] } },
{ "type": "Feature", "properties": { "track_fid": 0, "track_seg_id": 0, "track_seg_point_id": 1353, "ele": 221.66 }, "geometry": { "type": "Point", "coordinates": [ -80.84895, 35.48733 ] } },
{ "type": "Feature", "properties": { "track_fid": 0, "track_seg_id": 0, "track_seg_point_id": 1354, "ele": 222.64 }, "geometry": { "type": "Point", "coordinates": [ -80.84868, 35.48732 ] } },
{ "type": "Feature", "properties": { "track_fid": 0, "track_seg_id": 0, "track_seg_point_id": 1355, "ele": 222.34 }, "geometry": { "type": "Point", "coordinates": [ -80.84864, 35.48726 ] } },
{ "type": "Feature", "properties": { "track_fid": 0, "track_seg_id": 0, "track_seg_point_id": 1356, "ele": 220.74 }, "geometry": { "type": "Point", "coordinates": [ -80.848165, 35.48682 ] } },
{ "type": "Feature", "properties": { "track_fid": 0, "track_seg_id": 0, "track_seg_point_id": 1357, "ele": 219.8 }, "geometry": { "type": "Point", "coordinates": [ -80.84769, 35.48638 ] } },
{ "type": "Feature", "properties": { "track_fid": 0, "track_seg_id": 0, "track_seg_point_id": 1358, "ele": 219.8 }, "geometry": { "type": "Point", "coordinates": [ -80.84751, 35.48628 ] } },
{ "type": "Feature", "properties": { "track_fid": 0, "track_seg_id": 0, "track_seg_point_id": 1359, "ele": 219.57 }, "geometry": { "type": "Point", "coordinates": [ -80.84707, 35.48623 ] } },
{ "type": "Feature", "properties": { "track_fid": 0, "track_seg_id": 0, "track_seg_point_id": 1360, "ele": 219.57 }, "geometry": { "type": "Point", "coordinates": [ -80.84684, 35.48625 ] } },
{ "type": "Feature", "properties": { "track_fid": 0, "track_seg_id": 0, "track_seg_point_id": 1361, "ele": 219.89 }, "geometry": { "type": "Point", "coordinates": [ -80.84643, 35.48643 ] } },
{ "type": "Feature", "properties": { "track_fid": 0, "track_seg_id": 0, "track_seg_point_id": 1362, "ele": 220.05 }, "geometry": { "type": "Point", "coordinates": [ -80.84631, 35.48642 ] } },
{ "type": "Feature", "properties": { "track_fid": 0, "track_seg_id": 0, "track_seg_point_id": 1363, "ele": 219.78 }, "geometry": { "type": "Point", "coordinates": [ -80.84595, 35.48628 ] } },
{ "type": "Feature", "properties": { "track_fid": 0, "track_seg_id": 0, "track_seg_point_id": 1364, "ele": 219.09 }, "geometry": { "type": "Point", "coordinates": [ -80.84504, 35.48605 ] } },
{ "type": "Feature", "properties": { "track_fid": 0, "track_seg_id": 0, "track_seg_point_id": 1365, "ele": 220.12 }, "geometry": { "type": "Point", "coordinates": [ -80.84465, 35.48582 ] } },
{ "type": "Feature", "properties": { "track_fid": 0, "track_seg_id": 0, "track_seg_point_id": 1366, "ele": 220.35 }, "geometry": { "type": "Point", "coordinates": [ -80.84456, 35.48583 ] } },
{ "type": "Feature", "properties": { "track_fid": 0, "track_seg_id": 0, "track_seg_point_id": 1367, "ele": 221.39 }, "geometry": { "type": "Point", "coordinates": [ -80.84438, 35.4859 ] } },
{ "type": "Feature", "properties": { "track_fid": 0, "track_seg_id": 0, "track_seg_point_id": 1368, "ele": 222.87 }, "geometry": { "type": "Point", "coordinates": [ -80.84411, 35.48593 ] } },
{ "type": "Feature", "properties": { "track_fid": 0, "track_seg_id": 0, "track_seg_point_id": 1369, "ele": 223.77 }, "geometry": { "type": "Point", "coordinates": [ -80.84383, 35.48606 ] } },
{ "type": "Feature", "properties": { "track_fid": 0, "track_seg_id": 0, "track_seg_point_id": 1370, "ele": 225.23 }, "geometry": { "type": "Point", "coordinates": [ -80.8434, 35.48622 ] } },
{ "type": "Feature", "properties": { "track_fid": 0, "track_seg_id": 0, "track_seg_point_id": 1371, "ele": 224.63 }, "geometry": { "type": "Point", "coordinates": [ -80.84308, 35.48637 ] } },
{ "type": "Feature", "properties": { "track_fid": 0, "track_seg_id": 0, "track_seg_point_id": 1372, "ele": 222.52 }, "geometry": { "type": "Point", "coordinates": [ -80.84261, 35.48666 ] } },
{ "type": "Feature", "properties": { "track_fid": 0, "track_seg_id": 0, "track_seg_point_id": 1373, "ele": 222.53 }, "geometry": { "type": "Point", "coordinates": [ -80.84262, 35.48666 ] } },
{ "type": "Feature", "properties": { "track_fid": 0, "track_seg_id": 0, "track_seg_point_id": 1374, "ele": 222.42 }, "geometry": { "type": "Point", "coordinates": [ -80.84255, 35.4867 ] } },
{ "type": "Feature", "properties": { "track_fid": 0, "track_seg_id": 0, "track_seg_point_id": 1375, "ele": 222.63 }, "geometry": { "type": "Point", "coordinates": [ -80.8424, 35.48684 ] } },
{ "type": "Feature", "properties": { "track_fid": 0, "track_seg_id": 0, "track_seg_point_id": 1376, "ele": 222.76 }, "geometry": { "type": "Point", "coordinates": [ -80.84228, 35.48697 ] } },
{ "type": "Feature", "properties": { "track_fid": 0, "track_seg_id": 0, "track_seg_point_id": 1377, "ele": 223.55 }, "geometry": { "type": "Point", "coordinates": [ -80.84217, 35.48704 ] } },
{ "type": "Feature", "properties": { "track_fid": 0, "track_seg_id": 0, "track_seg_point_id": 1378, "ele": 223.55 }, "geometry": { "type": "Point", "coordinates": [ -80.84209, 35.48701 ] } },
{ "type": "Feature", "properties": { "track_fid": 0, "track_seg_id": 0, "track_seg_point_id": 1379, "ele": 224.78 }, "geometry": { "type": "Point", "coordinates": [ -80.8416, 35.48706 ] } },
{ "type": "Feature", "properties": { "track_fid": 0, "track_seg_id": 0, "track_seg_point_id": 1380, "ele": 225.54 }, "geometry": { "type": "Point", "coordinates": [ -80.84134, 35.48714 ] } },
{ "type": "Feature", "properties": { "track_fid": 0, "track_seg_id": 0, "track_seg_point_id": 1381, "ele": 226.57 }, "geometry": { "type": "Point", "coordinates": [ -80.84112, 35.48728 ] } },
{ "type": "Feature", "properties": { "track_fid": 0, "track_seg_id": 0, "track_seg_point_id": 1382, "ele": 228.92 }, "geometry": { "type": "Point", "coordinates": [ -80.8406533, 35.4877733 ] } },
{ "type": "Feature", "properties": { "track_fid": 0, "track_seg_id": 0, "track_seg_point_id": 1383, "ele": 229.49 }, "geometry": { "type": "Point", "coordinates": [ -80.8401867, 35.4882667 ] } },
{ "type": "Feature", "properties": { "track_fid": 0, "track_seg_id": 0, "track_seg_point_id": 1384, "ele": 232.61 }, "geometry": { "type": "Point", "coordinates": [ -80.83972, 35.48876 ] } },
{ "type": "Feature", "properties": { "track_fid": 0, "track_seg_id": 0, "track_seg_point_id": 1385, "ele": 235.89 }, "geometry": { "type": "Point", "coordinates": [ -80.83932, 35.48905 ] } },
{ "type": "Feature", "properties": { "track_fid": 0, "track_seg_id": 0, "track_seg_point_id": 1386, "ele": 237.16 }, "geometry": { "type": "Point", "coordinates": [ -80.838825, 35.489285 ] } },
{ "type": "Feature", "properties": { "track_fid": 0, "track_seg_id": 0, "track_seg_point_id": 1387, "ele": 238.1 }, "geometry": { "type": "Point", "coordinates": [ -80.83833, 35.48952 ] } },
{ "type": "Feature", "properties": { "track_fid": 0, "track_seg_id": 0, "track_seg_point_id": 1388, "ele": 238.1 }, "geometry": { "type": "Point", "coordinates": [ -80.83834, 35.48952 ] } },
{ "type": "Feature", "properties": { "track_fid": 0, "track_seg_id": 0, "track_seg_point_id": 1389, "ele": 239.4 }, "geometry": { "type": "Point", "coordinates": [ -80.8379, 35.48973 ] } },
{ "type": "Feature", "properties": { "track_fid": 0, "track_seg_id": 0, "track_seg_point_id": 1390, "ele": 239.52 }, "geometry": { "type": "Point", "coordinates": [ -80.83791, 35.48978 ] } },
{ "type": "Feature", "properties": { "track_fid": 0, "track_seg_id": 0, "track_seg_point_id": 1391, "ele": 240.43 }, "geometry": { "type": "Point", "coordinates": [ -80.83728, 35.49008 ] } },
{ "type": "Feature", "properties": { "track_fid": 0, "track_seg_id": 0, "track_seg_point_id": 1392, "ele": 243.00000000000003 }, "geometry": { "type": "Point", "coordinates": [ -80.83777, 35.49065 ] } },
{ "type": "Feature", "properties": { "track_fid": 0, "track_seg_id": 0, "track_seg_point_id": 1393, "ele": 244.04 }, "geometry": { "type": "Point", "coordinates": [ -80.83816, 35.49117 ] } },
{ "type": "Feature", "properties": { "track_fid": 0, "track_seg_id": 0, "track_seg_point_id": 1394, "ele": 243.27 }, "geometry": { "type": "Point", "coordinates": [ -80.8385433, 35.4918467 ] } },
{ "type": "Feature", "properties": { "track_fid": 0, "track_seg_id": 0, "track_seg_point_id": 1395, "ele": 243.8 }, "geometry": { "type": "Point", "coordinates": [ -80.8389267, 35.4925233 ] } },
{ "type": "Feature", "properties": { "track_fid": 0, "track_seg_id": 0, "track_seg_point_id": 1396, "ele": 243.54 }, "geometry": { "type": "Point", "coordinates": [ -80.83931, 35.4932 ] } },
{ "type": "Feature", "properties": { "track_fid": 0, "track_seg_id": 0, "track_seg_point_id": 1397, "ele": 244.08 }, "geometry": { "type": "Point", "coordinates": [ -80.83941, 35.4935 ] } },
{ "type": "Feature", "properties": { "track_fid": 0, "track_seg_id": 0, "track_seg_point_id": 1398, "ele": 245.04 }, "geometry": { "type": "Point", "coordinates": [ -80.83946, 35.49374 ] } },
{ "type": "Feature", "properties": { "track_fid": 0, "track_seg_id": 0, "track_seg_point_id": 1399, "ele": 247.5 }, "geometry": { "type": "Point", "coordinates": [ -80.839425, 35.494495 ] } },
{ "type": "Feature", "properties": { "track_fid": 0, "track_seg_id": 0, "track_seg_point_id": 1400, "ele": 250.06 }, "geometry": { "type": "Point", "coordinates": [ -80.83939, 35.49525 ] } },
{ "type": "Feature", "properties": { "track_fid": 0, "track_seg_id": 0, "track_seg_point_id": 1401, "ele": 250.06 }, "geometry": { "type": "Point", "coordinates": [ -80.83938, 35.49532 ] } },
{ "type": "Feature", "properties": { "track_fid": 0, "track_seg_id": 0, "track_seg_point_id": 1402, "ele": 250.29 }, "geometry": { "type": "Point", "coordinates": [ -80.83927, 35.49528 ] } },
{ "type": "Feature", "properties": { "track_fid": 0, "track_seg_id": 0, "track_seg_point_id": 1403, "ele": 247.74 }, "geometry": { "type": "Point", "coordinates": [ -80.83829, 35.49557 ] } },
{ "type": "Feature", "properties": { "track_fid": 0, "track_seg_id": 0, "track_seg_point_id": 1404, "ele": 246.49 }, "geometry": { "type": "Point", "coordinates": [ -80.83731, 35.49586 ] } },
{ "type": "Feature", "properties": { "track_fid": 0, "track_seg_id": 0, "track_seg_point_id": 1405, "ele": 246.5 }, "geometry": { "type": "Point", "coordinates": [ -80.83733, 35.49586 ] } },
{ "type": "Feature", "properties": { "track_fid": 0, "track_seg_id": 0, "track_seg_point_id": 1406, "ele": 246.7 }, "geometry": { "type": "Point", "coordinates": [ -80.83754, 35.4958 ] } },
{ "type": "Feature", "properties": { "track_fid": 0, "track_seg_id": 0, "track_seg_point_id": 1407, "ele": 248.71 }, "geometry": { "type": "Point", "coordinates": [ -80.836955, 35.495605 ] } },
{ "type": "Feature", "properties": { "track_fid": 0, "track_seg_id": 0, "track_seg_point_id": 1408, "ele": 251.12 }, "geometry": { "type": "Point", "coordinates": [ -80.83637, 35.49541 ] } },
{ "type": "Feature", "properties": { "track_fid": 0, "track_seg_id": 0, "track_seg_point_id": 1409, "ele": 252.41 }, "geometry": { "type": "Point", "coordinates": [ -80.83587, 35.49516 ] } },
{ "type": "Feature", "properties": { "track_fid": 0, "track_seg_id": 0, "track_seg_point_id": 1410, "ele": 251.98 }, "geometry": { "type": "Point", "coordinates": [ -80.83567, 35.49502 ] } },
{ "type": "Feature", "properties": { "track_fid": 0, "track_seg_id": 0, "track_seg_point_id": 1411, "ele": 251.08 }, "geometry": { "type": "Point", "coordinates": [ -80.83539, 35.49484 ] } },
{ "type": "Feature", "properties": { "track_fid": 0, "track_seg_id": 0, "track_seg_point_id": 1412, "ele": 248.53 }, "geometry": { "type": "Point", "coordinates": [ -80.83451, 35.49438 ] } },
{ "type": "Feature", "properties": { "track_fid": 0, "track_seg_id": 0, "track_seg_point_id": 1413, "ele": 244.7 }, "geometry": { "type": "Point", "coordinates": [ -80.83407, 35.49464 ] } },
{ "type": "Feature", "properties": { "track_fid": 0, "track_seg_id": 0, "track_seg_point_id": 1414, "ele": 245.32 }, "geometry": { "type": "Point", "coordinates": [ -80.83409, 35.49464 ] } },
{ "type": "Feature", "properties": { "track_fid": 0, "track_seg_id": 0, "track_seg_point_id": 1415, "ele": 247.2 }, "geometry": { "type": "Point", "coordinates": [ -80.8333, 35.49412 ] } },
{ "type": "Feature", "properties": { "track_fid": 0, "track_seg_id": 0, "track_seg_point_id": 1416, "ele": 248.39 }, "geometry": { "type": "Point", "coordinates": [ -80.83292, 35.49384 ] } },
{ "type": "Feature", "properties": { "track_fid": 0, "track_seg_id": 0, "track_seg_point_id": 1417, "ele": 248.8 }, "geometry": { "type": "Point", "coordinates": [ -80.83276, 35.49367 ] } },
{ "type": "Feature", "properties": { "track_fid": 0, "track_seg_id": 0, "track_seg_point_id": 1418, "ele": 248.93 }, "geometry": { "type": "Point", "coordinates": [ -80.8327, 35.49345 ] } },
{ "type": "Feature", "properties": { "track_fid": 0, "track_seg_id": 0, "track_seg_point_id": 1419, "ele": 249.19 }, "geometry": { "type": "Point", "coordinates": [ -80.83265, 35.49337 ] } },
{ "type": "Feature", "properties": { "track_fid": 0, "track_seg_id": 0, "track_seg_point_id": 1420, "ele": 247.35 }, "geometry": { "type": "Point", "coordinates": [ -80.83201, 35.49299 ] } },
{ "type": "Feature", "properties": { "track_fid": 0, "track_seg_id": 0, "track_seg_point_id": 1421, "ele": 244.28 }, "geometry": { "type": "Point", "coordinates": [ -80.83137, 35.49261 ] } },
{ "type": "Feature", "properties": { "track_fid": 0, "track_seg_id": 0, "track_seg_point_id": 1422, "ele": 243.24 }, "geometry": { "type": "Point", "coordinates": [ -80.83121, 35.49252 ] } },
{ "type": "Feature", "properties": { "track_fid": 0, "track_seg_id": 0, "track_seg_point_id": 1423, "ele": 240.38 }, "geometry": { "type": "Point", "coordinates": [ -80.83108, 35.49268 ] } },
{ "type": "Feature", "properties": { "track_fid": 0, "track_seg_id": 0, "track_seg_point_id": 1424, "ele": 236.09 }, "geometry": { "type": "Point", "coordinates": [ -80.830585, 35.493365 ] } },
{ "type": "Feature", "properties": { "track_fid": 0, "track_seg_id": 0, "track_seg_point_id": 1425, "ele": 228.88 }, "geometry": { "type": "Point", "coordinates": [ -80.83009, 35.49405 ] } },
{ "type": "Feature", "properties": { "track_fid": 0, "track_seg_id": 0, "track_seg_point_id": 1426, "ele": 227.94 }, "geometry": { "type": "Point", "coordinates": [ -80.82995, 35.49398 ] } },
{ "type": "Feature", "properties": { "track_fid": 0, "track_seg_id": 0, "track_seg_point_id": 1427, "ele": 227.07 }, "geometry": { "type": "Point", "coordinates": [ -80.82978, 35.4939 ] } },
{ "type": "Feature", "properties": { "track_fid": 0, "track_seg_id": 0, "track_seg_point_id": 1428, "ele": 224.35 }, "geometry": { "type": "Point", "coordinates": [ -80.82882, 35.493615 ] } },
{ "type": "Feature", "properties": { "track_fid": 0, "track_seg_id": 0, "track_seg_point_id": 1429, "ele": 223.47 }, "geometry": { "type": "Point", "coordinates": [ -80.82786, 35.49333 ] } },
{ "type": "Feature", "properties": { "track_fid": 0, "track_seg_id": 0, "track_seg_point_id": 1430, "ele": 223.03 }, "geometry": { "type": "Point", "coordinates": [ -80.827175, 35.49311 ] } },
{ "type": "Feature", "properties": { "track_fid": 0, "track_seg_id": 0, "track_seg_point_id": 1431, "ele": 223.71 }, "geometry": { "type": "Point", "coordinates": [ -80.82649, 35.49289 ] } },
{ "type": "Feature", "properties": { "track_fid": 0, "track_seg_id": 0, "track_seg_point_id": 1432, "ele": 223.35 }, "geometry": { "type": "Point", "coordinates": [ -80.82654, 35.49291 ] } },
{ "type": "Feature", "properties": { "track_fid": 0, "track_seg_id": 0, "track_seg_point_id": 1433, "ele": 223.65 }, "geometry": { "type": "Point", "coordinates": [ -80.8268, 35.49236 ] } },
{ "type": "Feature", "properties": { "track_fid": 0, "track_seg_id": 0, "track_seg_point_id": 1434, "ele": 223.65 }, "geometry": { "type": "Point", "coordinates": [ -80.8268, 35.49235 ] } },
{ "type": "Feature", "properties": { "track_fid": 0, "track_seg_id": 0, "track_seg_point_id": 1435, "ele": 224.89 }, "geometry": { "type": "Point", "coordinates": [ -80.82701, 35.49192 ] } },
{ "type": "Feature", "properties": { "track_fid": 0, "track_seg_id": 0, "track_seg_point_id": 1436, "ele": 225.61 }, "geometry": { "type": "Point", "coordinates": [ -80.82698, 35.49178 ] } }
]
}
