<?xml version="1.0" encoding="UTF-8"?>
<gpx creator="StravaGPX" version="1.1" xmlns="http://www.topografix.com/GPX/1/1" xmlns:xsi="http://www.w3.org/2001/XMLSchema-instance" xsi:schemaLocation="http://www.topografix.com/GPX/1/1 http://www.topografix.com/GPX/1/1/gpx.xsd">
 <metadata>
  <name>Under the I-77 tunnel (via N Meck Park)</name>
  <desc>Almost all greenway or sidewalks. Water 2 places in Huntersville</desc>
  <author>
   <name>Owen Mundy</name>
   <link href="https://www.strava.com/athletes/1912498"/>
  </author>
  <copyright author="OpenStreetMap contributors">
   <year>2020</year>
   <license>https://www.openstreetmap.org/copyright</license>
  </copyright>
  <link href="https://www.strava.com/routes/3516879351997891832"/>
 </metadata>
 <trk>
  <name>Under the I-77 tunnel (via N Meck Park)</name>
  <desc>Almost all greenway or sidewalks. Water 2 places in Huntersville</desc>
  <link href="https://www.strava.com/routes/3516879351997891832"/>
  <type>cycling</type>
  <trkseg>
   <trkpt lat="35.49091" lon="-80.82765">
    <ele>229.9</ele>
   </trkpt>
   <trkpt lat="35.490120000210055" lon="-80.82745499809602">
    <ele>227.26000000000002</ele>
   </trkpt>
   <trkpt lat="35.48933" lon="-80.82726000000001">
    <ele>230.63000000000002</ele>
   </trkpt>
   <trkpt lat="35.48922" lon="-80.82728">
    <ele>232.45000000000002</ele>
   </trkpt>
   <trkpt lat="35.48913" lon="-80.82732">
    <ele>232.45000000000002</ele>
   </trkpt>
   <trkpt lat="35.488890000000005" lon="-80.82749000000001">
    <ele>234.82000000000002</ele>
   </trkpt>
   <trkpt lat="35.48848" lon="-80.82786">
    <ele>234.5</ele>
   </trkpt>
   <trkpt lat="35.488" lon="-80.82812000000001">
    <ele>232.24000000000004</ele>
   </trkpt>
   <trkpt lat="35.487820000000006" lon="-80.82813">
    <ele>231.44</ele>
   </trkpt>
   <trkpt lat="35.48733" lon="-80.82813">
    <ele>230.47</ele>
   </trkpt>
   <trkpt lat="35.48713" lon="-80.82817">
    <ele>229.62</ele>
   </trkpt>
   <trkpt lat="35.486684999892915" lon="-80.82833000096242">
    <ele>228.61</ele>
   </trkpt>
   <trkpt lat="35.48624" lon="-80.82849">
    <ele>227.18</ele>
   </trkpt>
   <trkpt lat="35.48588" lon="-80.82863">
    <ele>224.56</ele>
   </trkpt>
   <trkpt lat="35.48537000012243" lon="-80.8288000010777">
    <ele>221.45000000000002</ele>
   </trkpt>
   <trkpt lat="35.484860000000005" lon="-80.82897000000001">
    <ele>217.78000000000003</ele>
   </trkpt>
   <trkpt lat="35.484880000000004" lon="-80.82911">
    <ele>217.44000000000003</ele>
   </trkpt>
   <trkpt lat="35.48489" lon="-80.82934">
    <ele>216.64000000000001</ele>
   </trkpt>
   <trkpt lat="35.48487" lon="-80.82946000000001">
    <ele>216.46</ele>
   </trkpt>
   <trkpt lat="35.484840000000005" lon="-80.82952">
    <ele>216.34</ele>
   </trkpt>
   <trkpt lat="35.48467" lon="-80.82974">
    <ele>216.32000000000002</ele>
   </trkpt>
   <trkpt lat="35.484550000000006" lon="-80.82976000000001">
    <ele>216.49</ele>
   </trkpt>
   <trkpt lat="35.48445" lon="-80.82944">
    <ele>215.73</ele>
   </trkpt>
   <trkpt lat="35.48378" lon="-80.82935">
    <ele>214.77</ele>
   </trkpt>
   <trkpt lat="35.48319" lon="-80.82934">
    <ele>213.69000000000003</ele>
   </trkpt>
   <trkpt lat="35.482870000000005" lon="-80.82916">
    <ele>213.47000000000003</ele>
   </trkpt>
   <trkpt lat="35.482730000000004" lon="-80.82915000000001">
    <ele>213.4</ele>
   </trkpt>
   <trkpt lat="35.482260000000004" lon="-80.82921">
    <ele>213.02</ele>
   </trkpt>
   <trkpt lat="35.4821" lon="-80.82918000000001">
    <ele>212.98000000000002</ele>
   </trkpt>
   <trkpt lat="35.481840000000005" lon="-80.82911">
    <ele>212.86</ele>
   </trkpt>
   <trkpt lat="35.481190000000005" lon="-80.82881">
    <ele>212.75000000000003</ele>
   </trkpt>
   <trkpt lat="35.480740000000004" lon="-80.82857000000001">
    <ele>212.19000000000003</ele>
   </trkpt>
   <trkpt lat="35.480540000000005" lon="-80.82848000000001">
    <ele>212.19000000000003</ele>
   </trkpt>
   <trkpt lat="35.48024" lon="-80.82822">
    <ele>212.35</ele>
   </trkpt>
   <trkpt lat="35.48022" lon="-80.82812000000001">
    <ele>212.47000000000003</ele>
   </trkpt>
   <trkpt lat="35.48017" lon="-80.82799">
    <ele>212.57</ele>
   </trkpt>
   <trkpt lat="35.480050000000006" lon="-80.82786">
    <ele>213.15</ele>
   </trkpt>
   <trkpt lat="35.47993" lon="-80.82777">
    <ele>213.14000000000001</ele>
   </trkpt>
   <trkpt lat="35.47957" lon="-80.8276">
    <ele>211.27</ele>
   </trkpt>
   <trkpt lat="35.479330000000004" lon="-80.82758000000001">
    <ele>210.59000000000003</ele>
   </trkpt>
   <trkpt lat="35.479000000000006" lon="-80.82746">
    <ele>210.45000000000002</ele>
   </trkpt>
   <trkpt lat="35.47842" lon="-80.82737">
    <ele>210.81000000000003</ele>
   </trkpt>
   <trkpt lat="35.47831" lon="-80.82732">
    <ele>209.84000000000003</ele>
   </trkpt>
   <trkpt lat="35.478260000000006" lon="-80.82728">
    <ele>209.84000000000003</ele>
   </trkpt>
   <trkpt lat="35.478060000000006" lon="-80.82647">
    <ele>208.69</ele>
   </trkpt>
   <trkpt lat="35.47787" lon="-80.8262">
    <ele>208.62000000000003</ele>
   </trkpt>
   <trkpt lat="35.477410000000006" lon="-80.82576">
    <ele>208.52</ele>
   </trkpt>
   <trkpt lat="35.477160000000005" lon="-80.82546">
    <ele>208.29000000000002</ele>
   </trkpt>
   <trkpt lat="35.47654" lon="-80.82482">
    <ele>208.1</ele>
   </trkpt>
   <trkpt lat="35.476290000000006" lon="-80.8246">
    <ele>207.91</ele>
   </trkpt>
   <trkpt lat="35.47608" lon="-80.82436000000001">
    <ele>207.81000000000003</ele>
   </trkpt>
   <trkpt lat="35.47563" lon="-80.82367">
    <ele>208.02</ele>
   </trkpt>
   <trkpt lat="35.47538" lon="-80.82356">
    <ele>207.48000000000002</ele>
   </trkpt>
   <trkpt lat="35.475260000000006" lon="-80.82347">
    <ele>207.26000000000002</ele>
   </trkpt>
   <trkpt lat="35.475060000000006" lon="-80.82325">
    <ele>207.01000000000002</ele>
   </trkpt>
   <trkpt lat="35.474920000000004" lon="-80.82303">
    <ele>206.92000000000002</ele>
   </trkpt>
   <trkpt lat="35.47471" lon="-80.82289">
    <ele>206.88</ele>
   </trkpt>
   <trkpt lat="35.47433" lon="-80.82244">
    <ele>206.73000000000002</ele>
   </trkpt>
   <trkpt lat="35.47419" lon="-80.82222">
    <ele>206.83</ele>
   </trkpt>
   <trkpt lat="35.47408" lon="-80.82213">
    <ele>206.88</ele>
   </trkpt>
   <trkpt lat="35.473960000000005" lon="-80.82208">
    <ele>207.13</ele>
   </trkpt>
   <trkpt lat="35.473890000000004" lon="-80.82198000000001">
    <ele>207.25</ele>
   </trkpt>
   <trkpt lat="35.47381" lon="-80.82208">
    <ele>207.25</ele>
   </trkpt>
   <trkpt lat="35.473670000000006" lon="-80.82219">
    <ele>207.27</ele>
   </trkpt>
   <trkpt lat="35.473265000552615" lon="-80.82247500128241">
    <ele>206.42000000000002</ele>
   </trkpt>
   <trkpt lat="35.472860000000004" lon="-80.82276">
    <ele>206.5</ele>
   </trkpt>
   <trkpt lat="35.472680000000004" lon="-80.8228">
    <ele>206.24</ele>
   </trkpt>
   <trkpt lat="35.47258" lon="-80.82276">
    <ele>206.24</ele>
   </trkpt>
   <trkpt lat="35.472530000000006" lon="-80.82271">
    <ele>206.24</ele>
   </trkpt>
   <trkpt lat="35.47238" lon="-80.82244">
    <ele>206.07</ele>
   </trkpt>
   <trkpt lat="35.47232" lon="-80.82235">
    <ele>206.06000000000003</ele>
   </trkpt>
   <trkpt lat="35.472260000000006" lon="-80.82231">
    <ele>206.1</ele>
   </trkpt>
   <trkpt lat="35.47213" lon="-80.82227">
    <ele>206.19</ele>
   </trkpt>
   <trkpt lat="35.47202" lon="-80.82231">
    <ele>206.38</ele>
   </trkpt>
   <trkpt lat="35.47166" lon="-80.82262">
    <ele>207.32</ele>
   </trkpt>
   <trkpt lat="35.471230000000006" lon="-80.82285">
    <ele>208.32</ele>
   </trkpt>
   <trkpt lat="35.4711" lon="-80.82285">
    <ele>208.42000000000002</ele>
   </trkpt>
   <trkpt lat="35.47095" lon="-80.82267">
    <ele>208.73000000000002</ele>
   </trkpt>
   <trkpt lat="35.47041" lon="-80.82262">
    <ele>210.13</ele>
   </trkpt>
   <trkpt lat="35.46987" lon="-80.82261000000001">
    <ele>209.65000000000003</ele>
   </trkpt>
   <trkpt lat="35.4697" lon="-80.82270000000001">
    <ele>209.67000000000002</ele>
   </trkpt>
   <trkpt lat="35.469190000000005" lon="-80.82307">
    <ele>210.20000000000002</ele>
   </trkpt>
   <trkpt lat="35.468500000000006" lon="-80.82365">
    <ele>210.63</ele>
   </trkpt>
   <trkpt lat="35.468360000000004" lon="-80.82382000000001">
    <ele>210.79</ele>
   </trkpt>
   <trkpt lat="35.468210000000006" lon="-80.82405">
    <ele>211.06000000000003</ele>
   </trkpt>
   <trkpt lat="35.46786" lon="-80.82432">
    <ele>212.00000000000003</ele>
   </trkpt>
   <trkpt lat="35.467800000000004" lon="-80.82441">
    <ele>212.00000000000003</ele>
   </trkpt>
   <trkpt lat="35.467780000000005" lon="-80.82455">
    <ele>212.65</ele>
   </trkpt>
   <trkpt lat="35.468050000000005" lon="-80.82509">
    <ele>214.16000000000003</ele>
   </trkpt>
   <trkpt lat="35.46804" lon="-80.82518">
    <ele>214.70000000000002</ele>
   </trkpt>
   <trkpt lat="35.467830000000006" lon="-80.82535">
    <ele>215.04</ele>
   </trkpt>
   <trkpt lat="35.46795" lon="-80.82556000000001">
    <ele>216.02</ele>
   </trkpt>
   <trkpt lat="35.46795" lon="-80.82559">
    <ele>216.15</ele>
   </trkpt>
   <trkpt lat="35.467800000000004" lon="-80.82565000000001">
    <ele>216.36</ele>
   </trkpt>
   <trkpt lat="35.46786" lon="-80.82576">
    <ele>217.39000000000001</ele>
   </trkpt>
   <trkpt lat="35.46755" lon="-80.82607">
    <ele>218.33</ele>
   </trkpt>
   <trkpt lat="35.467470000000006" lon="-80.8262">
    <ele>218.33</ele>
   </trkpt>
   <trkpt lat="35.46739" lon="-80.82639">
    <ele>218.33</ele>
   </trkpt>
   <trkpt lat="35.46725" lon="-80.82631">
    <ele>217.86</ele>
   </trkpt>
   <trkpt lat="35.46721" lon="-80.82647">
    <ele>218.86</ele>
   </trkpt>
   <trkpt lat="35.46717" lon="-80.8267">
    <ele>219.85000000000002</ele>
   </trkpt>
   <trkpt lat="35.46669" lon="-80.82663000000001">
    <ele>218.56</ele>
   </trkpt>
   <trkpt lat="35.46669" lon="-80.82773">
    <ele>221.8</ele>
   </trkpt>
   <trkpt lat="35.466730000000005" lon="-80.82795">
    <ele>222.95000000000002</ele>
   </trkpt>
   <trkpt lat="35.46706500156861" lon="-80.82856999738662">
    <ele>224.33</ele>
   </trkpt>
   <trkpt lat="35.467400000000005" lon="-80.82919000000001">
    <ele>224.27</ele>
   </trkpt>
   <trkpt lat="35.46743" lon="-80.82926">
    <ele>224.27</ele>
   </trkpt>
   <trkpt lat="35.46743" lon="-80.82933000000001">
    <ele>224.29000000000002</ele>
   </trkpt>
   <trkpt lat="35.46754" lon="-80.82938">
    <ele>224.29000000000002</ele>
   </trkpt>
   <trkpt lat="35.467560000000006" lon="-80.82943">
    <ele>224.29000000000002</ele>
   </trkpt>
   <trkpt lat="35.4675" lon="-80.82971">
    <ele>224.57000000000002</ele>
   </trkpt>
   <trkpt lat="35.467273337619424" lon="-80.83043333750429">
    <ele>224.72000000000003</ele>
   </trkpt>
   <trkpt lat="35.467046670923395" lon="-80.83115667093126">
    <ele>225.78</ele>
   </trkpt>
   <trkpt lat="35.466820000000006" lon="-80.83188000000001">
    <ele>228.84</ele>
   </trkpt>
   <trkpt lat="35.46679" lon="-80.83211">
    <ele>229.09</ele>
   </trkpt>
   <trkpt lat="35.46681" lon="-80.83228000000001">
    <ele>228.99</ele>
   </trkpt>
   <trkpt lat="35.46712" lon="-80.83323">
    <ele>227.98000000000002</ele>
   </trkpt>
   <trkpt lat="35.46714" lon="-80.83337">
    <ele>228.68</ele>
   </trkpt>
   <trkpt lat="35.46712" lon="-80.83381">
    <ele>229.47</ele>
   </trkpt>
   <trkpt lat="35.467690000143875" lon="-80.83389499941457">
    <ele>232.31</ele>
   </trkpt>
   <trkpt lat="35.46826" lon="-80.83398000000001">
    <ele>237.32000000000002</ele>
   </trkpt>
   <trkpt lat="35.4687100000962" lon="-80.8340099998383">
    <ele>239.84000000000003</ele>
   </trkpt>
   <trkpt lat="35.46916" lon="-80.83404">
    <ele>241.16</ele>
   </trkpt>
   <trkpt lat="35.469150000000006" lon="-80.83420000000001">
    <ele>241.75000000000003</ele>
   </trkpt>
   <trkpt lat="35.46844666677197" lon="-80.83410666503856">
    <ele>238.83</ele>
   </trkpt>
   <trkpt lat="35.46774333347208" lon="-80.83401333170968">
    <ele>232.64000000000001</ele>
   </trkpt>
   <trkpt lat="35.467040000000004" lon="-80.83392">
    <ele>229.49</ele>
   </trkpt>
   <trkpt lat="35.46705" lon="-80.83380000000001">
    <ele>229.47</ele>
   </trkpt>
   <trkpt lat="35.467655000080775" lon="-80.83388999933001">
    <ele>231.73000000000002</ele>
   </trkpt>
   <trkpt lat="35.46826" lon="-80.83398000000001">
    <ele>237.32000000000002</ele>
   </trkpt>
   <trkpt lat="35.4687100000962" lon="-80.8340099998383">
    <ele>239.84000000000003</ele>
   </trkpt>
   <trkpt lat="35.46916" lon="-80.83404">
    <ele>241.16</ele>
   </trkpt>
   <trkpt lat="35.46914" lon="-80.83430000000001">
    <ele>241.92000000000002</ele>
   </trkpt>
   <trkpt lat="35.469120000000004" lon="-80.83435">
    <ele>242.6</ele>
   </trkpt>
   <trkpt lat="35.46907000152261" lon="-80.83495500021773">
    <ele>245.39000000000001</ele>
   </trkpt>
   <trkpt lat="35.46902" lon="-80.83556">
    <ele>246.74</ele>
   </trkpt>
   <trkpt lat="35.468790000000006" lon="-80.83659">
    <ele>247.46</ele>
   </trkpt>
   <trkpt lat="35.46857000158425" lon="-80.837200001531">
    <ele>247.52</ele>
   </trkpt>
   <trkpt lat="35.46835" lon="-80.83781">
    <ele>246.46</ele>
   </trkpt>
   <trkpt lat="35.468270000000004" lon="-80.83796000000001">
    <ele>246.3</ele>
   </trkpt>
   <trkpt lat="35.468065001333315" lon="-80.83852500139385">
    <ele>245.65</ele>
   </trkpt>
   <trkpt lat="35.46786" lon="-80.83909000000001">
    <ele>244.82</ele>
   </trkpt>
   <trkpt lat="35.46760667191235" lon="-80.83988667165157">
    <ele>244.4</ele>
   </trkpt>
   <trkpt lat="35.46735333858987" lon="-80.84068333828407">
    <ele>243.11</ele>
   </trkpt>
   <trkpt lat="35.4671" lon="-80.84148">
    <ele>242.87000000000003</ele>
   </trkpt>
   <trkpt lat="35.46699" lon="-80.84173000000001">
    <ele>243.27</ele>
   </trkpt>
   <trkpt lat="35.46692" lon="-80.84182000000001">
    <ele>243.27</ele>
   </trkpt>
   <trkpt lat="35.46671500109622" lon="-80.84233500130658">
    <ele>244.19000000000003</ele>
   </trkpt>
   <trkpt lat="35.46651" lon="-80.84285000000001">
    <ele>245.17000000000002</ele>
   </trkpt>
   <trkpt lat="35.46645" lon="-80.8429">
    <ele>245.46</ele>
   </trkpt>
   <trkpt lat="35.46645" lon="-80.84301">
    <ele>245.48000000000002</ele>
   </trkpt>
   <trkpt lat="35.466330000000006" lon="-80.843">
    <ele>245.13</ele>
   </trkpt>
   <trkpt lat="35.46618" lon="-80.84304">
    <ele>245.12000000000003</ele>
   </trkpt>
   <trkpt lat="35.465970000000006" lon="-80.84317">
    <ele>245.42000000000002</ele>
   </trkpt>
   <trkpt lat="35.46584" lon="-80.84321000000001">
    <ele>245.38</ele>
   </trkpt>
   <trkpt lat="35.46521499994998" lon="-80.84323500019637">
    <ele>244.68</ele>
   </trkpt>
   <trkpt lat="35.46459" lon="-80.84326">
    <ele>243.99</ele>
   </trkpt>
   <trkpt lat="35.464490000000005" lon="-80.84331">
    <ele>244.11</ele>
   </trkpt>
   <trkpt lat="35.464420000000004" lon="-80.84335">
    <ele>244.11</ele>
   </trkpt>
   <trkpt lat="35.46434" lon="-80.84348">
    <ele>245.00000000000003</ele>
   </trkpt>
   <trkpt lat="35.46415000115556" lon="-80.84402000140905">
    <ele>245.12000000000003</ele>
   </trkpt>
   <trkpt lat="35.46396" lon="-80.84456">
    <ele>246.46</ele>
   </trkpt>
   <trkpt lat="35.46392" lon="-80.84464000000001">
    <ele>246.46</ele>
   </trkpt>
   <trkpt lat="35.46388" lon="-80.84463000000001">
    <ele>246.46</ele>
   </trkpt>
   <trkpt lat="35.463890000000006" lon="-80.84468000000001">
    <ele>246.9</ele>
   </trkpt>
   <trkpt lat="35.46376" lon="-80.8448">
    <ele>246.9</ele>
   </trkpt>
   <trkpt lat="35.46374" lon="-80.8447">
    <ele>246.9</ele>
   </trkpt>
   <trkpt lat="35.463620000000006" lon="-80.84455000000001">
    <ele>247.49</ele>
   </trkpt>
   <trkpt lat="35.46307" lon="-80.84429">
    <ele>248.36</ele>
   </trkpt>
   <trkpt lat="35.462900000000005" lon="-80.84424000000001">
    <ele>248.60000000000002</ele>
   </trkpt>
   <trkpt lat="35.46284" lon="-80.84425">
    <ele>248.60000000000002</ele>
   </trkpt>
   <trkpt lat="35.46267" lon="-80.84443">
    <ele>249.00000000000003</ele>
   </trkpt>
   <trkpt lat="35.4626" lon="-80.84447">
    <ele>249.00000000000003</ele>
   </trkpt>
   <trkpt lat="35.462340000000005" lon="-80.84455000000001">
    <ele>249.18</ele>
   </trkpt>
   <trkpt lat="35.462320000000005" lon="-80.8446">
    <ele>249.18</ele>
   </trkpt>
   <trkpt lat="35.462320000000005" lon="-80.84465">
    <ele>249.18</ele>
   </trkpt>
   <trkpt lat="35.46235" lon="-80.8447">
    <ele>249.16000000000003</ele>
   </trkpt>
   <trkpt lat="35.46247" lon="-80.84473000000001">
    <ele>249.11</ele>
   </trkpt>
   <trkpt lat="35.46257" lon="-80.84514">
    <ele>248.55</ele>
   </trkpt>
   <trkpt lat="35.462630000000004" lon="-80.84528">
    <ele>248.49</ele>
   </trkpt>
   <trkpt lat="35.46255" lon="-80.84531000000001">
    <ele>248.42000000000002</ele>
   </trkpt>
   <trkpt lat="35.462480000000006" lon="-80.84528">
    <ele>248.4</ele>
   </trkpt>
   <trkpt lat="35.461822002949845" lon="-80.84485598611676">
    <ele>248.13000000000002</ele>
   </trkpt>
   <trkpt lat="35.46116400441691" lon="-80.84443197917037">
    <ele>247.64000000000001</ele>
   </trkpt>
   <trkpt lat="35.460506004401296" lon="-80.84400797916062">
    <ele>247.96</ele>
   </trkpt>
   <trkpt lat="35.45984800290302" lon="-80.84358398608721">
    <ele>249.17000000000002</ele>
   </trkpt>
   <trkpt lat="35.45919" lon="-80.84316000000001">
    <ele>249.24</ele>
   </trkpt>
   <trkpt lat="35.45909" lon="-80.84345">
    <ele>248.63000000000002</ele>
   </trkpt>
   <trkpt lat="35.45973" lon="-80.84384">
    <ele>248.51</ele>
   </trkpt>
   <trkpt lat="35.45967" lon="-80.84400000000001">
    <ele>248.27</ele>
   </trkpt>
   <trkpt lat="35.45958" lon="-80.8442">
    <ele>247.64000000000001</ele>
   </trkpt>
   <trkpt lat="35.4592" lon="-80.84459000000001">
    <ele>244.73000000000002</ele>
   </trkpt>
   <trkpt lat="35.45913" lon="-80.84465">
    <ele>244.52</ele>
   </trkpt>
   <trkpt lat="35.458980000000004" lon="-80.84474">
    <ele>244.25000000000003</ele>
   </trkpt>
   <trkpt lat="35.458890000000004" lon="-80.84474">
    <ele>244.19000000000003</ele>
   </trkpt>
   <trkpt lat="35.45843" lon="-80.84483">
    <ele>245.34000000000003</ele>
   </trkpt>
   <trkpt lat="35.458310000000004" lon="-80.84473000000001">
    <ele>245.72000000000003</ele>
   </trkpt>
   <trkpt lat="35.458220000000004" lon="-80.8448">
    <ele>245.65</ele>
   </trkpt>
   <trkpt lat="35.458270000000006" lon="-80.84498">
    <ele>245.11</ele>
   </trkpt>
   <trkpt lat="35.45837" lon="-80.84577">
    <ele>243.04</ele>
   </trkpt>
   <trkpt lat="35.45835" lon="-80.84589000000001">
    <ele>242.8</ele>
   </trkpt>
   <trkpt lat="35.45816" lon="-80.84629000000001">
    <ele>242.66</ele>
   </trkpt>
   <trkpt lat="35.45805" lon="-80.84662">
    <ele>242.24</ele>
   </trkpt>
   <trkpt lat="35.457930000000005" lon="-80.8468">
    <ele>242.24</ele>
   </trkpt>
   <trkpt lat="35.457800000000006" lon="-80.84693">
    <ele>241.85</ele>
   </trkpt>
   <trkpt lat="35.457460000000005" lon="-80.8472">
    <ele>241.32</ele>
   </trkpt>
   <trkpt lat="35.457370000000004" lon="-80.8473">
    <ele>240.75000000000003</ele>
   </trkpt>
   <trkpt lat="35.45734" lon="-80.84748">
    <ele>240.75000000000003</ele>
   </trkpt>
   <trkpt lat="35.457350000000005" lon="-80.84786000000001">
    <ele>240.01000000000002</ele>
   </trkpt>
   <trkpt lat="35.45734" lon="-80.84792">
    <ele>240.01000000000002</ele>
   </trkpt>
   <trkpt lat="35.45723" lon="-80.84819">
    <ele>239.73000000000002</ele>
   </trkpt>
   <trkpt lat="35.457240000000006" lon="-80.8485">
    <ele>238.63</ele>
   </trkpt>
   <trkpt lat="35.45722" lon="-80.84859">
    <ele>238.36</ele>
   </trkpt>
   <trkpt lat="35.45709" lon="-80.84877">
    <ele>238.05</ele>
   </trkpt>
   <trkpt lat="35.4566" lon="-80.84913">
    <ele>235.46000000000004</ele>
   </trkpt>
   <trkpt lat="35.45653" lon="-80.84926">
    <ele>235.46000000000004</ele>
   </trkpt>
   <trkpt lat="35.45629" lon="-80.84993">
    <ele>234.26000000000002</ele>
   </trkpt>
   <trkpt lat="35.45622" lon="-80.85007">
    <ele>234.44</ele>
   </trkpt>
   <trkpt lat="35.456120000000006" lon="-80.85011">
    <ele>234.33</ele>
   </trkpt>
   <trkpt lat="35.45591" lon="-80.85012">
    <ele>233.5</ele>
   </trkpt>
   <trkpt lat="35.45581" lon="-80.85016">
    <ele>233.19</ele>
   </trkpt>
   <trkpt lat="35.45572" lon="-80.85025">
    <ele>232.97</ele>
   </trkpt>
   <trkpt lat="35.45549500118594" lon="-80.8507850014825">
    <ele>232.44</ele>
   </trkpt>
   <trkpt lat="35.455270000000006" lon="-80.85132">
    <ele>231.11</ele>
   </trkpt>
   <trkpt lat="35.45523" lon="-80.85149000000001">
    <ele>230.98000000000002</ele>
   </trkpt>
   <trkpt lat="35.45519" lon="-80.85177">
    <ele>231.64000000000001</ele>
   </trkpt>
   <trkpt lat="35.45521" lon="-80.85209">
    <ele>231.99000000000004</ele>
   </trkpt>
   <trkpt lat="35.45516000000001" lon="-80.85239">
    <ele>231.9</ele>
   </trkpt>
   <trkpt lat="35.45499" lon="-80.85274000000001">
    <ele>231.28</ele>
   </trkpt>
   <trkpt lat="35.454910000000005" lon="-80.85307">
    <ele>231.04000000000002</ele>
   </trkpt>
   <trkpt lat="35.4549" lon="-80.85339">
    <ele>231.14000000000001</ele>
   </trkpt>
   <trkpt lat="35.454800000000006" lon="-80.8536">
    <ele>231.15</ele>
   </trkpt>
   <trkpt lat="35.45481" lon="-80.85386000000001">
    <ele>231.36</ele>
   </trkpt>
   <trkpt lat="35.45479" lon="-80.85392">
    <ele>231.3</ele>
   </trkpt>
   <trkpt lat="35.45468" lon="-80.85409000000001">
    <ele>230.43</ele>
   </trkpt>
   <trkpt lat="35.454620000000006" lon="-80.85442">
    <ele>229.99</ele>
   </trkpt>
   <trkpt lat="35.45447" lon="-80.85477">
    <ele>227.69000000000003</ele>
   </trkpt>
   <trkpt lat="35.454480000000004" lon="-80.85527">
    <ele>226.29000000000002</ele>
   </trkpt>
   <trkpt lat="35.45445" lon="-80.85544">
    <ele>225.99</ele>
   </trkpt>
   <trkpt lat="35.454390000000004" lon="-80.85558">
    <ele>225.8</ele>
   </trkpt>
   <trkpt lat="35.454080000000005" lon="-80.85611">
    <ele>227.60000000000002</ele>
   </trkpt>
   <trkpt lat="35.453610000000005" lon="-80.85683">
    <ele>227.9</ele>
   </trkpt>
   <trkpt lat="35.45358" lon="-80.85692">
    <ele>227.55</ele>
   </trkpt>
   <trkpt lat="35.45355" lon="-80.85719">
    <ele>226.82000000000002</ele>
   </trkpt>
   <trkpt lat="35.45351" lon="-80.85732">
    <ele>226.4</ele>
   </trkpt>
   <trkpt lat="35.453250000000004" lon="-80.85763">
    <ele>224.06</ele>
   </trkpt>
   <trkpt lat="35.45322" lon="-80.85771000000001">
    <ele>224.06</ele>
   </trkpt>
   <trkpt lat="35.453210000000006" lon="-80.85780000000001">
    <ele>224.06</ele>
   </trkpt>
   <trkpt lat="35.45322" lon="-80.85812">
    <ele>223.19000000000003</ele>
   </trkpt>
   <trkpt lat="35.453190000000006" lon="-80.85826">
    <ele>223.08</ele>
   </trkpt>
   <trkpt lat="35.453120000000006" lon="-80.85835">
    <ele>222.96</ele>
   </trkpt>
   <trkpt lat="35.4528" lon="-80.85862">
    <ele>223.09</ele>
   </trkpt>
   <trkpt lat="35.45257" lon="-80.85875">
    <ele>223.12</ele>
   </trkpt>
   <trkpt lat="35.45237" lon="-80.85897000000001">
    <ele>223.13000000000002</ele>
   </trkpt>
   <trkpt lat="35.45224" lon="-80.8592">
    <ele>222.99</ele>
   </trkpt>
   <trkpt lat="35.45217" lon="-80.85938">
    <ele>222.63000000000002</ele>
   </trkpt>
   <trkpt lat="35.45215" lon="-80.85983">
    <ele>222.20000000000002</ele>
   </trkpt>
   <trkpt lat="35.452090000000005" lon="-80.86001">
    <ele>222.20000000000002</ele>
   </trkpt>
   <trkpt lat="35.45179" lon="-80.86063">
    <ele>221.60000000000002</ele>
   </trkpt>
   <trkpt lat="35.451480000000004" lon="-80.86112">
    <ele>220.04000000000002</ele>
   </trkpt>
   <trkpt lat="35.451190000000004" lon="-80.86152000000001">
    <ele>219.89000000000001</ele>
   </trkpt>
   <trkpt lat="35.45114" lon="-80.86188000000001">
    <ele>220.21</ele>
   </trkpt>
   <trkpt lat="35.451080000000005" lon="-80.86198">
    <ele>220.08</ele>
   </trkpt>
   <trkpt lat="35.450970000000005" lon="-80.86210000000001">
    <ele>219.7</ele>
   </trkpt>
   <trkpt lat="35.45096" lon="-80.86215">
    <ele>219.7</ele>
   </trkpt>
   <trkpt lat="35.45098" lon="-80.86229">
    <ele>219.54000000000002</ele>
   </trkpt>
   <trkpt lat="35.45089" lon="-80.86237000000001">
    <ele>219.35000000000002</ele>
   </trkpt>
   <trkpt lat="35.450860000000006" lon="-80.86242">
    <ele>219.21</ele>
   </trkpt>
   <trkpt lat="35.45073000171523" lon="-80.86307000118408">
    <ele>218.64000000000001</ele>
   </trkpt>
   <trkpt lat="35.4506" lon="-80.86372">
    <ele>218.35000000000002</ele>
   </trkpt>
   <trkpt lat="35.45038" lon="-80.86452000000001">
    <ele>217.98</ele>
   </trkpt>
   <trkpt lat="35.45026" lon="-80.86489">
    <ele>217.92000000000002</ele>
   </trkpt>
   <trkpt lat="35.450160000000004" lon="-80.86507">
    <ele>217.92000000000002</ele>
   </trkpt>
   <trkpt lat="35.44999" lon="-80.86533">
    <ele>218.11</ele>
   </trkpt>
   <trkpt lat="35.44982" lon="-80.86547">
    <ele>217.98</ele>
   </trkpt>
   <trkpt lat="35.44927500042873" lon="-80.86576500195994">
    <ele>217.2</ele>
   </trkpt>
   <trkpt lat="35.448730000000005" lon="-80.86606">
    <ele>216.92000000000002</ele>
   </trkpt>
   <trkpt lat="35.44859" lon="-80.86613000000001">
    <ele>216.94000000000003</ele>
   </trkpt>
   <trkpt lat="35.448350000000005" lon="-80.86627">
    <ele>217.28000000000003</ele>
   </trkpt>
   <trkpt lat="35.44827" lon="-80.86630000000001">
    <ele>217.28000000000003</ele>
   </trkpt>
   <trkpt lat="35.448280000000004" lon="-80.86630000000001">
    <ele>217.28000000000003</ele>
   </trkpt>
   <trkpt lat="35.448220000000006" lon="-80.86631000000001">
    <ele>217.36</ele>
   </trkpt>
   <trkpt lat="35.44803" lon="-80.86609">
    <ele>217.2</ele>
   </trkpt>
   <trkpt lat="35.44793" lon="-80.86609">
    <ele>217.10000000000002</ele>
   </trkpt>
   <trkpt lat="35.4478" lon="-80.86609">
    <ele>217.07000000000002</ele>
   </trkpt>
   <trkpt lat="35.447680000000005" lon="-80.86618">
    <ele>217.10000000000002</ele>
   </trkpt>
   <trkpt lat="35.44742" lon="-80.86645">
    <ele>218.27</ele>
   </trkpt>
   <trkpt lat="35.447320000000005" lon="-80.86646">
    <ele>218.27</ele>
   </trkpt>
   <trkpt lat="35.447230000000005" lon="-80.86638">
    <ele>218.69000000000003</ele>
   </trkpt>
   <trkpt lat="35.447100000000006" lon="-80.86639000000001">
    <ele>218.82000000000002</ele>
   </trkpt>
   <trkpt lat="35.44715" lon="-80.86614">
    <ele>219.54000000000002</ele>
   </trkpt>
   <trkpt lat="35.447430001478125" lon="-80.86556000182905">
    <ele>220.45</ele>
   </trkpt>
   <trkpt lat="35.44771" lon="-80.86498">
    <ele>222.41000000000003</ele>
   </trkpt>
   <trkpt lat="35.448" lon="-80.86433000000001">
    <ele>224.0</ele>
   </trkpt>
   <trkpt lat="35.44811" lon="-80.8639">
    <ele>223.97000000000003</ele>
   </trkpt>
   <trkpt lat="35.44814" lon="-80.86364">
    <ele>224.05</ele>
   </trkpt>
   <trkpt lat="35.448150000000005" lon="-80.86326000000001">
    <ele>224.60000000000002</ele>
   </trkpt>
   <trkpt lat="35.44811" lon="-80.86292">
    <ele>225.46</ele>
   </trkpt>
   <trkpt lat="35.44802" lon="-80.86252">
    <ele>225.87</ele>
   </trkpt>
   <trkpt lat="35.44784" lon="-80.86177">
    <ele>227.18</ele>
   </trkpt>
   <trkpt lat="35.44778" lon="-80.86158">
    <ele>227.18</ele>
   </trkpt>
   <trkpt lat="35.447680000000005" lon="-80.86139">
    <ele>227.49</ele>
   </trkpt>
   <trkpt lat="35.447430000000004" lon="-80.86104">
    <ele>228.08</ele>
   </trkpt>
   <trkpt lat="35.44709" lon="-80.86072">
    <ele>228.82000000000002</ele>
   </trkpt>
   <trkpt lat="35.44704" lon="-80.86075000000001">
    <ele>228.82000000000002</ele>
   </trkpt>
   <trkpt lat="35.44691" lon="-80.86074">
    <ele>229.09</ele>
   </trkpt>
   <trkpt lat="35.44684" lon="-80.86072">
    <ele>229.09</ele>
   </trkpt>
   <trkpt lat="35.4468" lon="-80.86068">
    <ele>229.09</ele>
   </trkpt>
   <trkpt lat="35.44677" lon="-80.86059">
    <ele>229.33</ele>
   </trkpt>
   <trkpt lat="35.446780000000004" lon="-80.8605">
    <ele>229.33</ele>
   </trkpt>
   <trkpt lat="35.44605" lon="-80.86022000000001">
    <ele>229.97</ele>
   </trkpt>
   <trkpt lat="35.445930000000004" lon="-80.8602">
    <ele>230.10000000000002</ele>
   </trkpt>
   <trkpt lat="35.445730000000005" lon="-80.86027">
    <ele>230.5</ele>
   </trkpt>
   <trkpt lat="35.44565" lon="-80.86031000000001">
    <ele>230.78</ele>
   </trkpt>
   <trkpt lat="35.44534" lon="-80.86063">
    <ele>233.86</ele>
   </trkpt>
   <trkpt lat="35.44512" lon="-80.86076000000001">
    <ele>234.87</ele>
   </trkpt>
   <trkpt lat="35.44474" lon="-80.86094000000001">
    <ele>235.22</ele>
   </trkpt>
   <trkpt lat="35.44433" lon="-80.86099">
    <ele>234.38000000000002</ele>
   </trkpt>
   <trkpt lat="35.44418" lon="-80.86099">
    <ele>234.61</ele>
   </trkpt>
   <trkpt lat="35.444120000000005" lon="-80.86092000000001">
    <ele>234.92000000000002</ele>
   </trkpt>
   <trkpt lat="35.44377" lon="-80.86004000000001">
    <ele>237.05</ele>
   </trkpt>
   <trkpt lat="35.44373" lon="-80.85996">
    <ele>237.40000000000003</ele>
   </trkpt>
   <trkpt lat="35.44364" lon="-80.85987">
    <ele>237.53</ele>
   </trkpt>
   <trkpt lat="35.44353" lon="-80.85983">
    <ele>237.6</ele>
   </trkpt>
   <trkpt lat="35.443400000000004" lon="-80.85982000000001">
    <ele>237.66</ele>
   </trkpt>
   <trkpt lat="35.44265" lon="-80.85993">
    <ele>237.42000000000002</ele>
   </trkpt>
   <trkpt lat="35.44176" lon="-80.86001">
    <ele>237.82000000000002</ele>
   </trkpt>
   <trkpt lat="35.44169" lon="-80.85894">
    <ele>239.63</ele>
   </trkpt>
   <trkpt lat="35.441590000000005" lon="-80.85875">
    <ele>239.82000000000002</ele>
   </trkpt>
   <trkpt lat="35.44149" lon="-80.85867">
    <ele>239.73000000000002</ele>
   </trkpt>
   <trkpt lat="35.441370000000006" lon="-80.85864000000001">
    <ele>239.52</ele>
   </trkpt>
   <trkpt lat="35.441010000000006" lon="-80.85866">
    <ele>239.06000000000003</ele>
   </trkpt>
   <trkpt lat="35.440560000000005" lon="-80.85853">
    <ele>239.35</ele>
   </trkpt>
   <trkpt lat="35.440360000000005" lon="-80.85853">
    <ele>239.15000000000003</ele>
   </trkpt>
   <trkpt lat="35.44015" lon="-80.85857">
    <ele>238.74</ele>
   </trkpt>
   <trkpt lat="35.4397" lon="-80.85885">
    <ele>237.65000000000003</ele>
   </trkpt>
   <trkpt lat="35.43959" lon="-80.85889">
    <ele>237.65000000000003</ele>
   </trkpt>
   <trkpt lat="35.43911500003063" lon="-80.85888499997081">
    <ele>236.51000000000002</ele>
   </trkpt>
   <trkpt lat="35.43864" lon="-80.85888000000001">
    <ele>235.49000000000004</ele>
   </trkpt>
   <trkpt lat="35.438590000000005" lon="-80.85821">
    <ele>234.34</ele>
   </trkpt>
   <trkpt lat="35.438635001257765" lon="-80.8576550004593">
    <ele>235.5</ele>
   </trkpt>
   <trkpt lat="35.438680000000005" lon="-80.8571">
    <ele>238.19</ele>
   </trkpt>
   <trkpt lat="35.43866000193809" lon="-80.85641499995629">
    <ele>240.34000000000003</ele>
   </trkpt>
   <trkpt lat="35.43864" lon="-80.85573000000001">
    <ele>241.78000000000003</ele>
   </trkpt>
   <trkpt lat="35.438009999854" lon="-80.85576000024189">
    <ele>241.63</ele>
   </trkpt>
   <trkpt lat="35.437380000000005" lon="-80.85579000000001">
    <ele>240.70000000000002</ele>
   </trkpt>
   <trkpt lat="35.43735500360195" lon="-80.85485499963374">
    <ele>241.05</ele>
   </trkpt>
   <trkpt lat="35.43733" lon="-80.85392">
    <ele>239.76000000000002</ele>
   </trkpt>
   <trkpt lat="35.437490000000004" lon="-80.85344">
    <ele>239.21</ele>
   </trkpt>
   <trkpt lat="35.43757" lon="-80.85311">
    <ele>238.42000000000002</ele>
   </trkpt>
   <trkpt lat="35.43761" lon="-80.85262">
    <ele>237.98000000000002</ele>
   </trkpt>
   <trkpt lat="35.43759" lon="-80.85211000000001">
    <ele>238.3</ele>
   </trkpt>
   <trkpt lat="35.43744" lon="-80.85114">
    <ele>240.0</ele>
   </trkpt>
   <trkpt lat="35.437430000000006" lon="-80.85096">
    <ele>240.28000000000003</ele>
   </trkpt>
   <trkpt lat="35.43722" lon="-80.85074">
    <ele>240.61</ele>
   </trkpt>
   <trkpt lat="35.43715" lon="-80.85063000000001">
    <ele>240.66</ele>
   </trkpt>
   <trkpt lat="35.43701" lon="-80.85039">
    <ele>240.70000000000002</ele>
   </trkpt>
   <trkpt lat="35.436730000000004" lon="-80.85007">
    <ele>242.07</ele>
   </trkpt>
   <trkpt lat="35.436730000000004" lon="-80.85008">
    <ele>242.07</ele>
   </trkpt>
   <trkpt lat="35.43683" lon="-80.84997000000001">
    <ele>241.53000000000003</ele>
   </trkpt>
   <trkpt lat="35.436910000000005" lon="-80.84993">
    <ele>241.53000000000003</ele>
   </trkpt>
   <trkpt lat="35.43704" lon="-80.84997000000001">
    <ele>241.37000000000003</ele>
   </trkpt>
   <trkpt lat="35.43714" lon="-80.84993">
    <ele>241.27</ele>
   </trkpt>
   <trkpt lat="35.437200000000004" lon="-80.84984">
    <ele>240.75000000000003</ele>
   </trkpt>
   <trkpt lat="35.4373" lon="-80.84976">
    <ele>240.45000000000002</ele>
   </trkpt>
   <trkpt lat="35.43746" lon="-80.84983000000001">
    <ele>239.56000000000003</ele>
   </trkpt>
   <trkpt lat="35.43779" lon="-80.84953">
    <ele>236.27</ele>
   </trkpt>
   <trkpt lat="35.43798" lon="-80.84948">
    <ele>235.42000000000002</ele>
   </trkpt>
   <trkpt lat="35.43808" lon="-80.84939">
    <ele>234.96000000000004</ele>
   </trkpt>
   <trkpt lat="35.43808" lon="-80.84931">
    <ele>234.63000000000002</ele>
   </trkpt>
   <trkpt lat="35.43807" lon="-80.84930000000001">
    <ele>234.63000000000002</ele>
   </trkpt>
   <trkpt lat="35.43815" lon="-80.84918">
    <ele>231.05</ele>
   </trkpt>
   <trkpt lat="35.43809" lon="-80.84899">
    <ele>230.64000000000001</ele>
   </trkpt>
   <trkpt lat="35.438140000000004" lon="-80.84886">
    <ele>230.89000000000001</ele>
   </trkpt>
   <trkpt lat="35.438390000000005" lon="-80.84862000000001">
    <ele>231.47</ele>
   </trkpt>
   <trkpt lat="35.438230000000004" lon="-80.84824">
    <ele>233.07000000000002</ele>
   </trkpt>
   <trkpt lat="35.437900000000006" lon="-80.84844000000001">
    <ele>231.73000000000002</ele>
   </trkpt>
   <trkpt lat="35.43740500006915" lon="-80.84849000030147">
    <ele>230.79000000000002</ele>
   </trkpt>
   <trkpt lat="35.436910000000005" lon="-80.84854">
    <ele>229.71</ele>
   </trkpt>
   <trkpt lat="35.436400000000006" lon="-80.8485">
    <ele>229.67000000000002</ele>
   </trkpt>
   <trkpt lat="35.43588000039745" lon="-80.84881000200131">
    <ele>228.94000000000003</ele>
   </trkpt>
   <trkpt lat="35.43536" lon="-80.84912000000001">
    <ele>228.10000000000002</ele>
   </trkpt>
   <trkpt lat="35.43472000014264" lon="-80.8493450018116">
    <ele>227.65</ele>
   </trkpt>
   <trkpt lat="35.43408" lon="-80.84957">
    <ele>228.24</ele>
   </trkpt>
   <trkpt lat="35.43325000052333" lon="-80.84990000337189">
    <ele>226.52</ele>
   </trkpt>
   <trkpt lat="35.43242" lon="-80.85023000000001">
    <ele>233.70000000000002</ele>
   </trkpt>
   <trkpt lat="35.43207" lon="-80.85044">
    <ele>232.53</ele>
   </trkpt>
   <trkpt lat="35.431740000000005" lon="-80.84964000000001">
    <ele>236.53</ele>
   </trkpt>
   <trkpt lat="35.431520000000006" lon="-80.84917">
    <ele>237.10000000000002</ele>
   </trkpt>
   <trkpt lat="35.431470000000004" lon="-80.84895">
    <ele>236.86</ele>
   </trkpt>
   <trkpt lat="35.431450001850806" lon="-80.84827999984513">
    <ele>235.69</ele>
   </trkpt>
   <trkpt lat="35.431430000000006" lon="-80.84761">
    <ele>236.37000000000003</ele>
   </trkpt>
   <trkpt lat="35.43141" lon="-80.84751">
    <ele>236.37000000000003</ele>
   </trkpt>
   <trkpt lat="35.431230000000006" lon="-80.84702">
    <ele>237.78</ele>
   </trkpt>
   <trkpt lat="35.431090000000005" lon="-80.84672">
    <ele>238.37000000000003</ele>
   </trkpt>
   <trkpt lat="35.431050000000006" lon="-80.84667">
    <ele>238.37000000000003</ele>
   </trkpt>
   <trkpt lat="35.430550000000004" lon="-80.84633000000001">
    <ele>241.33</ele>
   </trkpt>
   <trkpt lat="35.43018" lon="-80.84710000000001">
    <ele>243.8</ele>
   </trkpt>
   <trkpt lat="35.429745001102305" lon="-80.84762000282346">
    <ele>242.61</ele>
   </trkpt>
   <trkpt lat="35.42931" lon="-80.84814">
    <ele>241.82</ele>
   </trkpt>
   <trkpt lat="35.429230000000004" lon="-80.84831000000001">
    <ele>242.31000000000003</ele>
   </trkpt>
   <trkpt lat="35.4292" lon="-80.8485">
    <ele>242.8</ele>
   </trkpt>
   <trkpt lat="35.428900000000006" lon="-80.8485">
    <ele>243.52</ele>
   </trkpt>
   <trkpt lat="35.428810000000006" lon="-80.84854">
    <ele>243.90000000000003</ele>
   </trkpt>
   <trkpt lat="35.428650000000005" lon="-80.84863">
    <ele>244.03000000000003</ele>
   </trkpt>
   <trkpt lat="35.428540000000005" lon="-80.84877">
    <ele>244.38</ele>
   </trkpt>
   <trkpt lat="35.42846" lon="-80.84898000000001">
    <ele>244.38</ele>
   </trkpt>
   <trkpt lat="35.42844" lon="-80.84908">
    <ele>244.57</ele>
   </trkpt>
   <trkpt lat="35.4284" lon="-80.84958">
    <ele>244.15000000000003</ele>
   </trkpt>
   <trkpt lat="35.428050000000006" lon="-80.84955000000001">
    <ele>242.76000000000002</ele>
   </trkpt>
   <trkpt lat="35.427620000000005" lon="-80.84952000000001">
    <ele>241.98000000000002</ele>
   </trkpt>
   <trkpt lat="35.427530000000004" lon="-80.84952000000001">
    <ele>240.64000000000001</ele>
   </trkpt>
   <trkpt lat="35.427400000000006" lon="-80.84957">
    <ele>240.41</ele>
   </trkpt>
   <trkpt lat="35.427290000000006" lon="-80.84968">
    <ele>240.33</ele>
   </trkpt>
   <trkpt lat="35.42716" lon="-80.84954">
    <ele>240.53000000000003</ele>
   </trkpt>
   <trkpt lat="35.42699" lon="-80.84943000000001">
    <ele>241.01000000000002</ele>
   </trkpt>
   <trkpt lat="35.426550000000006" lon="-80.84935">
    <ele>241.82</ele>
   </trkpt>
   <trkpt lat="35.42610500016978" lon="-80.84913499880214">
    <ele>242.15000000000003</ele>
   </trkpt>
   <trkpt lat="35.42566" lon="-80.84892">
    <ele>241.6</ele>
   </trkpt>
   <trkpt lat="35.425740000000005" lon="-80.84868">
    <ele>241.3</ele>
   </trkpt>
   <trkpt lat="35.42577" lon="-80.8485">
    <ele>241.25000000000003</ele>
   </trkpt>
   <trkpt lat="35.42584500225727" lon="-80.84776000068791">
    <ele>241.68</ele>
   </trkpt>
   <trkpt lat="35.425920000000005" lon="-80.84702">
    <ele>241.86</ele>
   </trkpt>
   <trkpt lat="35.425610000000006" lon="-80.84698">
    <ele>242.05</ele>
   </trkpt>
   <trkpt lat="35.42546" lon="-80.84688000000001">
    <ele>242.05</ele>
   </trkpt>
   <trkpt lat="35.424640000000004" lon="-80.84675">
    <ele>241.20000000000002</ele>
   </trkpt>
   <trkpt lat="35.42472500247326" lon="-80.84598000054606">
    <ele>241.19</ele>
   </trkpt>
   <trkpt lat="35.42481" lon="-80.84521000000001">
    <ele>239.62000000000003</ele>
   </trkpt>
   <trkpt lat="35.42481" lon="-80.84522000000001">
    <ele>239.70000000000002</ele>
   </trkpt>
   <trkpt lat="35.424980000000005" lon="-80.8446">
    <ele>237.99</ele>
   </trkpt>
   <trkpt lat="35.42497" lon="-80.84438">
    <ele>237.22</ele>
   </trkpt>
   <trkpt lat="35.42492" lon="-80.84421">
    <ele>237.22</ele>
   </trkpt>
   <trkpt lat="35.42483" lon="-80.84410000000001">
    <ele>236.81</ele>
   </trkpt>
   <trkpt lat="35.42466" lon="-80.84398">
    <ele>235.47</ele>
   </trkpt>
   <trkpt lat="35.42397500002384" lon="-80.84391999949055">
    <ele>233.99000000000004</ele>
   </trkpt>
   <trkpt lat="35.42329" lon="-80.84386">
    <ele>234.47</ele>
   </trkpt>
   <trkpt lat="35.42315" lon="-80.84384">
    <ele>235.26000000000002</ele>
   </trkpt>
   <trkpt lat="35.42293" lon="-80.84389">
    <ele>235.83</ele>
   </trkpt>
   <trkpt lat="35.42271" lon="-80.84389">
    <ele>236.43000000000004</ele>
   </trkpt>
   <trkpt lat="35.42212499998188" lon="-80.84382499952402">
    <ele>237.27</ele>
   </trkpt>
   <trkpt lat="35.42154" lon="-80.84376">
    <ele>237.09000000000003</ele>
   </trkpt>
   <trkpt lat="35.421310000000005" lon="-80.84379000000001">
    <ele>236.43000000000004</ele>
   </trkpt>
   <trkpt lat="35.421" lon="-80.84388000000001">
    <ele>235.08</ele>
   </trkpt>
   <trkpt lat="35.42094" lon="-80.84388000000001">
    <ele>234.67000000000002</ele>
   </trkpt>
   <trkpt lat="35.42076" lon="-80.8438">
    <ele>233.60000000000002</ele>
   </trkpt>
   <trkpt lat="35.42069" lon="-80.84375">
    <ele>233.60000000000002</ele>
   </trkpt>
   <trkpt lat="35.420570000000005" lon="-80.84357">
    <ele>231.5</ele>
   </trkpt>
   <trkpt lat="35.42049" lon="-80.84352000000001">
    <ele>231.25</ele>
   </trkpt>
   <trkpt lat="35.419810000000005" lon="-80.8434">
    <ele>230.57000000000002</ele>
   </trkpt>
   <trkpt lat="35.419700000000006" lon="-80.84334000000001">
    <ele>230.87</ele>
   </trkpt>
   <trkpt lat="35.419650000000004" lon="-80.84323">
    <ele>231.23000000000002</ele>
   </trkpt>
   <trkpt lat="35.419700000000006" lon="-80.84334000000001">
    <ele>230.87</ele>
   </trkpt>
   <trkpt lat="35.4198" lon="-80.8434">
    <ele>230.49000000000004</ele>
   </trkpt>
   <trkpt lat="35.419700000000006" lon="-80.84334000000001">
    <ele>230.87</ele>
   </trkpt>
   <trkpt lat="35.419650000000004" lon="-80.84323">
    <ele>231.23000000000002</ele>
   </trkpt>
   <trkpt lat="35.41962" lon="-80.84309">
    <ele>231.68</ele>
   </trkpt>
   <trkpt lat="35.41964" lon="-80.84266000000001">
    <ele>233.67000000000002</ele>
   </trkpt>
   <trkpt lat="35.41964" lon="-80.84224">
    <ele>237.08</ele>
   </trkpt>
   <trkpt lat="35.41969" lon="-80.84192">
    <ele>238.23000000000002</ele>
   </trkpt>
   <trkpt lat="35.419234999916725" lon="-80.8419350000875">
    <ele>239.87000000000003</ele>
   </trkpt>
   <trkpt lat="35.418780000000005" lon="-80.84195000000001">
    <ele>241.68</ele>
   </trkpt>
   <trkpt lat="35.41864" lon="-80.84192">
    <ele>241.93</ele>
   </trkpt>
   <trkpt lat="35.41854" lon="-80.84195000000001">
    <ele>242.02</ele>
   </trkpt>
   <trkpt lat="35.41843" lon="-80.84191000000001">
    <ele>242.02</ele>
   </trkpt>
   <trkpt lat="35.41803" lon="-80.84197">
    <ele>241.76000000000002</ele>
   </trkpt>
   <trkpt lat="35.417880000000004" lon="-80.84209000000001">
    <ele>241.37000000000003</ele>
   </trkpt>
   <trkpt lat="35.41774" lon="-80.84212000000001">
    <ele>241.37000000000003</ele>
   </trkpt>
   <trkpt lat="35.4176" lon="-80.8422">
    <ele>241.20000000000002</ele>
   </trkpt>
   <trkpt lat="35.41734" lon="-80.84228">
    <ele>241.04000000000002</ele>
   </trkpt>
   <trkpt lat="35.41733" lon="-80.84228">
    <ele>241.04000000000002</ele>
   </trkpt>
   <trkpt lat="35.41711" lon="-80.84235000000001">
    <ele>240.91</ele>
   </trkpt>
   <trkpt lat="35.417260000000006" lon="-80.84308">
    <ele>234.28</ele>
   </trkpt>
   <trkpt lat="35.41729" lon="-80.84348">
    <ele>232.94</ele>
   </trkpt>
   <trkpt lat="35.41729" lon="-80.84375">
    <ele>232.51000000000002</ele>
   </trkpt>
   <trkpt lat="35.417190000000005" lon="-80.84474">
    <ele>232.9</ele>
   </trkpt>
   <trkpt lat="35.41724" lon="-80.84581">
    <ele>229.73000000000002</ele>
   </trkpt>
   <trkpt lat="35.41723" lon="-80.84591">
    <ele>229.49</ele>
   </trkpt>
   <trkpt lat="35.417170000000006" lon="-80.84622">
    <ele>230.19</ele>
   </trkpt>
   <trkpt lat="35.417120000000004" lon="-80.84634000000001">
    <ele>231.10000000000002</ele>
   </trkpt>
   <trkpt lat="35.417120000000004" lon="-80.84635">
    <ele>231.12</ele>
   </trkpt>
   <trkpt lat="35.416850000000004" lon="-80.84700000000001">
    <ele>234.99000000000004</ele>
   </trkpt>
   <trkpt lat="35.41673" lon="-80.84726">
    <ele>234.13000000000002</ele>
   </trkpt>
   <trkpt lat="35.41662" lon="-80.84739">
    <ele>233.46000000000004</ele>
   </trkpt>
   <trkpt lat="35.41651" lon="-80.84748">
    <ele>232.43</ele>
   </trkpt>
   <trkpt lat="35.416450000000005" lon="-80.84752">
    <ele>231.92000000000002</ele>
   </trkpt>
   <trkpt lat="35.41635" lon="-80.84756">
    <ele>231.53</ele>
   </trkpt>
   <trkpt lat="35.416180000000004" lon="-80.84756">
    <ele>231.18</ele>
   </trkpt>
   <trkpt lat="35.415670000000006" lon="-80.84734">
    <ele>232.04000000000002</ele>
   </trkpt>
   <trkpt lat="35.41539" lon="-80.84717">
    <ele>232.49000000000004</ele>
   </trkpt>
   <trkpt lat="35.415110000000006" lon="-80.84689">
    <ele>233.65</ele>
   </trkpt>
   <trkpt lat="35.41489" lon="-80.84667">
    <ele>235.48000000000002</ele>
   </trkpt>
   <trkpt lat="35.41463" lon="-80.84652000000001">
    <ele>237.24</ele>
   </trkpt>
   <trkpt lat="35.413810000000005" lon="-80.84611000000001">
    <ele>239.73000000000002</ele>
   </trkpt>
   <trkpt lat="35.41384" lon="-80.84605">
    <ele>239.73000000000002</ele>
   </trkpt>
   <trkpt lat="35.41358" lon="-80.84591">
    <ele>240.46</ele>
   </trkpt>
   <trkpt lat="35.413610000000006" lon="-80.84586">
    <ele>240.46</ele>
   </trkpt>
   <trkpt lat="35.41371" lon="-80.84576000000001">
    <ele>240.64000000000001</ele>
   </trkpt>
   <trkpt lat="35.413740000000004" lon="-80.84563">
    <ele>240.45000000000002</ele>
   </trkpt>
   <trkpt lat="35.41373" lon="-80.84555">
    <ele>240.07000000000002</ele>
   </trkpt>
   <trkpt lat="35.41368" lon="-80.84541">
    <ele>239.97</ele>
   </trkpt>
   <trkpt lat="35.413560000000004" lon="-80.84531000000001">
    <ele>239.94</ele>
   </trkpt>
   <trkpt lat="35.41304" lon="-80.84504000000001">
    <ele>239.52</ele>
   </trkpt>
   <trkpt lat="35.41326" lon="-80.84514">
    <ele>240.09000000000003</ele>
   </trkpt>
   <trkpt lat="35.41304" lon="-80.84515">
    <ele>240.73000000000002</ele>
   </trkpt>
   <trkpt lat="35.412960000000005" lon="-80.84519">
    <ele>241.39000000000001</ele>
   </trkpt>
   <trkpt lat="35.41304" lon="-80.84515">
    <ele>241.41</ele>
   </trkpt>
   <trkpt lat="35.41326" lon="-80.84514">
    <ele>240.33</ele>
   </trkpt>
   <trkpt lat="35.413560000000004" lon="-80.84531000000001">
    <ele>239.94</ele>
   </trkpt>
   <trkpt lat="35.41368" lon="-80.84541">
    <ele>239.97</ele>
   </trkpt>
   <trkpt lat="35.41373" lon="-80.84555">
    <ele>240.45000000000002</ele>
   </trkpt>
   <trkpt lat="35.413740000000004" lon="-80.84563">
    <ele>240.45000000000002</ele>
   </trkpt>
   <trkpt lat="35.41371" lon="-80.84576000000001">
    <ele>240.64000000000001</ele>
   </trkpt>
   <trkpt lat="35.413610000000006" lon="-80.84586">
    <ele>240.46</ele>
   </trkpt>
   <trkpt lat="35.41358" lon="-80.84591">
    <ele>240.46</ele>
   </trkpt>
   <trkpt lat="35.41384" lon="-80.84605">
    <ele>239.73000000000002</ele>
   </trkpt>
   <trkpt lat="35.4138" lon="-80.84615000000001">
    <ele>239.70000000000002</ele>
   </trkpt>
   <trkpt lat="35.413880000000006" lon="-80.84626">
    <ele>239.37000000000003</ele>
   </trkpt>
   <trkpt lat="35.413920000000005" lon="-80.8464">
    <ele>238.88</ele>
   </trkpt>
   <trkpt lat="35.413900000000005" lon="-80.84695">
    <ele>239.1</ele>
   </trkpt>
   <trkpt lat="35.413900000000005" lon="-80.84696000000001">
    <ele>239.11</ele>
   </trkpt>
   <trkpt lat="35.41389" lon="-80.84739">
    <ele>238.59000000000003</ele>
   </trkpt>
   <trkpt lat="35.413850000000004" lon="-80.84764000000001">
    <ele>238.18000000000004</ele>
   </trkpt>
   <trkpt lat="35.413900000000005" lon="-80.84792">
    <ele>236.39000000000001</ele>
   </trkpt>
   <trkpt lat="35.413880000000006" lon="-80.84823">
    <ele>235.11</ele>
   </trkpt>
   <trkpt lat="35.413810000000005" lon="-80.84846">
    <ele>234.73000000000002</ele>
   </trkpt>
   <trkpt lat="35.413720000000005" lon="-80.84855">
    <ele>234.01000000000002</ele>
   </trkpt>
   <trkpt lat="35.41364" lon="-80.84858000000001">
    <ele>233.62</ele>
   </trkpt>
   <trkpt lat="35.4134" lon="-80.8485">
    <ele>232.4</ele>
   </trkpt>
   <trkpt lat="35.41335" lon="-80.84852000000001">
    <ele>231.97</ele>
   </trkpt>
   <trkpt lat="35.41286" lon="-80.8491">
    <ele>232.15</ele>
   </trkpt>
   <trkpt lat="35.41284" lon="-80.84916000000001">
    <ele>232.15</ele>
   </trkpt>
   <trkpt lat="35.412910000000004" lon="-80.84954">
    <ele>234.39000000000001</ele>
   </trkpt>
   <trkpt lat="35.4129" lon="-80.84960000000001">
    <ele>234.74000000000004</ele>
   </trkpt>
   <trkpt lat="35.4129" lon="-80.84961000000001">
    <ele>234.72</ele>
   </trkpt>
   <trkpt lat="35.41282" lon="-80.85021">
    <ele>236.94</ele>
   </trkpt>
   <trkpt lat="35.412710000000004" lon="-80.85038">
    <ele>237.38</ele>
   </trkpt>
   <trkpt lat="35.41268" lon="-80.85051">
    <ele>237.75</ele>
   </trkpt>
   <trkpt lat="35.412655001271" lon="-80.85106500013758">
    <ele>238.19</ele>
   </trkpt>
   <trkpt lat="35.41263" lon="-80.85162000000001">
    <ele>238.26000000000002</ele>
   </trkpt>
   <trkpt lat="35.41264" lon="-80.85163">
    <ele>238.26000000000002</ele>
   </trkpt>
   <trkpt lat="35.41281" lon="-80.85167000000001">
    <ele>237.41</ele>
   </trkpt>
   <trkpt lat="35.41274" lon="-80.85219000000001">
    <ele>236.55</ele>
   </trkpt>
   <trkpt lat="35.41268" lon="-80.85219000000001">
    <ele>236.18000000000004</ele>
   </trkpt>
   <trkpt lat="35.412670000000006" lon="-80.85262">
    <ele>235.27</ele>
   </trkpt>
   <trkpt lat="35.41268" lon="-80.85284">
    <ele>234.95000000000002</ele>
   </trkpt>
   <trkpt lat="35.41274" lon="-80.85306000000001">
    <ele>235.05</ele>
   </trkpt>
   <trkpt lat="35.41286" lon="-80.85331000000001">
    <ele>235.44</ele>
   </trkpt>
   <trkpt lat="35.41299" lon="-80.85358000000001">
    <ele>235.71000000000004</ele>
   </trkpt>
   <trkpt lat="35.41337" lon="-80.85425000000001">
    <ele>231.88000000000002</ele>
   </trkpt>
   <trkpt lat="35.41344" lon="-80.85427">
    <ele>231.88000000000002</ele>
   </trkpt>
   <trkpt lat="35.413630000000005" lon="-80.85442">
    <ele>231.39000000000001</ele>
   </trkpt>
   <trkpt lat="35.413720000000005" lon="-80.85446">
    <ele>230.21</ele>
   </trkpt>
   <trkpt lat="35.41424" lon="-80.85462000000001">
    <ele>227.59</ele>
   </trkpt>
   <trkpt lat="35.41429" lon="-80.8546">
    <ele>227.68</ele>
   </trkpt>
   <trkpt lat="35.414320000000004" lon="-80.85455">
    <ele>227.68</ele>
   </trkpt>
   <trkpt lat="35.41438" lon="-80.8545">
    <ele>227.64000000000001</ele>
   </trkpt>
   <trkpt lat="35.4144" lon="-80.8545">
    <ele>227.59</ele>
   </trkpt>
   <trkpt lat="35.414530000000006" lon="-80.85457000000001">
    <ele>227.15</ele>
   </trkpt>
   <trkpt lat="35.41456" lon="-80.85468">
    <ele>226.98000000000002</ele>
   </trkpt>
   <trkpt lat="35.414550000000006" lon="-80.85471000000001">
    <ele>226.98000000000002</ele>
   </trkpt>
   <trkpt lat="35.414500000000004" lon="-80.85481">
    <ele>226.92000000000002</ele>
   </trkpt>
   <trkpt lat="35.41443" lon="-80.85483">
    <ele>226.88000000000002</ele>
   </trkpt>
   <trkpt lat="35.414320000000004" lon="-80.85535">
    <ele>225.71</ele>
   </trkpt>
   <trkpt lat="35.41424" lon="-80.85543000000001">
    <ele>225.20000000000002</ele>
   </trkpt>
   <trkpt lat="35.414060000000006" lon="-80.85631000000001">
    <ele>222.94000000000003</ele>
   </trkpt>
   <trkpt lat="35.41386" lon="-80.85734000000001">
    <ele>221.81</ele>
   </trkpt>
   <trkpt lat="35.41434" lon="-80.8575">
    <ele>220.21</ele>
   </trkpt>
   <trkpt lat="35.41438" lon="-80.85745">
    <ele>220.16000000000003</ele>
   </trkpt>
   <trkpt lat="35.41449" lon="-80.8575">
    <ele>220.06</ele>
   </trkpt>
   <trkpt lat="35.41449" lon="-80.85754">
    <ele>219.99</ele>
   </trkpt>
   <trkpt lat="35.41438" lon="-80.858">
    <ele>219.50000000000003</ele>
   </trkpt>
   <trkpt lat="35.414350000000006" lon="-80.85804">
    <ele>219.53000000000003</ele>
   </trkpt>
   <trkpt lat="35.41424" lon="-80.85808">
    <ele>219.78000000000003</ele>
   </trkpt>
   <trkpt lat="35.41416" lon="-80.85821">
    <ele>219.87</ele>
   </trkpt>
   <trkpt lat="35.41398" lon="-80.85910000000001">
    <ele>218.52</ele>
   </trkpt>
   <trkpt lat="35.413940000000004" lon="-80.85938">
    <ele>217.97000000000003</ele>
   </trkpt>
   <trkpt lat="35.41402" lon="-80.8597">
    <ele>216.29</ele>
   </trkpt>
   <trkpt lat="35.41404" lon="-80.85988">
    <ele>216.02</ele>
   </trkpt>
   <trkpt lat="35.41402" lon="-80.86076000000001">
    <ele>215.12</ele>
   </trkpt>
   <trkpt lat="35.41402" lon="-80.86077">
    <ele>215.11</ele>
   </trkpt>
   <trkpt lat="35.41402" lon="-80.86112">
    <ele>215.02</ele>
   </trkpt>
   <trkpt lat="35.41391" lon="-80.86184">
    <ele>215.23</ele>
   </trkpt>
   <trkpt lat="35.41395" lon="-80.86238">
    <ele>215.21</ele>
   </trkpt>
   <trkpt lat="35.41402" lon="-80.86251">
    <ele>215.39000000000001</ele>
   </trkpt>
   <trkpt lat="35.41404" lon="-80.8626">
    <ele>215.39000000000001</ele>
   </trkpt>
   <trkpt lat="35.414030000000004" lon="-80.86274">
    <ele>215.50000000000003</ele>
   </trkpt>
   <trkpt lat="35.413990000000005" lon="-80.86282000000001">
    <ele>215.50000000000003</ele>
   </trkpt>
   <trkpt lat="35.413880000000006" lon="-80.86290000000001">
    <ele>215.67000000000002</ele>
   </trkpt>
   <trkpt lat="35.41377" lon="-80.86304000000001">
    <ele>215.66000000000003</ele>
   </trkpt>
   <trkpt lat="35.41364" lon="-80.86314">
    <ele>215.60000000000002</ele>
   </trkpt>
   <trkpt lat="35.41333" lon="-80.86331000000001">
    <ele>215.13000000000002</ele>
   </trkpt>
   <trkpt lat="35.41322" lon="-80.86341">
    <ele>214.85000000000002</ele>
   </trkpt>
   <trkpt lat="35.41292" lon="-80.86385000000001">
    <ele>213.79</ele>
   </trkpt>
   <trkpt lat="35.412910000000004" lon="-80.86385000000001">
    <ele>213.8</ele>
   </trkpt>
   <trkpt lat="35.412850000000006" lon="-80.86395">
    <ele>213.77</ele>
   </trkpt>
   <trkpt lat="35.41284" lon="-80.86404">
    <ele>213.55</ele>
   </trkpt>
   <trkpt lat="35.41286" lon="-80.86444">
    <ele>213.48000000000002</ele>
   </trkpt>
   <trkpt lat="35.41263" lon="-80.86515">
    <ele>213.38</ele>
   </trkpt>
   <trkpt lat="35.41257" lon="-80.86524">
    <ele>213.38</ele>
   </trkpt>
   <trkpt lat="35.412290000000006" lon="-80.86556">
    <ele>213.31000000000003</ele>
   </trkpt>
   <trkpt lat="35.412040000000005" lon="-80.86597">
    <ele>213.33</ele>
   </trkpt>
   <trkpt lat="35.411860000000004" lon="-80.866">
    <ele>213.57</ele>
   </trkpt>
   <trkpt lat="35.411750000000005" lon="-80.86605">
    <ele>213.57</ele>
   </trkpt>
   <trkpt lat="35.41158" lon="-80.86623">
    <ele>213.86</ele>
   </trkpt>
   <trkpt lat="35.41145" lon="-80.86627">
    <ele>213.88000000000002</ele>
   </trkpt>
   <trkpt lat="35.4114" lon="-80.86641">
    <ele>213.79</ele>
   </trkpt>
   <trkpt lat="35.411350000000006" lon="-80.86691">
    <ele>213.58</ele>
   </trkpt>
   <trkpt lat="35.41132" lon="-80.86703">
    <ele>213.28000000000003</ele>
   </trkpt>
   <trkpt lat="35.411170000000006" lon="-80.8673">
    <ele>212.61</ele>
   </trkpt>
   <trkpt lat="35.41113" lon="-80.86735">
    <ele>212.55</ele>
   </trkpt>
   <trkpt lat="35.41102" lon="-80.86739">
    <ele>212.55</ele>
   </trkpt>
   <trkpt lat="35.410700000000006" lon="-80.86744">
    <ele>212.58</ele>
   </trkpt>
   <trkpt lat="35.410650000000004" lon="-80.86748">
    <ele>212.72000000000003</ele>
   </trkpt>
   <trkpt lat="35.410560000000004" lon="-80.86757">
    <ele>213.08</ele>
   </trkpt>
   <trkpt lat="35.410470000000004" lon="-80.86773000000001">
    <ele>213.22000000000003</ele>
   </trkpt>
   <trkpt lat="35.4104" lon="-80.8678">
    <ele>213.20000000000002</ele>
   </trkpt>
   <trkpt lat="35.410140000000006" lon="-80.86783000000001">
    <ele>213.1</ele>
   </trkpt>
   <trkpt lat="35.410140000000006" lon="-80.86776">
    <ele>213.03000000000003</ele>
   </trkpt>
   <trkpt lat="35.41011" lon="-80.86776">
    <ele>212.87</ele>
   </trkpt>
   <trkpt lat="35.410030000000006" lon="-80.86776">
    <ele>212.76</ele>
   </trkpt>
   <trkpt lat="35.410030000000006" lon="-80.86783000000001">
    <ele>212.64000000000001</ele>
   </trkpt>
   <trkpt lat="35.409800000000004" lon="-80.86785">
    <ele>211.79</ele>
   </trkpt>
   <trkpt lat="35.409510000000004" lon="-80.86784">
    <ele>211.42000000000002</ele>
   </trkpt>
   <trkpt lat="35.40943" lon="-80.86788">
    <ele>211.38</ele>
   </trkpt>
   <trkpt lat="35.40927" lon="-80.86798">
    <ele>211.34000000000003</ele>
   </trkpt>
   <trkpt lat="35.409090000000006" lon="-80.8682">
    <ele>211.1</ele>
   </trkpt>
   <trkpt lat="35.40872" lon="-80.86842">
    <ele>210.94000000000003</ele>
   </trkpt>
   <trkpt lat="35.408105000970245" lon="-80.86889500359321">
    <ele>210.4</ele>
   </trkpt>
   <trkpt lat="35.40749" lon="-80.86937">
    <ele>210.06000000000003</ele>
   </trkpt>
   <trkpt lat="35.40733" lon="-80.86964">
    <ele>209.95000000000002</ele>
   </trkpt>
   <trkpt lat="35.40702" lon="-80.87044">
    <ele>209.62000000000003</ele>
   </trkpt>
   <trkpt lat="35.40672" lon="-80.87147">
    <ele>209.13</ele>
   </trkpt>
   <trkpt lat="35.406470000000006" lon="-80.87219">
    <ele>209.01000000000002</ele>
   </trkpt>
   <trkpt lat="35.40634" lon="-80.87268">
    <ele>209.11</ele>
   </trkpt>
   <trkpt lat="35.40616" lon="-80.87298000000001">
    <ele>209.06000000000003</ele>
   </trkpt>
   <trkpt lat="35.406040000000004" lon="-80.87308">
    <ele>208.90000000000003</ele>
   </trkpt>
   <trkpt lat="35.40583" lon="-80.87318">
    <ele>208.46</ele>
   </trkpt>
   <trkpt lat="35.405730000000005" lon="-80.87333000000001">
    <ele>208.48000000000002</ele>
   </trkpt>
   <trkpt lat="35.405710000000006" lon="-80.87339">
    <ele>208.48000000000002</ele>
   </trkpt>
   <trkpt lat="35.405730000000005" lon="-80.87353">
    <ele>208.75000000000003</ele>
   </trkpt>
   <trkpt lat="35.405950000000004" lon="-80.87402">
    <ele>209.70000000000002</ele>
   </trkpt>
   <trkpt lat="35.405910000000006" lon="-80.87424">
    <ele>210.22000000000003</ele>
   </trkpt>
   <trkpt lat="35.40592" lon="-80.87438">
    <ele>210.39000000000001</ele>
   </trkpt>
   <trkpt lat="35.4059" lon="-80.87446000000001">
    <ele>210.45000000000002</ele>
   </trkpt>
   <trkpt lat="35.40578" lon="-80.8746">
    <ele>210.22000000000003</ele>
   </trkpt>
   <trkpt lat="35.40565" lon="-80.87456">
    <ele>209.75000000000003</ele>
   </trkpt>
   <trkpt lat="35.405280000000005" lon="-80.87432000000001">
    <ele>208.36</ele>
   </trkpt>
   <trkpt lat="35.40516" lon="-80.87429">
    <ele>208.21</ele>
   </trkpt>
   <trkpt lat="35.405100000000004" lon="-80.87429">
    <ele>208.07</ele>
   </trkpt>
   <trkpt lat="35.404790000000006" lon="-80.87465">
    <ele>207.83</ele>
   </trkpt>
   <trkpt lat="35.404790000000006" lon="-80.87466">
    <ele>207.83</ele>
   </trkpt>
   <trkpt lat="35.40467" lon="-80.87479">
    <ele>207.74</ele>
   </trkpt>
   <trkpt lat="35.40427333611391" lon="-80.87537000569631">
    <ele>207.56000000000003</ele>
   </trkpt>
   <trkpt lat="35.40387666945528" lon="-80.87595000568447">
    <ele>207.45000000000002</ele>
   </trkpt>
   <trkpt lat="35.40348" lon="-80.87653">
    <ele>207.16</ele>
   </trkpt>
   <trkpt lat="35.40312" lon="-80.87658">
    <ele>206.94</ele>
   </trkpt>
   <trkpt lat="35.403040000000004" lon="-80.87666">
    <ele>206.79000000000002</ele>
   </trkpt>
   <trkpt lat="35.40294" lon="-80.87684">
    <ele>206.79000000000002</ele>
   </trkpt>
   <trkpt lat="35.40278" lon="-80.87733">
    <ele>206.35</ele>
   </trkpt>
   <trkpt lat="35.40254" lon="-80.87818">
    <ele>206.34000000000003</ele>
   </trkpt>
   <trkpt lat="35.402480000000004" lon="-80.87827">
    <ele>206.56000000000003</ele>
   </trkpt>
   <trkpt lat="35.40227" lon="-80.87839000000001">
    <ele>206.5</ele>
   </trkpt>
   <trkpt lat="35.40225" lon="-80.87845">
    <ele>206.5</ele>
   </trkpt>
   <trkpt lat="35.40182" lon="-80.87861000000001">
    <ele>206.38</ele>
   </trkpt>
   <trkpt lat="35.40167" lon="-80.87867">
    <ele>206.12000000000003</ele>
   </trkpt>
   <trkpt lat="35.40157" lon="-80.87874000000001">
    <ele>206.12000000000003</ele>
   </trkpt>
   <trkpt lat="35.40164" lon="-80.87886">
    <ele>205.97</ele>
   </trkpt>
   <trkpt lat="35.401680000000006" lon="-80.87896">
    <ele>205.91</ele>
   </trkpt>
   <trkpt lat="35.401970000000006" lon="-80.87935">
    <ele>205.89000000000001</ele>
   </trkpt>
   <trkpt lat="35.402170000000005" lon="-80.88005000000001">
    <ele>205.71</ele>
   </trkpt>
   <trkpt lat="35.402370000000005" lon="-80.88022000000001">
    <ele>205.49</ele>
   </trkpt>
   <trkpt lat="35.4025" lon="-80.88042">
    <ele>205.39000000000001</ele>
   </trkpt>
   <trkpt lat="35.402570000000004" lon="-80.88056">
    <ele>205.03</ele>
   </trkpt>
   <trkpt lat="35.402640000000005" lon="-80.88105">
    <ele>205.17000000000002</ele>
   </trkpt>
   <trkpt lat="35.402710000000006" lon="-80.88123">
    <ele>205.23000000000002</ele>
   </trkpt>
   <trkpt lat="35.40314" lon="-80.88186">
    <ele>205.02</ele>
   </trkpt>
   <trkpt lat="35.403240000000004" lon="-80.88212">
    <ele>205.1</ele>
   </trkpt>
   <trkpt lat="35.403400000000005" lon="-80.88274000000001">
    <ele>205.29000000000002</ele>
   </trkpt>
   <trkpt lat="35.403560000000006" lon="-80.88309000000001">
    <ele>206.21</ele>
   </trkpt>
   <trkpt lat="35.403690000000005" lon="-80.88347">
    <ele>204.70000000000002</ele>
   </trkpt>
   <trkpt lat="35.40372" lon="-80.88361">
    <ele>204.48000000000002</ele>
   </trkpt>
   <trkpt lat="35.40368" lon="-80.88383">
    <ele>204.36</ele>
   </trkpt>
   <trkpt lat="35.40357" lon="-80.88419">
    <ele>204.62000000000003</ele>
   </trkpt>
   <trkpt lat="35.403560000000006" lon="-80.88436">
    <ele>204.59</ele>
   </trkpt>
   <trkpt lat="35.40361" lon="-80.88463">
    <ele>204.44</ele>
   </trkpt>
   <trkpt lat="35.403780000000005" lon="-80.88498000000001">
    <ele>204.71</ele>
   </trkpt>
   <trkpt lat="35.403850000000006" lon="-80.88548">
    <ele>204.78</ele>
   </trkpt>
   <trkpt lat="35.404210000000006" lon="-80.88589">
    <ele>204.29000000000002</ele>
   </trkpt>
   <trkpt lat="35.40439" lon="-80.88633">
    <ele>204.09</ele>
   </trkpt>
   <trkpt lat="35.40466500090314" lon="-80.88677999857717">
    <ele>204.32000000000002</ele>
   </trkpt>
   <trkpt lat="35.40494" lon="-80.88723">
    <ele>204.26000000000002</ele>
   </trkpt>
   <trkpt lat="35.404970000000006" lon="-80.88732">
    <ele>204.22</ele>
   </trkpt>
   <trkpt lat="35.40502" lon="-80.88781">
    <ele>203.97</ele>
   </trkpt>
   <trkpt lat="35.40502" lon="-80.88826">
    <ele>203.94</ele>
   </trkpt>
   <trkpt lat="35.40485" lon="-80.88861">
    <ele>203.5</ele>
   </trkpt>
   <trkpt lat="35.404830000000004" lon="-80.8887">
    <ele>203.5</ele>
   </trkpt>
   <trkpt lat="35.40484" lon="-80.88884">
    <ele>203.57000000000002</ele>
   </trkpt>
   <trkpt lat="35.405" lon="-80.88924">
    <ele>203.51000000000002</ele>
   </trkpt>
   <trkpt lat="35.405030000000004" lon="-80.88937">
    <ele>203.58</ele>
   </trkpt>
   <trkpt lat="35.40504" lon="-80.89013000000001">
    <ele>203.48000000000002</ele>
   </trkpt>
   <trkpt lat="35.40511" lon="-80.89049">
    <ele>203.40000000000003</ele>
   </trkpt>
   <trkpt lat="35.40513" lon="-80.89098000000001">
    <ele>203.3</ele>
   </trkpt>
   <trkpt lat="35.405150000000006" lon="-80.89119000000001">
    <ele>203.26000000000002</ele>
   </trkpt>
   <trkpt lat="35.405660000000005" lon="-80.89118">
    <ele>203.22</ele>
   </trkpt>
   <trkpt lat="35.40567" lon="-80.89139">
    <ele>203.16</ele>
   </trkpt>
   <trkpt lat="35.40569" lon="-80.89144">
    <ele>202.98000000000002</ele>
   </trkpt>
   <trkpt lat="35.406020000000005" lon="-80.89179">
    <ele>203.02</ele>
   </trkpt>
   <trkpt lat="35.40643" lon="-80.89203">
    <ele>203.35</ele>
   </trkpt>
   <trkpt lat="35.406690000000005" lon="-80.89211">
    <ele>203.73000000000002</ele>
   </trkpt>
   <trkpt lat="35.40679" lon="-80.89206">
    <ele>203.83</ele>
   </trkpt>
   <trkpt lat="35.40681" lon="-80.89197">
    <ele>203.87000000000003</ele>
   </trkpt>
   <trkpt lat="35.40681" lon="-80.8917">
    <ele>203.81</ele>
   </trkpt>
   <trkpt lat="35.406850000000006" lon="-80.89135">
    <ele>203.11</ele>
   </trkpt>
   <trkpt lat="35.406890000000004" lon="-80.89126">
    <ele>203.11</ele>
   </trkpt>
   <trkpt lat="35.40708" lon="-80.89093000000001">
    <ele>202.91</ele>
   </trkpt>
   <trkpt lat="35.4074" lon="-80.89058">
    <ele>203.15000000000003</ele>
   </trkpt>
   <trkpt lat="35.407680000000006" lon="-80.89019">
    <ele>203.47</ele>
   </trkpt>
   <trkpt lat="35.40782" lon="-80.88991">
    <ele>203.62000000000003</ele>
   </trkpt>
   <trkpt lat="35.407970000000006" lon="-80.88973">
    <ele>203.61</ele>
   </trkpt>
   <trkpt lat="35.408420000771244" lon="-80.8892850025289">
    <ele>203.5</ele>
   </trkpt>
   <trkpt lat="35.40887" lon="-80.88884">
    <ele>203.67000000000002</ele>
   </trkpt>
   <trkpt lat="35.409110000000005" lon="-80.88861">
    <ele>203.74</ele>
   </trkpt>
   <trkpt lat="35.40932" lon="-80.88848">
    <ele>204.01000000000002</ele>
   </trkpt>
   <trkpt lat="35.409690000000005" lon="-80.88831">
    <ele>204.07000000000002</ele>
   </trkpt>
   <trkpt lat="35.40977" lon="-80.8883">
    <ele>204.03</ele>
   </trkpt>
   <trkpt lat="35.409760000000006" lon="-80.8883">
    <ele>204.03</ele>
   </trkpt>
   <trkpt lat="35.41062000008322" lon="-80.88812000193134">
    <ele>204.12000000000003</ele>
   </trkpt>
   <trkpt lat="35.411480000000005" lon="-80.88794">
    <ele>204.1</ele>
   </trkpt>
   <trkpt lat="35.411620000000006" lon="-80.88785">
    <ele>204.12000000000003</ele>
   </trkpt>
   <trkpt lat="35.41181" lon="-80.88785">
    <ele>204.29000000000002</ele>
   </trkpt>
   <trkpt lat="35.4125950001578" lon="-80.88764000205205">
    <ele>204.27</ele>
   </trkpt>
   <trkpt lat="35.413380000000004" lon="-80.88743000000001">
    <ele>204.3</ele>
   </trkpt>
   <trkpt lat="35.413996666838415" lon="-80.8872866688599">
    <ele>204.47</ele>
   </trkpt>
   <trkpt lat="35.41461333350751" lon="-80.88714333552603">
    <ele>204.6</ele>
   </trkpt>
   <trkpt lat="35.41523" lon="-80.887">
    <ele>204.65000000000003</ele>
   </trkpt>
   <trkpt lat="35.415780000000005" lon="-80.88696">
    <ele>204.53</ele>
   </trkpt>
   <trkpt lat="35.416360000000005" lon="-80.88674">
    <ele>204.59</ele>
   </trkpt>
   <trkpt lat="35.41689999999645" lon="-80.88662000081824">
    <ele>204.59</ele>
   </trkpt>
   <trkpt lat="35.417440000000006" lon="-80.88650000000001">
    <ele>205.17000000000002</ele>
   </trkpt>
   <trkpt lat="35.41783" lon="-80.88638">
    <ele>205.18000000000004</ele>
   </trkpt>
   <trkpt lat="35.418310000000005" lon="-80.88637000000001">
    <ele>205.32000000000002</ele>
   </trkpt>
   <trkpt lat="35.41883" lon="-80.88629">
    <ele>205.6</ele>
   </trkpt>
   <trkpt lat="35.41926" lon="-80.88633">
    <ele>205.70000000000002</ele>
   </trkpt>
   <trkpt lat="35.419740000000004" lon="-80.88646">
    <ele>205.78</ele>
   </trkpt>
   <trkpt lat="35.420080000000006" lon="-80.8866">
    <ele>205.77</ele>
   </trkpt>
   <trkpt lat="35.42056" lon="-80.88687">
    <ele>206.05</ele>
   </trkpt>
   <trkpt lat="35.42076" lon="-80.887">
    <ele>206.09000000000003</ele>
   </trkpt>
   <trkpt lat="35.42143" lon="-80.88749">
    <ele>205.91</ele>
   </trkpt>
   <trkpt lat="35.42155" lon="-80.88767">
    <ele>205.82000000000002</ele>
   </trkpt>
   <trkpt lat="35.421580000000006" lon="-80.88776">
    <ele>205.82000000000002</ele>
   </trkpt>
   <trkpt lat="35.42159" lon="-80.88794">
    <ele>205.89000000000001</ele>
   </trkpt>
   <trkpt lat="35.421580000000006" lon="-80.88776">
    <ele>205.82000000000002</ele>
   </trkpt>
   <trkpt lat="35.42155" lon="-80.88767">
    <ele>205.82000000000002</ele>
   </trkpt>
   <trkpt lat="35.42143" lon="-80.88749">
    <ele>205.91</ele>
   </trkpt>
   <trkpt lat="35.42076" lon="-80.887">
    <ele>206.09000000000003</ele>
   </trkpt>
   <trkpt lat="35.42056" lon="-80.88687">
    <ele>206.05</ele>
   </trkpt>
   <trkpt lat="35.420080000000006" lon="-80.8866">
    <ele>205.77</ele>
   </trkpt>
   <trkpt lat="35.419740000000004" lon="-80.88646">
    <ele>205.78</ele>
   </trkpt>
   <trkpt lat="35.41926" lon="-80.88633">
    <ele>205.70000000000002</ele>
   </trkpt>
   <trkpt lat="35.41883" lon="-80.88629">
    <ele>205.6</ele>
   </trkpt>
   <trkpt lat="35.418310000000005" lon="-80.88637000000001">
    <ele>205.32000000000002</ele>
   </trkpt>
   <trkpt lat="35.41783" lon="-80.88638">
    <ele>205.18000000000004</ele>
   </trkpt>
   <trkpt lat="35.417440000000006" lon="-80.88650000000001">
    <ele>205.17000000000002</ele>
   </trkpt>
   <trkpt lat="35.41690000012224" lon="-80.88662000079027">
    <ele>204.59</ele>
   </trkpt>
   <trkpt lat="35.416360000000005" lon="-80.88674">
    <ele>204.59</ele>
   </trkpt>
   <trkpt lat="35.415780000000005" lon="-80.88696">
    <ele>204.53</ele>
   </trkpt>
   <trkpt lat="35.41523" lon="-80.887">
    <ele>204.65000000000003</ele>
   </trkpt>
   <trkpt lat="35.41461333350026" lon="-80.88714333552772">
    <ele>204.6</ele>
   </trkpt>
   <trkpt lat="35.41399666683118" lon="-80.88728666886159">
    <ele>204.47</ele>
   </trkpt>
   <trkpt lat="35.413380000000004" lon="-80.88743000000001">
    <ele>204.3</ele>
   </trkpt>
   <trkpt lat="35.41259500020571" lon="-80.88764000203926">
    <ele>204.27</ele>
   </trkpt>
   <trkpt lat="35.41181" lon="-80.88785">
    <ele>204.29000000000002</ele>
   </trkpt>
   <trkpt lat="35.411620000000006" lon="-80.88785">
    <ele>204.12000000000003</ele>
   </trkpt>
   <trkpt lat="35.411480000000005" lon="-80.88794">
    <ele>204.12000000000003</ele>
   </trkpt>
   <trkpt lat="35.410883333498184" lon="-80.88806333515141">
    <ele>204.31</ele>
   </trkpt>
   <trkpt lat="35.41028666687096" lon="-80.88818666847656">
    <ele>203.99</ele>
   </trkpt>
   <trkpt lat="35.409690000000005" lon="-80.88831">
    <ele>204.07000000000002</ele>
   </trkpt>
   <trkpt lat="35.40932" lon="-80.88848">
    <ele>204.01000000000002</ele>
   </trkpt>
   <trkpt lat="35.409110000000005" lon="-80.88861">
    <ele>203.74</ele>
   </trkpt>
   <trkpt lat="35.40887" lon="-80.88884">
    <ele>203.67000000000002</ele>
   </trkpt>
   <trkpt lat="35.408420000860886" lon="-80.88928500244023">
    <ele>203.46000000000004</ele>
   </trkpt>
   <trkpt lat="35.407970000000006" lon="-80.88973">
    <ele>203.61</ele>
   </trkpt>
   <trkpt lat="35.40782" lon="-80.88991">
    <ele>203.62000000000003</ele>
   </trkpt>
   <trkpt lat="35.407680000000006" lon="-80.89019">
    <ele>203.47</ele>
   </trkpt>
   <trkpt lat="35.4074" lon="-80.89058">
    <ele>203.15000000000003</ele>
   </trkpt>
   <trkpt lat="35.40708" lon="-80.89093000000001">
    <ele>202.91</ele>
   </trkpt>
   <trkpt lat="35.406890000000004" lon="-80.89126">
    <ele>203.11</ele>
   </trkpt>
   <trkpt lat="35.406850000000006" lon="-80.89135">
    <ele>203.11</ele>
   </trkpt>
   <trkpt lat="35.40681" lon="-80.8917">
    <ele>203.81</ele>
   </trkpt>
   <trkpt lat="35.40681" lon="-80.89197">
    <ele>203.83</ele>
   </trkpt>
   <trkpt lat="35.40679" lon="-80.89206">
    <ele>203.83</ele>
   </trkpt>
   <trkpt lat="35.406690000000005" lon="-80.89211">
    <ele>203.73000000000002</ele>
   </trkpt>
   <trkpt lat="35.40643" lon="-80.89203">
    <ele>203.35</ele>
   </trkpt>
   <trkpt lat="35.406020000000005" lon="-80.89179">
    <ele>203.02</ele>
   </trkpt>
   <trkpt lat="35.40569" lon="-80.89144">
    <ele>203.16</ele>
   </trkpt>
   <trkpt lat="35.40567" lon="-80.89139">
    <ele>203.16</ele>
   </trkpt>
   <trkpt lat="35.40565500263733" lon="-80.89058999984886">
    <ele>203.24</ele>
   </trkpt>
   <trkpt lat="35.405640000000005" lon="-80.88979">
    <ele>203.73000000000002</ele>
   </trkpt>
   <trkpt lat="35.40563" lon="-80.88915">
    <ele>206.51000000000002</ele>
   </trkpt>
   <trkpt lat="35.405660000000005" lon="-80.88910000000001">
    <ele>206.51000000000002</ele>
   </trkpt>
   <trkpt lat="35.405770000000004" lon="-80.88902">
    <ele>207.35</ele>
   </trkpt>
   <trkpt lat="35.405840000000005" lon="-80.88900000000001">
    <ele>207.35</ele>
   </trkpt>
   <trkpt lat="35.405930000000005" lon="-80.88906">
    <ele>207.63</ele>
   </trkpt>
   <trkpt lat="35.40605" lon="-80.88906">
    <ele>207.90000000000003</ele>
   </trkpt>
   <trkpt lat="35.406470000000006" lon="-80.88897">
    <ele>208.41</ele>
   </trkpt>
   <trkpt lat="35.40643" lon="-80.8887">
    <ele>208.86</ele>
   </trkpt>
   <trkpt lat="35.40617" lon="-80.88878000000001">
    <ele>208.44</ele>
   </trkpt>
   <trkpt lat="35.40616" lon="-80.88878000000001">
    <ele>208.43</ele>
   </trkpt>
   <trkpt lat="35.406110000000005" lon="-80.88879">
    <ele>208.43</ele>
   </trkpt>
   <trkpt lat="35.406150000000004" lon="-80.88904000000001">
    <ele>208.07</ele>
   </trkpt>
   <trkpt lat="35.40605" lon="-80.88906">
    <ele>207.90000000000003</ele>
   </trkpt>
   <trkpt lat="35.405930000000005" lon="-80.88906">
    <ele>207.74</ele>
   </trkpt>
   <trkpt lat="35.405840000000005" lon="-80.88900000000001">
    <ele>207.35</ele>
   </trkpt>
   <trkpt lat="35.405770000000004" lon="-80.88902">
    <ele>207.35</ele>
   </trkpt>
   <trkpt lat="35.405660000000005" lon="-80.88910000000001">
    <ele>206.51000000000002</ele>
   </trkpt>
   <trkpt lat="35.40563" lon="-80.88915">
    <ele>206.51000000000002</ele>
   </trkpt>
   <trkpt lat="35.40564500424358" lon="-80.89016499968321">
    <ele>203.3</ele>
   </trkpt>
   <trkpt lat="35.405660000000005" lon="-80.89118">
    <ele>203.22</ele>
   </trkpt>
   <trkpt lat="35.405150000000006" lon="-80.89119000000001">
    <ele>203.26000000000002</ele>
   </trkpt>
   <trkpt lat="35.40511" lon="-80.89049">
    <ele>203.40000000000003</ele>
   </trkpt>
   <trkpt lat="35.40504" lon="-80.89013000000001">
    <ele>203.48000000000002</ele>
   </trkpt>
   <trkpt lat="35.405030000000004" lon="-80.88937">
    <ele>203.58</ele>
   </trkpt>
   <trkpt lat="35.405" lon="-80.88924">
    <ele>203.51000000000002</ele>
   </trkpt>
   <trkpt lat="35.40484" lon="-80.88884">
    <ele>203.57000000000002</ele>
   </trkpt>
   <trkpt lat="35.404830000000004" lon="-80.8887">
    <ele>203.5</ele>
   </trkpt>
   <trkpt lat="35.40485" lon="-80.88861">
    <ele>203.56</ele>
   </trkpt>
   <trkpt lat="35.40502" lon="-80.88826">
    <ele>203.94</ele>
   </trkpt>
   <trkpt lat="35.40502" lon="-80.88781">
    <ele>203.97</ele>
   </trkpt>
   <trkpt lat="35.404970000000006" lon="-80.88732">
    <ele>204.22</ele>
   </trkpt>
   <trkpt lat="35.40494" lon="-80.88723">
    <ele>204.26000000000002</ele>
   </trkpt>
   <trkpt lat="35.4046650007658" lon="-80.88677999835245">
    <ele>204.32000000000002</ele>
   </trkpt>
   <trkpt lat="35.40439" lon="-80.88633">
    <ele>204.09</ele>
   </trkpt>
   <trkpt lat="35.404210000000006" lon="-80.88589">
    <ele>204.29000000000002</ele>
   </trkpt>
   <trkpt lat="35.403850000000006" lon="-80.88548">
    <ele>204.78</ele>
   </trkpt>
   <trkpt lat="35.403780000000005" lon="-80.88498000000001">
    <ele>204.71</ele>
   </trkpt>
   <trkpt lat="35.40361" lon="-80.88463">
    <ele>204.44</ele>
   </trkpt>
   <trkpt lat="35.403560000000006" lon="-80.88436">
    <ele>204.59</ele>
   </trkpt>
   <trkpt lat="35.40357" lon="-80.88419">
    <ele>204.62000000000003</ele>
   </trkpt>
   <trkpt lat="35.40368" lon="-80.88383">
    <ele>204.36</ele>
   </trkpt>
   <trkpt lat="35.40372" lon="-80.88361">
    <ele>204.48000000000002</ele>
   </trkpt>
   <trkpt lat="35.403690000000005" lon="-80.88347">
    <ele>205.03</ele>
   </trkpt>
   <trkpt lat="35.403560000000006" lon="-80.88309000000001">
    <ele>206.3</ele>
   </trkpt>
   <trkpt lat="35.403400000000005" lon="-80.88274000000001">
    <ele>205.29000000000002</ele>
   </trkpt>
   <trkpt lat="35.403240000000004" lon="-80.88212">
    <ele>205.1</ele>
   </trkpt>
   <trkpt lat="35.40314" lon="-80.88186">
    <ele>205.02</ele>
   </trkpt>
   <trkpt lat="35.402710000000006" lon="-80.88123">
    <ele>205.23000000000002</ele>
   </trkpt>
   <trkpt lat="35.402640000000005" lon="-80.88105">
    <ele>205.17000000000002</ele>
   </trkpt>
   <trkpt lat="35.402570000000004" lon="-80.88056">
    <ele>205.03</ele>
   </trkpt>
   <trkpt lat="35.4025" lon="-80.88042">
    <ele>205.39000000000001</ele>
   </trkpt>
   <trkpt lat="35.402370000000005" lon="-80.88022000000001">
    <ele>205.49</ele>
   </trkpt>
   <trkpt lat="35.402170000000005" lon="-80.88005000000001">
    <ele>205.71</ele>
   </trkpt>
   <trkpt lat="35.401970000000006" lon="-80.87935">
    <ele>205.89000000000001</ele>
   </trkpt>
   <trkpt lat="35.401680000000006" lon="-80.87896">
    <ele>205.91</ele>
   </trkpt>
   <trkpt lat="35.40164" lon="-80.87886">
    <ele>205.97</ele>
   </trkpt>
   <trkpt lat="35.40157" lon="-80.87874000000001">
    <ele>206.12000000000003</ele>
   </trkpt>
   <trkpt lat="35.40167" lon="-80.87867">
    <ele>206.12000000000003</ele>
   </trkpt>
   <trkpt lat="35.40182" lon="-80.87861000000001">
    <ele>206.38</ele>
   </trkpt>
   <trkpt lat="35.40225" lon="-80.87845">
    <ele>206.5</ele>
   </trkpt>
   <trkpt lat="35.40227" lon="-80.87839000000001">
    <ele>206.56000000000003</ele>
   </trkpt>
   <trkpt lat="35.402480000000004" lon="-80.87827">
    <ele>206.56000000000003</ele>
   </trkpt>
   <trkpt lat="35.40254" lon="-80.87818">
    <ele>206.34000000000003</ele>
   </trkpt>
   <trkpt lat="35.40278" lon="-80.87733">
    <ele>206.35</ele>
   </trkpt>
   <trkpt lat="35.40294" lon="-80.87684">
    <ele>206.79000000000002</ele>
   </trkpt>
   <trkpt lat="35.403040000000004" lon="-80.87666">
    <ele>206.79000000000002</ele>
   </trkpt>
   <trkpt lat="35.40312" lon="-80.87658">
    <ele>206.94</ele>
   </trkpt>
   <trkpt lat="35.40348" lon="-80.87653">
    <ele>207.16</ele>
   </trkpt>
   <trkpt lat="35.40379500092643" lon="-80.87606000181249">
    <ele>207.45000000000002</ele>
   </trkpt>
   <trkpt lat="35.40411" lon="-80.87559">
    <ele>207.55</ele>
   </trkpt>
   <trkpt lat="35.404810000000005" lon="-80.87622">
    <ele>209.8</ele>
   </trkpt>
   <trkpt lat="35.40482" lon="-80.87627">
    <ele>209.84000000000003</ele>
   </trkpt>
   <trkpt lat="35.405215000586445" lon="-80.87662999828363">
    <ele>211.12000000000003</ele>
   </trkpt>
   <trkpt lat="35.40561" lon="-80.87699">
    <ele>214.03000000000003</ele>
   </trkpt>
   <trkpt lat="35.40569" lon="-80.87702">
    <ele>214.37</ele>
   </trkpt>
   <trkpt lat="35.40596" lon="-80.87725">
    <ele>217.22000000000003</ele>
   </trkpt>
   <trkpt lat="35.406020000000005" lon="-80.87736000000001">
    <ele>217.22000000000003</ele>
   </trkpt>
   <trkpt lat="35.406110000000005" lon="-80.87744">
    <ele>217.89000000000001</ele>
   </trkpt>
   <trkpt lat="35.406580000000005" lon="-80.87791">
    <ele>219.02</ele>
   </trkpt>
   <trkpt lat="35.40686" lon="-80.87822000000001">
    <ele>217.19000000000003</ele>
   </trkpt>
   <trkpt lat="35.406960000000005" lon="-80.87838">
    <ele>216.59</ele>
   </trkpt>
   <trkpt lat="35.407140000000005" lon="-80.87859">
    <ele>215.49</ele>
   </trkpt>
   <trkpt lat="35.40758" lon="-80.87885">
    <ele>213.12</ele>
   </trkpt>
   <trkpt lat="35.40773" lon="-80.87903">
    <ele>210.39000000000001</ele>
   </trkpt>
   <trkpt lat="35.408" lon="-80.87948">
    <ele>208.61</ele>
   </trkpt>
   <trkpt lat="35.408100000000005" lon="-80.87956000000001">
    <ele>208.39000000000001</ele>
   </trkpt>
   <trkpt lat="35.408240000000006" lon="-80.87963">
    <ele>208.21</ele>
   </trkpt>
   <trkpt lat="35.408480000000004" lon="-80.87967">
    <ele>208.55</ele>
   </trkpt>
   <trkpt lat="35.40936" lon="-80.87975">
    <ele>208.69</ele>
   </trkpt>
   <trkpt lat="35.41002" lon="-80.87984">
    <ele>208.20000000000002</ele>
   </trkpt>
   <trkpt lat="35.410360000000004" lon="-80.87979">
    <ele>208.45000000000002</ele>
   </trkpt>
   <trkpt lat="35.41079999981868" lon="-80.879635000945">
    <ele>209.08</ele>
   </trkpt>
   <trkpt lat="35.41124" lon="-80.87948">
    <ele>209.71</ele>
   </trkpt>
   <trkpt lat="35.411500000000004" lon="-80.87948">
    <ele>209.95000000000002</ele>
   </trkpt>
   <trkpt lat="35.41181" lon="-80.87957">
    <ele>210.28000000000003</ele>
   </trkpt>
   <trkpt lat="35.411930000000005" lon="-80.87961">
    <ele>210.28000000000003</ele>
   </trkpt>
   <trkpt lat="35.41212" lon="-80.87975">
    <ele>210.31000000000003</ele>
   </trkpt>
   <trkpt lat="35.412380000000006" lon="-80.88006">
    <ele>210.03000000000003</ele>
   </trkpt>
   <trkpt lat="35.41255" lon="-80.88042">
    <ele>210.92000000000002</ele>
   </trkpt>
   <trkpt lat="35.412795003810054" lon="-80.88137999712796">
    <ele>217.98</ele>
   </trkpt>
   <trkpt lat="35.41304" lon="-80.88234000000001">
    <ele>223.23000000000002</ele>
   </trkpt>
   <trkpt lat="35.413140000000006" lon="-80.88256000000001">
    <ele>223.50000000000003</ele>
   </trkpt>
   <trkpt lat="35.41328" lon="-80.88275">
    <ele>223.99</ele>
   </trkpt>
   <trkpt lat="35.413520000000005" lon="-80.88297">
    <ele>224.17000000000002</ele>
   </trkpt>
   <trkpt lat="35.41378" lon="-80.88306">
    <ele>224.47000000000003</ele>
   </trkpt>
   <trkpt lat="35.41404" lon="-80.88306">
    <ele>224.85000000000002</ele>
   </trkpt>
   <trkpt lat="35.41425" lon="-80.88302">
    <ele>224.85000000000002</ele>
   </trkpt>
   <trkpt lat="35.41438" lon="-80.88297">
    <ele>225.28</ele>
   </trkpt>
   <trkpt lat="35.4148600004402" lon="-80.88260000229965">
    <ele>225.29000000000002</ele>
   </trkpt>
   <trkpt lat="35.41534" lon="-80.88223">
    <ele>224.74</ele>
   </trkpt>
   <trkpt lat="35.415330000000004" lon="-80.88224000000001">
    <ele>224.75</ele>
   </trkpt>
   <trkpt lat="35.4155" lon="-80.88212">
    <ele>224.45000000000002</ele>
   </trkpt>
   <trkpt lat="35.41565" lon="-80.88203">
    <ele>224.45000000000002</ele>
   </trkpt>
   <trkpt lat="35.416470000000004" lon="-80.88168">
    <ele>224.9</ele>
   </trkpt>
   <trkpt lat="35.41678" lon="-80.88144000000001">
    <ele>224.72000000000003</ele>
   </trkpt>
   <trkpt lat="35.417080000000006" lon="-80.88105">
    <ele>224.38000000000002</ele>
   </trkpt>
   <trkpt lat="35.41725" lon="-80.88087">
    <ele>224.12</ele>
   </trkpt>
   <trkpt lat="35.41751" lon="-80.88065">
    <ele>223.62</ele>
   </trkpt>
   <trkpt lat="35.418030000287196" lon="-80.88040000159927">
    <ele>224.47000000000003</ele>
   </trkpt>
   <trkpt lat="35.41855" lon="-80.88015">
    <ele>226.0</ele>
   </trkpt>
   <trkpt lat="35.418670000000006" lon="-80.88010000000001">
    <ele>226.68</ele>
   </trkpt>
   <trkpt lat="35.418820000000004" lon="-80.88011">
    <ele>227.02</ele>
   </trkpt>
   <trkpt lat="35.419630000000005" lon="-80.88021">
    <ele>226.63000000000002</ele>
   </trkpt>
   <trkpt lat="35.42011" lon="-80.88016">
    <ele>226.88000000000002</ele>
   </trkpt>
   <trkpt lat="35.42025" lon="-80.8802">
    <ele>227.4</ele>
   </trkpt>
   <trkpt lat="35.420410000000004" lon="-80.88029">
    <ele>227.51000000000002</ele>
   </trkpt>
   <trkpt lat="35.42071" lon="-80.88049000000001">
    <ele>227.67000000000002</ele>
   </trkpt>
   <trkpt lat="35.420880000000004" lon="-80.88073">
    <ele>228.60000000000002</ele>
   </trkpt>
   <trkpt lat="35.421060000000004" lon="-80.88108000000001">
    <ele>229.08</ele>
   </trkpt>
   <trkpt lat="35.42139" lon="-80.88208">
    <ele>232.02000000000004</ele>
   </trkpt>
   <trkpt lat="35.42156" lon="-80.88237000000001">
    <ele>232.25</ele>
   </trkpt>
   <trkpt lat="35.42172" lon="-80.88257">
    <ele>231.91000000000003</ele>
   </trkpt>
   <trkpt lat="35.422000000000004" lon="-80.88279">
    <ele>230.53</ele>
   </trkpt>
   <trkpt lat="35.42213" lon="-80.88287000000001">
    <ele>230.19</ele>
   </trkpt>
   <trkpt lat="35.42233" lon="-80.88293">
    <ele>229.70000000000002</ele>
   </trkpt>
   <trkpt lat="35.422610000000006" lon="-80.88297">
    <ele>229.92000000000002</ele>
   </trkpt>
   <trkpt lat="35.423120000000004" lon="-80.88292000000001">
    <ele>230.42000000000002</ele>
   </trkpt>
   <trkpt lat="35.42376" lon="-80.88287000000001">
    <ele>229.48000000000002</ele>
   </trkpt>
   <trkpt lat="35.423610000000004" lon="-80.88203">
    <ele>229.03</ele>
   </trkpt>
   <trkpt lat="35.42339000786738" lon="-80.88123249347649">
    <ele>226.56</ele>
   </trkpt>
   <trkpt lat="35.42317001049175" lon="-80.880434991309">
    <ele>226.41000000000003</ele>
   </trkpt>
   <trkpt lat="35.422950007873155" lon="-80.87963749349761">
    <ele>229.69</ele>
   </trkpt>
   <trkpt lat="35.42273" lon="-80.87884000000001">
    <ele>232.05</ele>
   </trkpt>
   <trkpt lat="35.42258" lon="-80.87854">
    <ele>232.19</ele>
   </trkpt>
   <trkpt lat="35.42251" lon="-80.87854">
    <ele>232.14000000000001</ele>
   </trkpt>
   <trkpt lat="35.422450000000005" lon="-80.8785">
    <ele>232.14000000000001</ele>
   </trkpt>
   <trkpt lat="35.4224" lon="-80.87843000000001">
    <ele>232.14000000000001</ele>
   </trkpt>
   <trkpt lat="35.42237" lon="-80.87829">
    <ele>231.83</ele>
   </trkpt>
   <trkpt lat="35.42239" lon="-80.87818">
    <ele>231.83</ele>
   </trkpt>
   <trkpt lat="35.4225" lon="-80.87805">
    <ele>232.01000000000002</ele>
   </trkpt>
   <trkpt lat="35.42269" lon="-80.87809">
    <ele>232.69</ele>
   </trkpt>
   <trkpt lat="35.422740000000005" lon="-80.87814">
    <ele>232.69</ele>
   </trkpt>
   <trkpt lat="35.422920000000005" lon="-80.8781">
    <ele>233.46000000000004</ele>
   </trkpt>
   <trkpt lat="35.423010000000005" lon="-80.8781">
    <ele>233.61</ele>
   </trkpt>
   <trkpt lat="35.42347500003212" lon="-80.87790000121161">
    <ele>234.34</ele>
   </trkpt>
   <trkpt lat="35.42394" lon="-80.8777">
    <ele>234.05</ele>
   </trkpt>
   <trkpt lat="35.423930000000006" lon="-80.8777">
    <ele>234.06</ele>
   </trkpt>
   <trkpt lat="35.424420000000005" lon="-80.87750000000001">
    <ele>233.32000000000002</ele>
   </trkpt>
   <trkpt lat="35.4249" lon="-80.87719000000001">
    <ele>234.21000000000004</ele>
   </trkpt>
   <trkpt lat="35.424960000000006" lon="-80.87733">
    <ele>234.40000000000003</ele>
   </trkpt>
   <trkpt lat="35.42501" lon="-80.87741000000001">
    <ele>234.40000000000003</ele>
   </trkpt>
   <trkpt lat="35.42521" lon="-80.87756">
    <ele>234.43000000000004</ele>
   </trkpt>
   <trkpt lat="35.42535" lon="-80.8776">
    <ele>234.28</ele>
   </trkpt>
   <trkpt lat="35.425430000000006" lon="-80.87747">
    <ele>234.17000000000002</ele>
   </trkpt>
   <trkpt lat="35.426080000000006" lon="-80.87685">
    <ele>233.87</ele>
   </trkpt>
   <trkpt lat="35.42660000008061" lon="-80.8766600012516">
    <ele>233.8</ele>
   </trkpt>
   <trkpt lat="35.42712" lon="-80.87647000000001">
    <ele>234.37</ele>
   </trkpt>
   <trkpt lat="35.427530000000004" lon="-80.87624000000001">
    <ele>233.9</ele>
   </trkpt>
   <trkpt lat="35.42826" lon="-80.87579000000001">
    <ele>234.54000000000002</ele>
   </trkpt>
   <trkpt lat="35.428250000000006" lon="-80.87579000000001">
    <ele>234.53</ele>
   </trkpt>
   <trkpt lat="35.42835" lon="-80.87574000000001">
    <ele>234.67000000000002</ele>
   </trkpt>
   <trkpt lat="35.4284" lon="-80.87585">
    <ele>235.13</ele>
   </trkpt>
   <trkpt lat="35.428520000000006" lon="-80.87604">
    <ele>236.26000000000002</ele>
   </trkpt>
   <trkpt lat="35.42859" lon="-80.87612">
    <ele>236.26000000000002</ele>
   </trkpt>
   <trkpt lat="35.42915000117247" lon="-80.87649999470318">
    <ele>236.72</ele>
   </trkpt>
   <trkpt lat="35.4297100011545" lon="-80.87687999469094">
    <ele>234.53</ele>
   </trkpt>
   <trkpt lat="35.43027" lon="-80.87726">
    <ele>231.86</ele>
   </trkpt>
   <trkpt lat="35.430790000484244" lon="-80.87762499759758">
    <ele>229.83</ele>
   </trkpt>
   <trkpt lat="35.43131" lon="-80.87799000000001">
    <ele>229.69</ele>
   </trkpt>
   <trkpt lat="35.431380000000004" lon="-80.878">
    <ele>229.93</ele>
   </trkpt>
   <trkpt lat="35.43178" lon="-80.878">
    <ele>230.32000000000002</ele>
   </trkpt>
   <trkpt lat="35.43211" lon="-80.87803000000001">
    <ele>229.35000000000002</ele>
   </trkpt>
   <trkpt lat="35.43245" lon="-80.87808000000001">
    <ele>226.86</ele>
   </trkpt>
   <trkpt lat="35.432570000000005" lon="-80.87819">
    <ele>225.51000000000002</ele>
   </trkpt>
   <trkpt lat="35.43262" lon="-80.87828">
    <ele>225.02</ele>
   </trkpt>
   <trkpt lat="35.432660000000006" lon="-80.87841">
    <ele>224.70000000000002</ele>
   </trkpt>
   <trkpt lat="35.43289" lon="-80.87939">
    <ele>224.99</ele>
   </trkpt>
   <trkpt lat="35.432900000000004" lon="-80.87948">
    <ele>225.18</ele>
   </trkpt>
   <trkpt lat="35.43289" lon="-80.87966">
    <ele>226.47000000000003</ele>
   </trkpt>
   <trkpt lat="35.432860000000005" lon="-80.87976">
    <ele>226.71</ele>
   </trkpt>
   <trkpt lat="35.432770000000005" lon="-80.87988">
    <ele>227.09</ele>
   </trkpt>
   <trkpt lat="35.432460000000006" lon="-80.88012">
    <ele>226.88000000000002</ele>
   </trkpt>
   <trkpt lat="35.432460000000006" lon="-80.88013000000001">
    <ele>226.88000000000002</ele>
   </trkpt>
   <trkpt lat="35.43191500055591" lon="-80.88054000287792">
    <ele>223.75</ele>
   </trkpt>
   <trkpt lat="35.43137" lon="-80.88095000000001">
    <ele>220.17</ele>
   </trkpt>
   <trkpt lat="35.4315" lon="-80.88121000000001">
    <ele>219.03000000000003</ele>
   </trkpt>
   <trkpt lat="35.43186" lon="-80.88194">
    <ele>216.95</ele>
   </trkpt>
   <trkpt lat="35.43231" lon="-80.88273000000001">
    <ele>214.39000000000001</ele>
   </trkpt>
   <trkpt lat="35.432680000000005" lon="-80.88259000000001">
    <ele>214.95000000000002</ele>
   </trkpt>
   <trkpt lat="35.43267" lon="-80.88259000000001">
    <ele>214.94000000000003</ele>
   </trkpt>
   <trkpt lat="35.432930000000006" lon="-80.88252">
    <ele>215.64000000000001</ele>
   </trkpt>
   <trkpt lat="35.43363" lon="-80.88248">
    <ele>217.42000000000002</ele>
   </trkpt>
   <trkpt lat="35.43427500013871" lon="-80.88248">
    <ele>215.91000000000003</ele>
   </trkpt>
   <trkpt lat="35.434920000000005" lon="-80.88248">
    <ele>217.26</ele>
   </trkpt>
   <trkpt lat="35.435480000000005" lon="-80.88265000000001">
    <ele>215.14000000000001</ele>
   </trkpt>
   <trkpt lat="35.43536" lon="-80.88312">
    <ele>212.78000000000003</ele>
   </trkpt>
   <trkpt lat="35.43531" lon="-80.88324">
    <ele>212.78000000000003</ele>
   </trkpt>
   <trkpt lat="35.435100000000006" lon="-80.88351">
    <ele>212.00000000000003</ele>
   </trkpt>
   <trkpt lat="35.43493" lon="-80.8836">
    <ele>211.71</ele>
   </trkpt>
   <trkpt lat="35.43482" lon="-80.88364">
    <ele>211.63</ele>
   </trkpt>
   <trkpt lat="35.434140000000006" lon="-80.88378">
    <ele>211.65</ele>
   </trkpt>
   <trkpt lat="35.43395" lon="-80.88391">
    <ele>212.02</ele>
   </trkpt>
   <trkpt lat="35.433870000000006" lon="-80.88399000000001">
    <ele>212.02</ele>
   </trkpt>
   <trkpt lat="35.43374" lon="-80.88418">
    <ele>212.25000000000003</ele>
   </trkpt>
   <trkpt lat="35.43366" lon="-80.88445">
    <ele>212.48000000000002</ele>
   </trkpt>
   <trkpt lat="35.433640003837695" lon="-80.88541500029257">
    <ele>211.6</ele>
   </trkpt>
   <trkpt lat="35.433620000000005" lon="-80.88638">
    <ele>211.44000000000003</ele>
   </trkpt>
   <trkpt lat="35.43365" lon="-80.88655">
    <ele>211.68</ele>
   </trkpt>
   <trkpt lat="35.43392500270221" lon="-80.88735999722648">
    <ele>213.72000000000003</ele>
   </trkpt>
   <trkpt lat="35.434200000000004" lon="-80.88817">
    <ele>214.66000000000003</ele>
   </trkpt>
   <trkpt lat="35.43439" lon="-80.88848">
    <ele>216.43</ele>
   </trkpt>
   <trkpt lat="35.434580000000004" lon="-80.88865000000001">
    <ele>216.43</ele>
   </trkpt>
   <trkpt lat="35.43482" lon="-80.88879">
    <ele>219.49</ele>
   </trkpt>
   <trkpt lat="35.435080000000006" lon="-80.88884">
    <ele>221.07000000000002</ele>
   </trkpt>
   <trkpt lat="35.43525" lon="-80.88885">
    <ele>221.75000000000003</ele>
   </trkpt>
   <trkpt lat="35.435819999960025" lon="-80.88886499989273">
    <ele>221.66000000000003</ele>
   </trkpt>
   <trkpt lat="35.43639" lon="-80.88888">
    <ele>220.69000000000003</ele>
   </trkpt>
   <trkpt lat="35.43685" lon="-80.88881">
    <ele>222.52</ele>
   </trkpt>
   <trkpt lat="35.43728" lon="-80.88878000000001">
    <ele>224.36</ele>
   </trkpt>
   <trkpt lat="35.43744" lon="-80.88878000000001">
    <ele>224.99</ele>
   </trkpt>
   <trkpt lat="35.43759" lon="-80.8888">
    <ele>225.26000000000002</ele>
   </trkpt>
   <trkpt lat="35.437830000000005" lon="-80.88896000000001">
    <ele>226.21</ele>
   </trkpt>
   <trkpt lat="35.43827" lon="-80.88803">
    <ele>225.26000000000002</ele>
   </trkpt>
   <trkpt lat="35.43826" lon="-80.88803">
    <ele>225.27</ele>
   </trkpt>
   <trkpt lat="35.43861750719134" lon="-80.8872675101563">
    <ele>223.87</ele>
   </trkpt>
   <trkpt lat="35.438975009589015" lon="-80.88650501354073">
    <ele>220.74</ele>
   </trkpt>
   <trkpt lat="35.439332507192916" lon="-80.88574251015324">
    <ele>217.91000000000003</ele>
   </trkpt>
   <trkpt lat="35.439690000000006" lon="-80.88498000000001">
    <ele>216.28000000000003</ele>
   </trkpt>
   <trkpt lat="35.43992" lon="-80.88455">
    <ele>216.20000000000002</ele>
   </trkpt>
   <trkpt lat="35.440440001626655" lon="-80.88391000421032">
    <ele>216.27</ele>
   </trkpt>
   <trkpt lat="35.440960000000004" lon="-80.88327000000001">
    <ele>215.68</ele>
   </trkpt>
   <trkpt lat="35.44106" lon="-80.88310000000001">
    <ele>215.64000000000001</ele>
   </trkpt>
   <trkpt lat="35.44136" lon="-80.88273000000001">
    <ele>216.01</ele>
   </trkpt>
   <trkpt lat="35.44153" lon="-80.88257">
    <ele>216.50000000000003</ele>
   </trkpt>
   <trkpt lat="35.44202" lon="-80.88226">
    <ele>217.84</ele>
   </trkpt>
   <trkpt lat="35.44232" lon="-80.88212">
    <ele>218.22000000000003</ele>
   </trkpt>
   <trkpt lat="35.44265" lon="-80.88203">
    <ele>219.13000000000002</ele>
   </trkpt>
   <trkpt lat="35.443130000000004" lon="-80.88198000000001">
    <ele>220.2</ele>
   </trkpt>
   <trkpt lat="35.44312" lon="-80.88198000000001">
    <ele>220.18</ele>
   </trkpt>
   <trkpt lat="35.443560000000005" lon="-80.88192000000001">
    <ele>220.89000000000001</ele>
   </trkpt>
   <trkpt lat="35.44398" lon="-80.88185">
    <ele>221.34</ele>
   </trkpt>
   <trkpt lat="35.444190000000006" lon="-80.88177">
    <ele>221.78</ele>
   </trkpt>
   <trkpt lat="35.44447" lon="-80.88159">
    <ele>222.37</ele>
   </trkpt>
   <trkpt lat="35.44464" lon="-80.88144000000001">
    <ele>223.21</ele>
   </trkpt>
   <trkpt lat="35.444900000000004" lon="-80.88113000000001">
    <ele>223.85000000000002</ele>
   </trkpt>
   <trkpt lat="35.445130000000006" lon="-80.8807">
    <ele>223.38000000000002</ele>
   </trkpt>
   <trkpt lat="35.44535000136795" lon="-80.8801200016354">
    <ele>222.89</ele>
   </trkpt>
   <trkpt lat="35.445570000000004" lon="-80.87954">
    <ele>223.11</ele>
   </trkpt>
   <trkpt lat="35.445530000000005" lon="-80.87949">
    <ele>223.11</ele>
   </trkpt>
   <trkpt lat="35.44552" lon="-80.87944">
    <ele>223.11</ele>
   </trkpt>
   <trkpt lat="35.445530000000005" lon="-80.87932">
    <ele>223.11</ele>
   </trkpt>
   <trkpt lat="35.445550000000004" lon="-80.8793">
    <ele>223.11</ele>
   </trkpt>
   <trkpt lat="35.44561" lon="-80.87926">
    <ele>223.19000000000003</ele>
   </trkpt>
   <trkpt lat="35.445690000000006" lon="-80.87924000000001">
    <ele>223.19000000000003</ele>
   </trkpt>
   <trkpt lat="35.445870000000006" lon="-80.87882">
    <ele>222.95000000000002</ele>
   </trkpt>
   <trkpt lat="35.44586" lon="-80.87882">
    <ele>222.95000000000002</ele>
   </trkpt>
   <trkpt lat="35.446180000000005" lon="-80.87806">
    <ele>223.23000000000002</ele>
   </trkpt>
   <trkpt lat="35.44577500028164" lon="-80.87780999875682">
    <ele>222.29000000000002</ele>
   </trkpt>
   <trkpt lat="35.445370000000004" lon="-80.87756">
    <ele>221.24</ele>
   </trkpt>
   <trkpt lat="35.44509" lon="-80.87738">
    <ele>220.48000000000002</ele>
   </trkpt>
   <trkpt lat="35.44525" lon="-80.87698">
    <ele>219.12</ele>
   </trkpt>
   <trkpt lat="35.445240000000005" lon="-80.87698">
    <ele>219.15</ele>
   </trkpt>
   <trkpt lat="35.445420000000006" lon="-80.87654">
    <ele>217.73</ele>
   </trkpt>
   <trkpt lat="35.445310000000006" lon="-80.87649">
    <ele>217.17000000000002</ele>
   </trkpt>
   <trkpt lat="35.44505" lon="-80.87644">
    <ele>216.04</ele>
   </trkpt>
   <trkpt lat="35.44501" lon="-80.87637000000001">
    <ele>215.69000000000003</ele>
   </trkpt>
   <trkpt lat="35.44512" lon="-80.87635">
    <ele>215.51</ele>
   </trkpt>
   <trkpt lat="35.44527" lon="-80.87637000000001">
    <ele>215.22000000000003</ele>
   </trkpt>
   <trkpt lat="35.44512" lon="-80.87635">
    <ele>215.51</ele>
   </trkpt>
   <trkpt lat="35.44501" lon="-80.87637000000001">
    <ele>215.69000000000003</ele>
   </trkpt>
   <trkpt lat="35.44512" lon="-80.87635">
    <ele>215.51</ele>
   </trkpt>
   <trkpt lat="35.445330000000006" lon="-80.87638000000001">
    <ele>215.10000000000002</ele>
   </trkpt>
   <trkpt lat="35.445660000000004" lon="-80.87648">
    <ele>214.63000000000002</ele>
   </trkpt>
   <trkpt lat="35.445910000000005" lon="-80.87658">
    <ele>214.63000000000002</ele>
   </trkpt>
   <trkpt lat="35.446180000000005" lon="-80.87675">
    <ele>214.38000000000002</ele>
   </trkpt>
   <trkpt lat="35.446360000000006" lon="-80.87692000000001">
    <ele>214.58</ele>
   </trkpt>
   <trkpt lat="35.446600000000004" lon="-80.87697">
    <ele>214.6</ele>
   </trkpt>
   <trkpt lat="35.44699" lon="-80.87703">
    <ele>214.49</ele>
   </trkpt>
   <trkpt lat="35.4472" lon="-80.87706">
    <ele>214.04</ele>
   </trkpt>
   <trkpt lat="35.447340000000004" lon="-80.87724">
    <ele>214.00000000000003</ele>
   </trkpt>
   <trkpt lat="35.44765" lon="-80.87751">
    <ele>214.15</ele>
   </trkpt>
   <trkpt lat="35.44784" lon="-80.87769">
    <ele>214.21</ele>
   </trkpt>
   <trkpt lat="35.44814" lon="-80.87809">
    <ele>215.69000000000003</ele>
   </trkpt>
   <trkpt lat="35.448170000000005" lon="-80.87809">
    <ele>215.69000000000003</ele>
   </trkpt>
   <trkpt lat="35.44821" lon="-80.87813000000001">
    <ele>215.79</ele>
   </trkpt>
   <trkpt lat="35.448370000000004" lon="-80.87814">
    <ele>215.84</ele>
   </trkpt>
   <trkpt lat="35.449090000000005" lon="-80.87836">
    <ele>215.78000000000003</ele>
   </trkpt>
   <trkpt lat="35.44934" lon="-80.87846">
    <ele>216.18</ele>
   </trkpt>
   <trkpt lat="35.4495" lon="-80.8785">
    <ele>216.21</ele>
   </trkpt>
   <trkpt lat="35.45022" lon="-80.87881">
    <ele>215.96</ele>
   </trkpt>
   <trkpt lat="35.450540000000004" lon="-80.87881">
    <ele>216.14000000000001</ele>
   </trkpt>
   <trkpt lat="35.45062" lon="-80.87881">
    <ele>216.14000000000001</ele>
   </trkpt>
   <trkpt lat="35.450770000000006" lon="-80.87876">
    <ele>216.28000000000003</ele>
   </trkpt>
   <trkpt lat="35.45111" lon="-80.87854">
    <ele>215.60000000000002</ele>
   </trkpt>
   <trkpt lat="35.45138" lon="-80.87840000000001">
    <ele>215.33</ele>
   </trkpt>
   <trkpt lat="35.45174" lon="-80.87828">
    <ele>215.57</ele>
   </trkpt>
   <trkpt lat="35.45201" lon="-80.87828">
    <ele>215.57</ele>
   </trkpt>
   <trkpt lat="35.45215" lon="-80.87827">
    <ele>215.57</ele>
   </trkpt>
   <trkpt lat="35.45262" lon="-80.87805">
    <ele>216.09</ele>
   </trkpt>
   <trkpt lat="35.4528" lon="-80.878">
    <ele>216.20000000000002</ele>
   </trkpt>
   <trkpt lat="35.45297" lon="-80.87797">
    <ele>216.15</ele>
   </trkpt>
   <trkpt lat="35.452960000000004" lon="-80.87797">
    <ele>216.16000000000003</ele>
   </trkpt>
   <trkpt lat="35.45318" lon="-80.87796">
    <ele>216.10000000000002</ele>
   </trkpt>
   <trkpt lat="35.45396" lon="-80.87809">
    <ele>217.06000000000003</ele>
   </trkpt>
   <trkpt lat="35.45461" lon="-80.87808000000001">
    <ele>216.71</ele>
   </trkpt>
   <trkpt lat="35.45492" lon="-80.87809">
    <ele>216.67000000000002</ele>
   </trkpt>
   <trkpt lat="35.45537999992263" lon="-80.87823999908694">
    <ele>216.77</ele>
   </trkpt>
   <trkpt lat="35.45584" lon="-80.87839000000001">
    <ele>217.42000000000002</ele>
   </trkpt>
   <trkpt lat="35.45595" lon="-80.87841">
    <ele>217.42000000000002</ele>
   </trkpt>
   <trkpt lat="35.456100000000006" lon="-80.87841">
    <ele>217.49</ele>
   </trkpt>
   <trkpt lat="35.45662500027672" lon="-80.87814500173573">
    <ele>217.8</ele>
   </trkpt>
   <trkpt lat="35.457150000000006" lon="-80.87788">
    <ele>217.81000000000003</ele>
   </trkpt>
   <trkpt lat="35.45729" lon="-80.87787">
    <ele>217.73</ele>
   </trkpt>
   <trkpt lat="35.45772" lon="-80.87787">
    <ele>218.02</ele>
   </trkpt>
   <trkpt lat="35.458130000000004" lon="-80.87764">
    <ele>218.12</ele>
   </trkpt>
   <trkpt lat="35.45852" lon="-80.87756">
    <ele>218.48</ele>
   </trkpt>
   <trkpt lat="35.45918" lon="-80.87733">
    <ele>219.57000000000002</ele>
   </trkpt>
   <trkpt lat="35.459450000000004" lon="-80.87725">
    <ele>220.10000000000002</ele>
   </trkpt>
   <trkpt lat="35.459680000000006" lon="-80.87728000000001">
    <ele>220.11</ele>
   </trkpt>
   <trkpt lat="35.460390000000004" lon="-80.87707">
    <ele>219.8</ele>
   </trkpt>
   <trkpt lat="35.46084500002158" lon="-80.8769550006588">
    <ele>219.65</ele>
   </trkpt>
   <trkpt lat="35.4613" lon="-80.87684">
    <ele>219.67</ele>
   </trkpt>
   <trkpt lat="35.462030000000006" lon="-80.87681">
    <ele>220.02</ele>
   </trkpt>
   <trkpt lat="35.462" lon="-80.87681">
    <ele>220.03000000000003</ele>
   </trkpt>
   <trkpt lat="35.46229" lon="-80.87679">
    <ele>220.08</ele>
   </trkpt>
   <trkpt lat="35.462650000000004" lon="-80.87696000000001">
    <ele>221.74</ele>
   </trkpt>
   <trkpt lat="35.4628" lon="-80.87697">
    <ele>223.10000000000002</ele>
   </trkpt>
   <trkpt lat="35.46293" lon="-80.87702">
    <ele>224.52</ele>
   </trkpt>
   <trkpt lat="35.462990000000005" lon="-80.87707">
    <ele>224.52</ele>
   </trkpt>
   <trkpt lat="35.46304" lon="-80.87715">
    <ele>225.85000000000002</ele>
   </trkpt>
   <trkpt lat="35.46305" lon="-80.87725">
    <ele>225.85000000000002</ele>
   </trkpt>
   <trkpt lat="35.46302" lon="-80.87756">
    <ele>229.08</ele>
   </trkpt>
   <trkpt lat="35.46307" lon="-80.87778">
    <ele>229.73000000000002</ele>
   </trkpt>
   <trkpt lat="35.463080000000005" lon="-80.87801">
    <ele>230.59</ele>
   </trkpt>
   <trkpt lat="35.462930001487955" lon="-80.87860500099836">
    <ele>231.82000000000002</ele>
   </trkpt>
   <trkpt lat="35.46278" lon="-80.87920000000001">
    <ele>232.54000000000002</ele>
   </trkpt>
   <trkpt lat="35.46263500142449" lon="-80.87978000089653">
    <ele>233.14000000000001</ele>
   </trkpt>
   <trkpt lat="35.46249" lon="-80.88036000000001">
    <ele>233.8</ele>
   </trkpt>
   <trkpt lat="35.46275" lon="-80.88049000000001">
    <ele>231.83</ele>
   </trkpt>
   <trkpt lat="35.462915001987014" lon="-80.87978500171367">
    <ele>231.55</ele>
   </trkpt>
   <trkpt lat="35.463080000000005" lon="-80.87908">
    <ele>231.42000000000002</ele>
   </trkpt>
   <trkpt lat="35.46307" lon="-80.87908">
    <ele>231.99000000000004</ele>
   </trkpt>
   <trkpt lat="35.46314" lon="-80.87885">
    <ele>231.10000000000002</ele>
   </trkpt>
   <trkpt lat="35.46322" lon="-80.87873">
    <ele>230.82000000000002</ele>
   </trkpt>
   <trkpt lat="35.463300000000004" lon="-80.87868">
    <ele>228.98000000000002</ele>
   </trkpt>
   <trkpt lat="35.46338" lon="-80.87867">
    <ele>228.98000000000002</ele>
   </trkpt>
   <trkpt lat="35.463440000000006" lon="-80.87871000000001">
    <ele>228.98000000000002</ele>
   </trkpt>
   <trkpt lat="35.4636" lon="-80.87885">
    <ele>226.5</ele>
   </trkpt>
   <trkpt lat="35.4637" lon="-80.87893000000001">
    <ele>226.5</ele>
   </trkpt>
   <trkpt lat="35.463800000000006" lon="-80.87894">
    <ele>225.0</ele>
   </trkpt>
   <trkpt lat="35.463930000000005" lon="-80.8789">
    <ele>224.3</ele>
   </trkpt>
   <trkpt lat="35.464020000000005" lon="-80.87886">
    <ele>223.65</ele>
   </trkpt>
   <trkpt lat="35.464180000000006" lon="-80.87871000000001">
    <ele>223.64000000000001</ele>
   </trkpt>
   <trkpt lat="35.464240000000004" lon="-80.87836">
    <ele>224.38000000000002</ele>
   </trkpt>
   <trkpt lat="35.46452" lon="-80.87774">
    <ele>223.17000000000002</ele>
   </trkpt>
   <trkpt lat="35.464650000000006" lon="-80.87742">
    <ele>223.39000000000001</ele>
   </trkpt>
   <trkpt lat="35.46472" lon="-80.87733">
    <ele>223.63000000000002</ele>
   </trkpt>
   <trkpt lat="35.465050000000005" lon="-80.87715">
    <ele>224.23000000000002</ele>
   </trkpt>
   <trkpt lat="35.465120000000006" lon="-80.87713000000001">
    <ele>224.42000000000002</ele>
   </trkpt>
   <trkpt lat="35.46544" lon="-80.87712">
    <ele>224.16000000000003</ele>
   </trkpt>
   <trkpt lat="35.465430000000005" lon="-80.87712">
    <ele>224.17000000000002</ele>
   </trkpt>
   <trkpt lat="35.465900000000005" lon="-80.87713000000001">
    <ele>224.20000000000002</ele>
   </trkpt>
   <trkpt lat="35.466190000000005" lon="-80.87711">
    <ele>224.63000000000002</ele>
   </trkpt>
   <trkpt lat="35.466300000000004" lon="-80.87706">
    <ele>224.42000000000002</ele>
   </trkpt>
   <trkpt lat="35.4664" lon="-80.87696000000001">
    <ele>224.01000000000002</ele>
   </trkpt>
   <trkpt lat="35.466530000000006" lon="-80.87689">
    <ele>222.8</ele>
   </trkpt>
   <trkpt lat="35.466640000000005" lon="-80.87693">
    <ele>222.42000000000002</ele>
   </trkpt>
   <trkpt lat="35.46685" lon="-80.87702">
    <ele>222.08</ele>
   </trkpt>
   <trkpt lat="35.46694" lon="-80.87714000000001">
    <ele>222.15</ele>
   </trkpt>
   <trkpt lat="35.4671" lon="-80.87742">
    <ele>222.62</ele>
   </trkpt>
   <trkpt lat="35.46717" lon="-80.87751">
    <ele>222.72000000000003</ele>
   </trkpt>
   <trkpt lat="35.46726" lon="-80.87752">
    <ele>222.68</ele>
   </trkpt>
   <trkpt lat="35.46741" lon="-80.87747">
    <ele>222.41000000000003</ele>
   </trkpt>
   <trkpt lat="35.46761" lon="-80.8772">
    <ele>222.3</ele>
   </trkpt>
   <trkpt lat="35.46766" lon="-80.87716">
    <ele>222.22000000000003</ele>
   </trkpt>
   <trkpt lat="35.46781" lon="-80.87715">
    <ele>222.22000000000003</ele>
   </trkpt>
   <trkpt lat="35.467890000000004" lon="-80.8772">
    <ele>222.15</ele>
   </trkpt>
   <trkpt lat="35.46827000050473" lon="-80.87750999862362">
    <ele>222.32000000000002</ele>
   </trkpt>
   <trkpt lat="35.468650000000004" lon="-80.87782">
    <ele>222.84</ele>
   </trkpt>
   <trkpt lat="35.46899000052727" lon="-80.87822999806639">
    <ele>223.07000000000002</ele>
   </trkpt>
   <trkpt lat="35.46933" lon="-80.87864">
    <ele>224.11</ele>
   </trkpt>
   <trkpt lat="35.46941" lon="-80.87883000000001">
    <ele>224.77</ele>
   </trkpt>
   <trkpt lat="35.469440000000006" lon="-80.87893000000001">
    <ele>225.05</ele>
   </trkpt>
   <trkpt lat="35.46925" lon="-80.87908">
    <ele>225.3</ele>
   </trkpt>
   <trkpt lat="35.469480000000004" lon="-80.8793">
    <ele>224.65</ele>
   </trkpt>
   <trkpt lat="35.46954" lon="-80.87939">
    <ele>224.56</ele>
   </trkpt>
   <trkpt lat="35.46969" lon="-80.87960000000001">
    <ele>223.97000000000003</ele>
   </trkpt>
   <trkpt lat="35.46988" lon="-80.87979">
    <ele>224.02</ele>
   </trkpt>
   <trkpt lat="35.47011500128619" lon="-80.8803249986773">
    <ele>224.13000000000002</ele>
   </trkpt>
   <trkpt lat="35.47035" lon="-80.88086000000001">
    <ele>224.44000000000003</ele>
   </trkpt>
   <trkpt lat="35.470470000000006" lon="-80.88119">
    <ele>224.96</ele>
   </trkpt>
   <trkpt lat="35.47052" lon="-80.88128">
    <ele>224.96</ele>
   </trkpt>
   <trkpt lat="35.47083" lon="-80.88136">
    <ele>225.08</ele>
   </trkpt>
   <trkpt lat="35.47093" lon="-80.88145">
    <ele>225.08</ele>
   </trkpt>
   <trkpt lat="35.47104" lon="-80.88173">
    <ele>226.11</ele>
   </trkpt>
   <trkpt lat="35.47111" lon="-80.88208">
    <ele>226.67000000000002</ele>
   </trkpt>
   <trkpt lat="35.471210000000006" lon="-80.88239">
    <ele>227.14000000000001</ele>
   </trkpt>
   <trkpt lat="35.47122" lon="-80.88275">
    <ele>227.14000000000001</ele>
   </trkpt>
   <trkpt lat="35.47115" lon="-80.8836">
    <ele>229.21</ele>
   </trkpt>
   <trkpt lat="35.47093" lon="-80.88416000000001">
    <ele>230.20000000000002</ele>
   </trkpt>
   <trkpt lat="35.47093" lon="-80.88417000000001">
    <ele>230.20000000000002</ele>
   </trkpt>
   <trkpt lat="35.47091" lon="-80.88427">
    <ele>230.20000000000002</ele>
   </trkpt>
   <trkpt lat="35.470940000000006" lon="-80.88464">
    <ele>231.03</ele>
   </trkpt>
   <trkpt lat="35.4711" lon="-80.88489000000001">
    <ele>232.04000000000002</ele>
   </trkpt>
   <trkpt lat="35.4712" lon="-80.88508">
    <ele>232.32000000000002</ele>
   </trkpt>
   <trkpt lat="35.471230000000006" lon="-80.88525000000001">
    <ele>232.20000000000002</ele>
   </trkpt>
   <trkpt lat="35.471230000000006" lon="-80.88539">
    <ele>232.09</ele>
   </trkpt>
   <trkpt lat="35.471160000000005" lon="-80.88576">
    <ele>231.4</ele>
   </trkpt>
   <trkpt lat="35.471230000000006" lon="-80.88624">
    <ele>234.48000000000002</ele>
   </trkpt>
   <trkpt lat="35.471230000000006" lon="-80.88637000000001">
    <ele>236.34</ele>
   </trkpt>
   <trkpt lat="35.471160000000005" lon="-80.88669">
    <ele>237.91</ele>
   </trkpt>
   <trkpt lat="35.471250000000005" lon="-80.88705">
    <ele>240.8</ele>
   </trkpt>
   <trkpt lat="35.471250000000005" lon="-80.88736">
    <ele>242.57</ele>
   </trkpt>
   <trkpt lat="35.471270000000004" lon="-80.88749">
    <ele>243.20000000000002</ele>
   </trkpt>
   <trkpt lat="35.471340000000005" lon="-80.88758">
    <ele>243.88</ele>
   </trkpt>
   <trkpt lat="35.47166" lon="-80.88775000000001">
    <ele>242.83</ele>
   </trkpt>
   <trkpt lat="35.4718" lon="-80.88776">
    <ele>240.71</ele>
   </trkpt>
   <trkpt lat="35.471990000000005" lon="-80.88775000000001">
    <ele>240.71</ele>
   </trkpt>
   <trkpt lat="35.472260000000006" lon="-80.88781">
    <ele>237.58</ele>
   </trkpt>
   <trkpt lat="35.47247" lon="-80.88777">
    <ele>236.49</ele>
   </trkpt>
   <trkpt lat="35.47254" lon="-80.88777">
    <ele>236.18000000000004</ele>
   </trkpt>
   <trkpt lat="35.47285" lon="-80.88798000000001">
    <ele>235.54000000000002</ele>
   </trkpt>
   <trkpt lat="35.473110000000005" lon="-80.88788000000001">
    <ele>235.5</ele>
   </trkpt>
   <trkpt lat="35.473220000000005" lon="-80.8879">
    <ele>236.14000000000001</ele>
   </trkpt>
   <trkpt lat="35.47335" lon="-80.88803">
    <ele>236.97</ele>
   </trkpt>
   <trkpt lat="35.47354" lon="-80.8883">
    <ele>239.19</ele>
   </trkpt>
   <trkpt lat="35.4737" lon="-80.88848">
    <ele>240.47</ele>
   </trkpt>
   <trkpt lat="35.47397" lon="-80.88862">
    <ele>241.50000000000003</ele>
   </trkpt>
   <trkpt lat="35.47428" lon="-80.88865000000001">
    <ele>242.63</ele>
   </trkpt>
   <trkpt lat="35.47431" lon="-80.88820000000001">
    <ele>244.50000000000003</ele>
   </trkpt>
   <trkpt lat="35.474430000000005" lon="-80.88713000000001">
    <ele>245.58</ele>
   </trkpt>
   <trkpt lat="35.47454500434052" lon="-80.8861050014003">
    <ele>246.06000000000003</ele>
   </trkpt>
   <trkpt lat="35.47466" lon="-80.88508">
    <ele>240.31000000000003</ele>
   </trkpt>
   <trkpt lat="35.47476500168538" lon="-80.8844450006942">
    <ele>238.07000000000002</ele>
   </trkpt>
   <trkpt lat="35.47487" lon="-80.88381000000001">
    <ele>237.62000000000003</ele>
   </trkpt>
   <trkpt lat="35.47489" lon="-80.88347">
    <ele>237.57000000000002</ele>
   </trkpt>
   <trkpt lat="35.47487" lon="-80.88319000000001">
    <ele>237.11</ele>
   </trkpt>
   <trkpt lat="35.474830000000004" lon="-80.88293">
    <ele>236.06</ele>
   </trkpt>
   <trkpt lat="35.47478" lon="-80.88275">
    <ele>233.35000000000002</ele>
   </trkpt>
   <trkpt lat="35.474630000000005" lon="-80.88232">
    <ele>231.81</ele>
   </trkpt>
   <trkpt lat="35.474900000000005" lon="-80.88212">
    <ele>230.17000000000002</ele>
   </trkpt>
   <trkpt lat="35.47502" lon="-80.8819">
    <ele>229.41000000000003</ele>
   </trkpt>
   <trkpt lat="35.47509" lon="-80.88162000000001">
    <ele>229.35000000000002</ele>
   </trkpt>
   <trkpt lat="35.47509" lon="-80.88163">
    <ele>229.34</ele>
   </trkpt>
   <trkpt lat="35.47509" lon="-80.88130000000001">
    <ele>230.12</ele>
   </trkpt>
   <trkpt lat="35.475860000000004" lon="-80.8811">
    <ele>230.84</ele>
   </trkpt>
   <trkpt lat="35.47645" lon="-80.88080000000001">
    <ele>231.82000000000002</ele>
   </trkpt>
   <trkpt lat="35.476580000000006" lon="-80.88069">
    <ele>232.08</ele>
   </trkpt>
   <trkpt lat="35.47739" lon="-80.88032000000001">
    <ele>235.21000000000004</ele>
   </trkpt>
   <trkpt lat="35.47805333395842" lon="-80.88005333771862">
    <ele>238.83</ele>
   </trkpt>
   <trkpt lat="35.47871666733027" lon="-80.87978667103656">
    <ele>240.86</ele>
   </trkpt>
   <trkpt lat="35.479380000000006" lon="-80.87952000000001">
    <ele>242.04000000000002</ele>
   </trkpt>
   <trkpt lat="35.47981" lon="-80.87934000000001">
    <ele>242.45000000000002</ele>
   </trkpt>
   <trkpt lat="35.479890000000005" lon="-80.87927">
    <ele>242.74</ele>
   </trkpt>
   <trkpt lat="35.47988" lon="-80.87927">
    <ele>242.72000000000003</ele>
   </trkpt>
   <trkpt lat="35.48002" lon="-80.87917">
    <ele>242.91</ele>
   </trkpt>
   <trkpt lat="35.48019" lon="-80.87894">
    <ele>244.07</ele>
   </trkpt>
   <trkpt lat="35.4806" lon="-80.87805">
    <ele>244.69000000000003</ele>
   </trkpt>
   <trkpt lat="35.48075" lon="-80.87783">
    <ele>244.01000000000002</ele>
   </trkpt>
   <trkpt lat="35.480940000000004" lon="-80.87765">
    <ele>243.61</ele>
   </trkpt>
   <trkpt lat="35.48116" lon="-80.87754000000001">
    <ele>243.36</ele>
   </trkpt>
   <trkpt lat="35.48127" lon="-80.87751">
    <ele>243.27</ele>
   </trkpt>
   <trkpt lat="35.48172" lon="-80.87754000000001">
    <ele>243.76000000000002</ele>
   </trkpt>
   <trkpt lat="35.48225" lon="-80.87761">
    <ele>245.09000000000003</ele>
   </trkpt>
   <trkpt lat="35.48302" lon="-80.87773">
    <ele>247.11</ele>
   </trkpt>
   <trkpt lat="35.483200000000004" lon="-80.87688">
    <ele>247.46</ele>
   </trkpt>
   <trkpt lat="35.48328" lon="-80.87624000000001">
    <ele>248.49</ele>
   </trkpt>
   <trkpt lat="35.48326" lon="-80.87635">
    <ele>248.14000000000001</ele>
   </trkpt>
   <trkpt lat="35.4833" lon="-80.87617">
    <ele>248.60000000000002</ele>
   </trkpt>
   <trkpt lat="35.483470000000004" lon="-80.87579000000001">
    <ele>249.56000000000003</ele>
   </trkpt>
   <trkpt lat="35.483520000000006" lon="-80.8755">
    <ele>249.59000000000003</ele>
   </trkpt>
   <trkpt lat="35.48353" lon="-80.87522000000001">
    <ele>249.85000000000002</ele>
   </trkpt>
   <trkpt lat="35.48359500147781" lon="-80.87462000055092">
    <ele>250.49000000000004</ele>
   </trkpt>
   <trkpt lat="35.48366" lon="-80.87402">
    <ele>250.72</ele>
   </trkpt>
   <trkpt lat="35.483650000000004" lon="-80.87388">
    <ele>250.70000000000002</ele>
   </trkpt>
   <trkpt lat="35.48357" lon="-80.87361000000001">
    <ele>250.65000000000003</ele>
   </trkpt>
   <trkpt lat="35.483560000000004" lon="-80.87346000000001">
    <ele>250.38000000000005</ele>
   </trkpt>
   <trkpt lat="35.483560000000004" lon="-80.87339">
    <ele>250.38000000000005</ele>
   </trkpt>
   <trkpt lat="35.48364" lon="-80.87303">
    <ele>250.10000000000005</ele>
   </trkpt>
   <trkpt lat="35.48366" lon="-80.87276">
    <ele>249.97000000000003</ele>
   </trkpt>
   <trkpt lat="35.48375" lon="-80.87253000000001">
    <ele>249.68</ele>
   </trkpt>
   <trkpt lat="35.483810001273014" lon="-80.87197500039149">
    <ele>249.32000000000002</ele>
   </trkpt>
   <trkpt lat="35.48387" lon="-80.87142">
    <ele>249.10000000000002</ele>
   </trkpt>
   <trkpt lat="35.48396500381257" lon="-80.87046000102214">
    <ele>249.29000000000002</ele>
   </trkpt>
   <trkpt lat="35.48406" lon="-80.8695">
    <ele>250.17</ele>
   </trkpt>
   <trkpt lat="35.48407" lon="-80.86883">
    <ele>251.95</ele>
   </trkpt>
   <trkpt lat="35.48402" lon="-80.8683">
    <ele>252.69000000000003</ele>
   </trkpt>
   <trkpt lat="35.48395" lon="-80.86796000000001">
    <ele>253.14000000000001</ele>
   </trkpt>
   <trkpt lat="35.48370201812" lon="-80.8669119870607">
    <ele>253.79000000000002</ele>
   </trkpt>
   <trkpt lat="35.48345402717929" lon="-80.86586398058846">
    <ele>254.07000000000002</ele>
   </trkpt>
   <trkpt lat="35.48320602717798" lon="-80.8648159805834">
    <ele>253.76999999999998</ele>
   </trkpt>
   <trkpt lat="35.482958018116236" lon="-80.8637679870457">
    <ele>253.65000000000003</ele>
   </trkpt>
   <trkpt lat="35.482710000000004" lon="-80.86272000000001">
    <ele>254.19000000000003</ele>
   </trkpt>
   <trkpt lat="35.482520002380085" lon="-80.861959998194">
    <ele>254.03000000000003</ele>
   </trkpt>
   <trkpt lat="35.482330000000005" lon="-80.86120000000001">
    <ele>253.34</ele>
   </trkpt>
   <trkpt lat="35.482020000000006" lon="-80.86023">
    <ele>251.99000000000004</ele>
   </trkpt>
   <trkpt lat="35.48167000393961" lon="-80.85925999593897">
    <ele>252.0</ele>
   </trkpt>
   <trkpt lat="35.481320000000004" lon="-80.85829000000001">
    <ele>251.54999999999998</ele>
   </trkpt>
   <trkpt lat="35.48118" lon="-80.85782">
    <ele>251.44</ele>
   </trkpt>
   <trkpt lat="35.48119500138455" lon="-80.85724000022375">
    <ele>249.79000000000002</ele>
   </trkpt>
   <trkpt lat="35.481210000000004" lon="-80.85666">
    <ele>248.57000000000002</ele>
   </trkpt>
   <trkpt lat="35.481230000000004" lon="-80.85652">
    <ele>248.57000000000002</ele>
   </trkpt>
   <trkpt lat="35.48134" lon="-80.85618000000001">
    <ele>247.96</ele>
   </trkpt>
   <trkpt lat="35.481860000000005" lon="-80.85651">
    <ele>246.57</ele>
   </trkpt>
   <trkpt lat="35.4819" lon="-80.85656">
    <ele>246.57</ele>
   </trkpt>
   <trkpt lat="35.481970000000004" lon="-80.85654000000001">
    <ele>246.33</ele>
   </trkpt>
   <trkpt lat="35.482130000000005" lon="-80.85656">
    <ele>245.69000000000003</ele>
   </trkpt>
   <trkpt lat="35.48217" lon="-80.85651">
    <ele>245.28000000000003</ele>
   </trkpt>
   <trkpt lat="35.48221" lon="-80.85640000000001">
    <ele>244.84000000000003</ele>
   </trkpt>
   <trkpt lat="35.482240000000004" lon="-80.85615">
    <ele>243.63</ele>
   </trkpt>
   <trkpt lat="35.482290000000006" lon="-80.85607">
    <ele>242.95000000000002</ele>
   </trkpt>
   <trkpt lat="35.482670000000006" lon="-80.85576">
    <ele>239.28000000000003</ele>
   </trkpt>
   <trkpt lat="35.48286" lon="-80.85569000000001">
    <ele>238.36</ele>
   </trkpt>
   <trkpt lat="35.48299" lon="-80.85566">
    <ele>237.87000000000003</ele>
   </trkpt>
   <trkpt lat="35.483070000000005" lon="-80.85557">
    <ele>237.87000000000003</ele>
   </trkpt>
   <trkpt lat="35.483230000000006" lon="-80.85521">
    <ele>236.96000000000004</ele>
   </trkpt>
   <trkpt lat="35.48335" lon="-80.85501000000001">
    <ele>235.49000000000004</ele>
   </trkpt>
   <trkpt lat="35.48348" lon="-80.85486">
    <ele>234.35000000000002</ele>
   </trkpt>
   <trkpt lat="35.48415" lon="-80.85431000000001">
    <ele>233.42000000000002</ele>
   </trkpt>
   <trkpt lat="35.484210000000004" lon="-80.85427">
    <ele>233.42000000000002</ele>
   </trkpt>
   <trkpt lat="35.484350000000006" lon="-80.85424">
    <ele>233.74000000000004</ele>
   </trkpt>
   <trkpt lat="35.48451" lon="-80.85405">
    <ele>233.97</ele>
   </trkpt>
   <trkpt lat="35.484550000000006" lon="-80.85402">
    <ele>233.91</ele>
   </trkpt>
   <trkpt lat="35.484550000000006" lon="-80.85403000000001">
    <ele>233.93000000000004</ele>
   </trkpt>
   <trkpt lat="35.484820000000006" lon="-80.85383">
    <ele>233.11</ele>
   </trkpt>
   <trkpt lat="35.48512" lon="-80.85368000000001">
    <ele>232.87</ele>
   </trkpt>
   <trkpt lat="35.48521" lon="-80.85359000000001">
    <ele>232.89000000000001</ele>
   </trkpt>
   <trkpt lat="35.485380000000006" lon="-80.8533">
    <ele>232.83</ele>
   </trkpt>
   <trkpt lat="35.48563" lon="-80.85284">
    <ele>231.96000000000004</ele>
   </trkpt>
   <trkpt lat="35.48598333889828" lon="-80.852020007169">
    <ele>229.98000000000002</ele>
   </trkpt>
   <trkpt lat="35.48633667224943" lon="-80.85120000712774">
    <ele>229.32000000000002</ele>
   </trkpt>
   <trkpt lat="35.48669" lon="-80.85038">
    <ele>225.98000000000002</ele>
   </trkpt>
   <trkpt lat="35.486560000000004" lon="-80.85068000000001">
    <ele>227.38000000000002</ele>
   </trkpt>
   <trkpt lat="35.486560000000004" lon="-80.85069">
    <ele>227.39000000000001</ele>
   </trkpt>
   <trkpt lat="35.48669" lon="-80.85038">
    <ele>225.98000000000002</ele>
   </trkpt>
   <trkpt lat="35.486700000000006" lon="-80.85029">
    <ele>225.94000000000003</ele>
   </trkpt>
   <trkpt lat="35.48668" lon="-80.85029">
    <ele>225.94000000000003</ele>
   </trkpt>
   <trkpt lat="35.486560000000004" lon="-80.84989">
    <ele>224.03</ele>
   </trkpt>
   <trkpt lat="35.486580000000004" lon="-80.8498">
    <ele>223.68</ele>
   </trkpt>
   <trkpt lat="35.486790000000006" lon="-80.84935">
    <ele>222.61</ele>
   </trkpt>
   <trkpt lat="35.48684" lon="-80.84927">
    <ele>222.61</ele>
   </trkpt>
   <trkpt lat="35.48689" lon="-80.84926">
    <ele>222.61</ele>
   </trkpt>
   <trkpt lat="35.48711" lon="-80.84931">
    <ele>222.04000000000002</ele>
   </trkpt>
   <trkpt lat="35.48715" lon="-80.84931">
    <ele>222.04000000000002</ele>
   </trkpt>
   <trkpt lat="35.4872" lon="-80.84925000000001">
    <ele>221.52</ele>
   </trkpt>
   <trkpt lat="35.48733" lon="-80.84895">
    <ele>221.66000000000003</ele>
   </trkpt>
   <trkpt lat="35.487320000000004" lon="-80.84868">
    <ele>222.64</ele>
   </trkpt>
   <trkpt lat="35.487260000000006" lon="-80.84864">
    <ele>222.34</ele>
   </trkpt>
   <trkpt lat="35.48682000098785" lon="-80.84816499746104">
    <ele>220.74</ele>
   </trkpt>
   <trkpt lat="35.486380000000004" lon="-80.84769">
    <ele>219.8</ele>
   </trkpt>
   <trkpt lat="35.48628" lon="-80.84751">
    <ele>219.8</ele>
   </trkpt>
   <trkpt lat="35.486230000000006" lon="-80.84707">
    <ele>219.57000000000002</ele>
   </trkpt>
   <trkpt lat="35.486250000000005" lon="-80.84684">
    <ele>219.57000000000002</ele>
   </trkpt>
   <trkpt lat="35.486430000000006" lon="-80.84643000000001">
    <ele>219.89000000000001</ele>
   </trkpt>
   <trkpt lat="35.48642" lon="-80.84631">
    <ele>220.05</ele>
   </trkpt>
   <trkpt lat="35.48628" lon="-80.84595">
    <ele>219.78000000000003</ele>
   </trkpt>
   <trkpt lat="35.486050000000006" lon="-80.84504000000001">
    <ele>219.09</ele>
   </trkpt>
   <trkpt lat="35.485820000000004" lon="-80.84465">
    <ele>220.12</ele>
   </trkpt>
   <trkpt lat="35.48583" lon="-80.84456">
    <ele>220.35000000000002</ele>
   </trkpt>
   <trkpt lat="35.4859" lon="-80.84438">
    <ele>221.39000000000001</ele>
   </trkpt>
   <trkpt lat="35.48593" lon="-80.84411">
    <ele>222.87</ele>
   </trkpt>
   <trkpt lat="35.48606" lon="-80.84383000000001">
    <ele>223.77</ele>
   </trkpt>
   <trkpt lat="35.48622" lon="-80.8434">
    <ele>225.23000000000002</ele>
   </trkpt>
   <trkpt lat="35.48637" lon="-80.84308">
    <ele>224.63000000000002</ele>
   </trkpt>
   <trkpt lat="35.48666" lon="-80.84261000000001">
    <ele>222.52</ele>
   </trkpt>
   <trkpt lat="35.48666" lon="-80.84262000000001">
    <ele>222.53</ele>
   </trkpt>
   <trkpt lat="35.486700000000006" lon="-80.84255">
    <ele>222.42000000000002</ele>
   </trkpt>
   <trkpt lat="35.48684" lon="-80.84240000000001">
    <ele>222.63000000000002</ele>
   </trkpt>
   <trkpt lat="35.48697" lon="-80.84228">
    <ele>222.76000000000002</ele>
   </trkpt>
   <trkpt lat="35.48704" lon="-80.84217000000001">
    <ele>223.55</ele>
   </trkpt>
   <trkpt lat="35.487010000000005" lon="-80.84209000000001">
    <ele>223.55</ele>
   </trkpt>
   <trkpt lat="35.48706" lon="-80.8416">
    <ele>224.78</ele>
   </trkpt>
   <trkpt lat="35.487140000000004" lon="-80.84134">
    <ele>225.54000000000002</ele>
   </trkpt>
   <trkpt lat="35.487280000000005" lon="-80.84112">
    <ele>226.57000000000002</ele>
   </trkpt>
   <trkpt lat="35.48777333514395" lon="-80.8406533390498">
    <ele>228.92000000000002</ele>
   </trkpt>
   <trkpt lat="35.48826666849125" lon="-80.84018667237">
    <ele>229.49</ele>
   </trkpt>
   <trkpt lat="35.488760000000006" lon="-80.83972">
    <ele>232.61</ele>
   </trkpt>
   <trkpt lat="35.489050000000006" lon="-80.83932">
    <ele>235.89000000000001</ele>
   </trkpt>
   <trkpt lat="35.489285001253805" lon="-80.83882500093563">
    <ele>237.16</ele>
   </trkpt>
   <trkpt lat="35.489520000000006" lon="-80.83833000000001">
    <ele>238.1</ele>
   </trkpt>
   <trkpt lat="35.489520000000006" lon="-80.83834">
    <ele>238.1</ele>
   </trkpt>
   <trkpt lat="35.48973" lon="-80.8379">
    <ele>239.40000000000003</ele>
   </trkpt>
   <trkpt lat="35.48978" lon="-80.83791000000001">
    <ele>239.52</ele>
   </trkpt>
   <trkpt lat="35.490080000000006" lon="-80.83728">
    <ele>240.43000000000004</ele>
   </trkpt>
   <trkpt lat="35.49065" lon="-80.83777">
    <ele>243.00000000000003</ele>
   </trkpt>
   <trkpt lat="35.491170000000004" lon="-80.83816">
    <ele>244.04</ele>
   </trkpt>
   <trkpt lat="35.49184666790818" lon="-80.83854332689333">
    <ele>243.27</ele>
   </trkpt>
   <trkpt lat="35.492523334604016" lon="-80.8389266602431">
    <ele>243.8</ele>
   </trkpt>
   <trkpt lat="35.4932" lon="-80.83931000000001">
    <ele>243.54</ele>
   </trkpt>
   <trkpt lat="35.493500000000004" lon="-80.83941">
    <ele>244.08</ele>
   </trkpt>
   <trkpt lat="35.49374" lon="-80.83946">
    <ele>245.04</ele>
   </trkpt>
   <trkpt lat="35.494495000014155" lon="-80.8394250003285">
    <ele>247.50000000000003</ele>
   </trkpt>
   <trkpt lat="35.495250000000006" lon="-80.83939000000001">
    <ele>250.06</ele>
   </trkpt>
   <trkpt lat="35.49532" lon="-80.83938">
    <ele>250.06</ele>
   </trkpt>
   <trkpt lat="35.49528" lon="-80.83927000000001">
    <ele>250.29000000000002</ele>
   </trkpt>
   <trkpt lat="35.49557000399659" lon="-80.8382900034207">
    <ele>247.74</ele>
   </trkpt>
   <trkpt lat="35.49586" lon="-80.83731">
    <ele>246.49</ele>
   </trkpt>
   <trkpt lat="35.49586" lon="-80.83733000000001">
    <ele>246.50000000000003</ele>
   </trkpt>
   <trkpt lat="35.4958" lon="-80.83754">
    <ele>246.70000000000002</ele>
   </trkpt>
   <trkpt lat="35.49560500128163" lon="-80.83695499818955">
    <ele>248.71</ele>
   </trkpt>
   <trkpt lat="35.49541" lon="-80.83637">
    <ele>251.12</ele>
   </trkpt>
   <trkpt lat="35.495160000000006" lon="-80.83587">
    <ele>252.41000000000003</ele>
   </trkpt>
   <trkpt lat="35.495020000000004" lon="-80.83567000000001">
    <ele>251.98000000000002</ele>
   </trkpt>
   <trkpt lat="35.49484" lon="-80.83539">
    <ele>251.08</ele>
   </trkpt>
   <trkpt lat="35.49438" lon="-80.83451000000001">
    <ele>248.53000000000003</ele>
   </trkpt>
   <trkpt lat="35.494640000000004" lon="-80.83407000000001">
    <ele>244.70000000000002</ele>
   </trkpt>
   <trkpt lat="35.494640000000004" lon="-80.83409">
    <ele>245.32</ele>
   </trkpt>
   <trkpt lat="35.49412" lon="-80.83330000000001">
    <ele>247.20000000000002</ele>
   </trkpt>
   <trkpt lat="35.493840000000006" lon="-80.83292">
    <ele>248.39000000000001</ele>
   </trkpt>
   <trkpt lat="35.49367" lon="-80.83276000000001">
    <ele>248.8</ele>
   </trkpt>
   <trkpt lat="35.49345" lon="-80.8327">
    <ele>248.93</ele>
   </trkpt>
   <trkpt lat="35.493370000000006" lon="-80.83265">
    <ele>249.19000000000003</ele>
   </trkpt>
   <trkpt lat="35.49299000163561" lon="-80.83200999688201">
    <ele>247.35000000000002</ele>
   </trkpt>
   <trkpt lat="35.492610000000006" lon="-80.83137">
    <ele>244.28000000000003</ele>
   </trkpt>
   <trkpt lat="35.492520000000006" lon="-80.83121000000001">
    <ele>243.24</ele>
   </trkpt>
   <trkpt lat="35.49268" lon="-80.83108">
    <ele>240.38</ele>
   </trkpt>
   <trkpt lat="35.4933650010266" lon="-80.83058500420879">
    <ele>236.09</ele>
   </trkpt>
   <trkpt lat="35.49405" lon="-80.83009000000001">
    <ele>228.88000000000002</ele>
   </trkpt>
   <trkpt lat="35.49398" lon="-80.82995000000001">
    <ele>227.94000000000003</ele>
   </trkpt>
   <trkpt lat="35.493900000000004" lon="-80.82978">
    <ele>227.07000000000002</ele>
   </trkpt>
   <trkpt lat="35.493615003780036" lon="-80.82881999652112">
    <ele>224.35000000000002</ele>
   </trkpt>
   <trkpt lat="35.49333" lon="-80.82786">
    <ele>223.47000000000003</ele>
   </trkpt>
   <trkpt lat="35.49311000192984" lon="-80.8271749981062">
    <ele>223.03</ele>
   </trkpt>
   <trkpt lat="35.49289" lon="-80.82649">
    <ele>223.71</ele>
   </trkpt>
   <trkpt lat="35.49291" lon="-80.82654000000001">
    <ele>223.35000000000002</ele>
   </trkpt>
   <trkpt lat="35.492360000000005" lon="-80.8268">
    <ele>223.65</ele>
   </trkpt>
   <trkpt lat="35.49235" lon="-80.8268">
    <ele>223.65</ele>
   </trkpt>
   <trkpt lat="35.49192" lon="-80.82701">
    <ele>224.89000000000001</ele>
   </trkpt>
   <trkpt lat="35.491780000000006" lon="-80.82698">
    <ele>225.61</ele>
   </trkpt>
  </trkseg>
 </trk>
</gpx>
